universe,asset_i,asset_j,corr_stress_pooled,corr_2007-2009 GFC,corr_2010-2012 euro-area,corr_2013-2019 late-cycle,corr_2020-2021 COVID,corr_2022-2023 inflation,corr_2024-2025 recent
panel_a_cross_asset,SPY,SHY,-0.2586498668147405,-0.46288066939752553,-0.36695505870711254,-0.3615807563581677,-0.3436019222405565,0.1403541841637893,-0.27726098825782525
panel_a_cross_asset,SPY,TLT,-0.35811514823048407,-0.4190249906602829,-0.6596497710329976,-0.43963855004896635,-0.45186881161792675,0.0987822976981294,-0.17511797521004807
panel_a_cross_asset,SPY,AGG,0.008135317993103037,-0.030723817869045267,-0.41467039922654286,-0.25899940219580875,0.1297862261869441,0.262072886978665,-0.19296687965631446
panel_a_cross_asset,SPY,HYG,0.6916471721723121,0.5999735399691362,0.8072100038641282,0.7238913814509255,0.8284949865957318,0.7804780067986723,0.7374746447768465
panel_a_cross_asset,SPY,GLD,0.046181517848725546,0.024682166637122797,0.059358252865041435,-0.16850319147187692,0.14456176637174634,0.1302780660028017,-0.04740369539565203
panel_a_cross_asset,SPY,DBC,0.4679341019530781,0.47288825753346575,0.6785249829789848,0.44320671830682395,0.6038243764444452,0.18338208479132684,0.2913697057727273
panel_a_cross_asset,SPY,USO,0.41870668985450765,0.4554104326056622,0.7159426621268855,0.4404441609081784,0.4431469330276403,0.12083888219257813,0.24328673433906206
panel_a_cross_asset,SPY,VNQ,0.7947946297541886,0.8111966655204695,0.8871978131651952,0.6567950915700903,0.8766833257036153,0.7736085100447175,0.6203632115077463
panel_a_cross_asset,SHY,TLT,0.5629767693272153,0.6144511679680877,0.5308421960477524,0.6096085560238068,0.5666571565847673,0.6350336642511022,0.6180445458880777
panel_a_cross_asset,SHY,AGG,0.5379344872407904,0.3183010463471811,0.6299448811220311,0.7349996894592734,0.45232025966795203,0.8282758029449288,0.8466495683491914
panel_a_cross_asset,SHY,HYG,-0.08463285712770278,-0.2670603548337508,-0.23562634014203884,-0.23615305835212386,-0.20730018121428914,0.43596340637992853,0.2769194586049
panel_a_cross_asset,SHY,GLD,0.22200334859858709,0.09825277958555041,0.1460361454124522,0.4512095153399911,0.11552855751766467,0.5419548030158264,0.2802043340955477
panel_a_cross_asset,SHY,DBC,-0.1399516025623439,-0.21656797553739746,-0.2714776779652964,-0.16059065493689648,-0.2946632887446548,0.04132639511511027,-0.004595114565342328
panel_a_cross_asset,SHY,USO,-0.15266766756724956,-0.19386465172248524,-0.326419634682918,-0.193015564481393,-0.2575243260167033,-0.045009243898687365,-0.09011608054968759
panel_a_cross_asset,SHY,VNQ,-0.1976218653091675,-0.369381238106105,-0.30901852858708284,-0.04802746293337182,-0.25325207028993885,0.24995987588429588,-0.06528599316358782
panel_a_cross_asset,TLT,AGG,0.6472291279468726,0.4190166851041767,0.8093070948094819,0.859997961252414,0.6404733925550431,0.9139111183984312,0.9094918977608416
panel_a_cross_asset,TLT,HYG,-0.17968759060390396,-0.25298820818044865,-0.5193993941039021,-0.38965422688621154,-0.3144344371751334,0.43769683378990804,0.20161106232151008
panel_a_cross_asset,TLT,GLD,0.16037266827822363,0.03533375088655009,0.11580424992457082,0.31944685957651764,0.2016266353194039,0.37257053419134434,0.19047790617963312
panel_a_cross_asset,TLT,DBC,-0.2597111824015478,-0.30884202430454827,-0.4334350494329645,-0.29449937438173335,-0.3248690580935558,-0.03407004281018465,-0.04946812876261414
panel_a_cross_asset,TLT,USO,-0.2680390274944943,-0.3404723039335297,-0.492723153431348,-0.3466849175683095,-0.21481615656036868,-0.1005421617773286,-0.13309767130712694
panel_a_cross_asset,TLT,VNQ,-0.25177637699950417,-0.3550955538089275,-0.5430405125890828,-0.11009654154211648,-0.38342793399547653,0.2649889165416878,0.0765703541449053
panel_a_cross_asset,AGG,HYG,0.2507074561849841,0.26030251882387007,-0.2525763656558752,-0.1277036805343225,0.2392387849567614,0.6068690639018135,0.32380660532331407
panel_a_cross_asset,AGG,GLD,0.21646266203094336,0.09834232155328249,0.17991097449488908,0.37896352569902153,0.2780055153387278,0.4834879479148678,0.26327360574357395
panel_a_cross_asset,AGG,DBC,-0.0015184880247549172,0.01171832505568659,-0.24252476980932536,-0.14938966118625222,0.10803677935662445,0.035516224104914985,0.0005583156607399556
panel_a_cross_asset,AGG,USO,-0.03333182096798704,-0.04109676043288869,-0.3153558515945413,-0.1935914087262329,0.12204599008830858,-0.04917220799357014,-0.11224567151362357
panel_a_cross_asset,AGG,VNQ,-0.03660995834707342,-0.1710478310317751,-0.30240661741870095,0.023864478150928965,0.15352744578656655,0.3928048485275843,0.03982356802740314
panel_a_cross_asset,HYG,GLD,0.02585293111151539,-0.08837727067483361,0.09060314400579207,-0.0772004994930831,0.17836886169444358,0.31909105668286436,0.08490533338828822
panel_a_cross_asset,HYG,DBC,0.39362502509637964,0.3729561862980166,0.5685411337603371,0.49214904606160886,0.5342242231717241,0.17878943687641635,0.3318759312898221
panel_a_cross_asset,HYG,USO,0.32439877193845784,0.3182615685957934,0.5766718150347442,0.5018273313960696,0.3730158544080196,0.1010097731611367,0.22163174300938215
panel_a_cross_asset,HYG,VNQ,0.5359237814730582,0.41157479971494726,0.7329358565233105,0.49714167087008976,0.8407613906395404,0.7006557689098835,0.6138874543264261
panel_a_cross_asset,GLD,DBC,0.3554338746486993,0.4150123386943315,0.41622504643638664,0.12601049658081517,0.2053894846925586,0.40013618556480485,0.20504315914185564
panel_a_cross_asset,GLD,USO,0.17970141545433546,0.30716542295079563,0.2505079931646846,-0.031328539389541964,0.002893075298115617,0.28347955290805976,-0.016390418618977363
panel_a_cross_asset,GLD,VNQ,0.032245283025069606,-0.019765047011983842,0.06738080693013335,-0.04355520284378132,0.13353101930235672,0.19943334305033245,0.14597217818204034
panel_a_cross_asset,DBC,USO,0.8412896197644066,0.8764438138787913,0.8891554483119251,0.9141521642799335,0.7905696036367462,0.9303317890948251,0.8675444422892933
panel_a_cross_asset,DBC,VNQ,0.3407997935934748,0.3203359228601023,0.6054276901502543,0.20574896751156366,0.5295567197327344,0.1504488656487549,-0.012098696331411448
panel_a_cross_asset,USO,VNQ,0.29843750999498525,0.3216607629202306,0.6448071144016732,0.20917496002371533,0.3736008977835977,0.08270570574830759,-0.08701621988749608
panel_b_international_equity,SPY,EFA,0.9090009621160807,0.9361834012398532,0.9367510312363183,0.8761563718575864,0.9203156829854492,0.8385427205625188,0.643239702177729
panel_b_international_equity,SPY,EEM,0.8541645975752598,0.909481063934973,0.920338384044233,0.7840206498203718,0.858415326686188,0.6992483377769573,0.6302581112611575
panel_b_international_equity,SPY,EWG,0.8549716254651335,0.8889629917950985,0.902676274062799,0.7760859419227424,0.8797964991718723,0.7624179657595691,0.455352653316601
panel_b_international_equity,SPY,EWU,0.8675032051917735,0.9012327565521658,0.920037740321159,0.8109032213566435,0.8882788742250778,0.7078473729027885,0.5319009413544967
panel_b_international_equity,SPY,EWJ,0.816401828160291,0.8574839453254955,0.7965316021563162,0.8151327174206487,0.8111885997489326,0.7435767474550398,0.6284698432482324
panel_b_international_equity,EFA,EEM,0.9003682500951439,0.9246400684544649,0.9293975890360998,0.8716301603089767,0.9011883726018264,0.8116352254089493,0.7946615372088328
panel_b_international_equity,EFA,EWG,0.9494242460898052,0.9530536844703363,0.95920955319767,0.9111166332133067,0.9656676197762288,0.9389215068257701,0.9028815694412343
panel_b_international_equity,EFA,EWU,0.9484306086174344,0.9483262041126546,0.96365989078652,0.9344483416645418,0.9659020718195112,0.9132734591876603,0.8639545310626197
panel_b_international_equity,EFA,EWJ,0.8892208853629913,0.9097749070862838,0.8763423919431665,0.884887809462193,0.9139882632333945,0.8517666266893922,0.8332977449952362
panel_b_international_equity,EEM,EWG,0.841048563724021,0.8858510876883092,0.8828227034324845,0.7590318188083292,0.8598048920115667,0.7459331737046498,0.680703954331524
panel_b_international_equity,EEM,EWU,0.8582629425646715,0.8859007383401019,0.9043414812275934,0.8188814707747507,0.8633193672640908,0.7157384439941405,0.6825670520216681
panel_b_international_equity,EEM,EWJ,0.801634554140222,0.8400619323449566,0.8080854040971471,0.7621342109074994,0.7991438699956289,0.6807330386195175,0.5990108923391465
panel_b_international_equity,EWG,EWU,0.8958225912909565,0.9046195577616661,0.9218339346802868,0.8260695728109658,0.9323396979559283,0.8456112177163174,0.7058141292652609
panel_b_international_equity,EWG,EWJ,0.7972887686196295,0.8333445708227277,0.8094801117025399,0.7276272486331261,0.8494792977224692,0.7137320119284719,0.6874770751327135
panel_b_international_equity,EWU,EWJ,0.7995037820237534,0.8291721435138156,0.8027710642042822,0.7594416605294965,0.8396585126986646,0.6905965922788933,0.5687164826746334
etf_assets,AGG,DBC,-0.0015184880247549172,0.01171832505568659,-0.24252476980932536,-0.14938966118625222,0.10803677935662445,0.035516224104914985,0.0005583156607399556
etf_assets,AGG,EEM,-0.03247559156105282,-0.08399668961072869,-0.35569964034889384,-0.17218231902860828,0.147976430033214,0.22933220962432005,-0.15519327364325258
etf_assets,AGG,EFA,0.039896435183645815,0.030371722321257056,-0.37465373902668553,-0.26777930783852855,0.19698209333787606,0.28988028383169345,-0.021275539054955203
etf_assets,AGG,EWG,0.02507965727694916,-0.0019212981888803598,-0.38700523652772006,-0.2705462756500869,0.2380728009092767,0.24226803794556243,-0.09870086734996819
etf_assets,AGG,EWJ,0.07153636174215075,0.0643411582967656,-0.2800152522095228,-0.25592038267250733,0.15470473146418154,0.3190275410367132,0.028783116544166716
etf_assets,AGG,EWU,0.015627423923756645,0.002529372292623454,-0.3608453008131282,-0.22866705926558067,0.1675612726421652,0.20486956226298844,0.0550516036922825
etf_assets,AGG,GLD,0.21646266203094336,0.09834232155328249,0.17991097449488908,0.37896352569902153,0.2780055153387278,0.4834879479148678,0.26327360574357395
etf_assets,AGG,HYG,0.2507074561849841,0.26030251882387007,-0.2525763656558752,-0.1277036805343225,0.2392387849567614,0.6068690639018135,0.32380660532331407
etf_assets,AGG,SHY,0.5379344872407903,0.31830104634718104,0.6299448811220311,0.7349996894592734,0.45232025966795214,0.8282758029449289,0.8466495683491914
etf_assets,AGG,SPY,0.008135317993103042,-0.03072381786904528,-0.4146703992265428,-0.2589994021958088,0.12978622618694416,0.262072886978665,-0.19296687965631446
etf_assets,AGG,TLT,0.6472291279468726,0.4190166851041767,0.8093070948094818,0.859997961252414,0.6404733925550431,0.9139111183984313,0.9094918977608416
etf_assets,AGG,USO,-0.03333182096798704,-0.04109676043288869,-0.3153558515945413,-0.1935914087262329,0.12204599008830858,-0.04917220799357014,-0.11224567151362357
etf_assets,AGG,VNQ,-0.03660995834707342,-0.1710478310317751,-0.30240661741870095,0.023864478150928965,0.15352744578656655,0.3928048485275843,0.03982356802740314
etf_assets,DBC,EEM,0.502406900054799,0.512161181298288,0.7242176073246531,0.5142893278931367,0.5904062404190226,0.21497947677352172,0.33942078979041584
etf_assets,DBC,EFA,0.5126691807365487,0.5292200453673972,0.6877821337030736,0.4988271341992149,0.6162854611905676,0.22207806128503824,0.14381884094341194
etf_assets,DBC,EWG,0.4765011960052531,0.5284923935132243,0.6496008094362385,0.402635443824052,0.615677548478059,0.11111758413003875,0.021725404835911975
etf_assets,DBC,EWJ,0.41951842870410994,0.4219951687069541,0.6101728655228204,0.4074376068700933,0.5033686613941515,0.21456410647527868,-0.03402426643386057
etf_assets,DBC,EWU,0.5293855045603778,0.5324319982607554,0.679255471422496,0.5269821809686007,0.6291852642976966,0.304124533391581,0.32277909694454976
etf_assets,DBC,GLD,0.3554338746486992,0.41501233869433146,0.4162250464363867,0.12601049658081512,0.2053894846925586,0.40013618556480496,0.20504315914185567
etf_assets,DBC,HYG,0.39362502509637964,0.3729561862980166,0.5685411337603371,0.49214904606160886,0.5342242231717241,0.17878943687641638,0.3318759312898222
etf_assets,DBC,SHY,-0.13995160256234396,-0.2165679755373974,-0.27147767796529637,-0.1605906549368965,-0.29466328874465475,0.04132639511511026,-0.004595114565342331
etf_assets,DBC,SPY,0.4679341019530781,0.4728882575334657,0.6785249829789848,0.4432067183068239,0.6038243764444451,0.18338208479132678,0.2913697057727273
etf_assets,DBC,TLT,-0.2597111824015478,-0.30884202430454827,-0.4334350494329645,-0.29449937438173335,-0.3248690580935559,-0.034070042810184636,-0.04946812876261411
etf_assets,DBC,USO,0.8412896197644066,0.8764438138787913,0.8891554483119251,0.9141521642799335,0.7905696036367462,0.9303317890948251,0.8675444422892933
etf_assets,DBC,VNQ,0.3407997935934748,0.3203359228601023,0.6054276901502543,0.20574896751156366,0.5295567197327344,0.1504488656487549,-0.012098696331411448
etf_assets,EEM,EFA,0.9003682500951439,0.9246400684544649,0.9293975890360998,0.8716301603089767,0.9011883726018264,0.8116352254089493,0.7946615372088328
etf_assets,EEM,EWG,0.841048563724021,0.8858510876883092,0.8828227034324845,0.7590318188083292,0.8598048920115667,0.7459331737046498,0.680703954331524
etf_assets,EEM,EWJ,0.801634554140222,0.8400619323449566,0.8080854040971471,0.7621342109074994,0.7991438699956289,0.6807330386195175,0.5990108923391465
etf_assets,EEM,EWU,0.8582629425646715,0.8859007383401019,0.9043414812275934,0.8188814707747507,0.8633193672640908,0.7157384439941405,0.6825670520216681
etf_assets,EEM,GLD,0.14295554777348243,0.1344741667475931,0.16181193122474033,-0.042124702999959705,0.1763736105472441,0.2763918182096666,0.29156380542716065
etf_assets,EEM,HYG,0.6147812618098591,0.5438625300993916,0.8063572178942867,0.658378752731726,0.7402107062151208,0.6258930299575162,0.5133896072923018
etf_assets,EEM,SHY,-0.2769529060349509,-0.46786843009079243,-0.3137535561286491,-0.24927417031909951,-0.28906762203077546,0.13388009949208568,-0.15278201679214556
etf_assets,EEM,SPY,0.8541645975752598,0.909481063934973,0.9203383840442327,0.7840206498203719,0.858415326686188,0.6992483377769574,0.6302581112611575
etf_assets,EEM,TLT,-0.34107675825697026,-0.4232464155963585,-0.6053908498617315,-0.4022521841008542,-0.38535865724539464,0.09650135251072749,-0.2053628555146929
etf_assets,EEM,USO,0.43314713774372277,0.49897888505632765,0.732872324310526,0.4855351677307192,0.4326766533817307,0.14466145445426173,0.09602072745538019
etf_assets,EEM,VNQ,0.7150177417652835,0.7317150751234909,0.8186200039645655,0.47096271097894715,0.7594704298320089,0.5526464568492325,0.3849878846599768
etf_assets,EFA,EWG,0.9494242460898052,0.9530536844703363,0.95920955319767,0.9111166332133067,0.9656676197762288,0.9389215068257701,0.9028815694412343
etf_assets,EFA,EWJ,0.8892208853629913,0.9097749070862838,0.8763423919431665,0.884887809462193,0.9139882632333945,0.8517666266893922,0.8332977449952362
etf_assets,EFA,EWU,0.9484306086174344,0.9483262041126546,0.96365989078652,0.9344483416645418,0.9659020718195112,0.9132734591876603,0.8639545310626197
etf_assets,EFA,GLD,0.1365578174012925,0.1420097081618502,0.1189218700101195,-0.12020005588461036,0.17261673198368785,0.26701849836083935,0.25239522252943
etf_assets,EFA,HYG,0.67373905453361,0.5879939066673124,0.7987788751425272,0.7233369464299321,0.8100094018109495,0.7398962874249834,0.5959551884862768
etf_assets,EFA,SHY,-0.23562780935594593,-0.41651470946862895,-0.32981975738768166,-0.32623692472521365,-0.30248864055024216,0.1587053058164981,-0.10500295999713546
etf_assets,EFA,SPY,0.9090009621160807,0.9361834012398532,0.9367510312363183,0.8761563718575864,0.9203156829854492,0.8385427205625188,0.6432397021777287
etf_assets,EFA,TLT,-0.3425801255044901,-0.37585162446615245,-0.6220449479997826,-0.4815385120993217,-0.40943849304326196,0.12629549713796276,-0.07250913385404816
etf_assets,EFA,USO,0.4342003803606061,0.4997976406347515,0.6956291482999809,0.4742076179959453,0.4239641093718766,0.1634055822355335,-0.08658641222509109
etf_assets,EFA,VNQ,0.7365382635554963,0.735538940667937,0.8224010109552204,0.5589546284114211,0.8484860722017692,0.6920197668291486,0.4978162840672587
etf_assets,EWG,EWJ,0.7972887686196295,0.8333445708227277,0.8094801117025399,0.7276272486331261,0.8494792977224692,0.7137320119284719,0.6874770751327135
etf_assets,EWG,EWU,0.8958225912909565,0.9046195577616661,0.9218339346802868,0.8260695728109658,0.9323396979559283,0.8456112177163174,0.7058141292652609
etf_assets,EWG,GLD,0.14815695227468648,0.17239424525650038,0.11105539548245251,-0.11874901514026547,0.2157697413177395,0.20619044440613826,0.21936080864306046
etf_assets,EWG,HYG,0.6296786064427288,0.5381446511691533,0.7691716610493526,0.6571546694741314,0.7860053431841377,0.6799839567990209,0.3860608326696135
etf_assets,EWG,SHY,-0.21245937893876166,-0.3864094953057261,-0.30142861023525763,-0.3320313193032003,-0.27847685554406043,0.12594925282272856,-0.20198392107380894
etf_assets,EWG,SPY,0.8549716254651335,0.8889629917950985,0.9026762740627993,0.7760859419227423,0.8797964991718724,0.7624179657595691,0.455352653316601
etf_assets,EWG,TLT,-0.33956060866505633,-0.3756243883734783,-0.6332908080667063,-0.46900764778010423,-0.3478766995529422,0.08761199491373604,-0.1104570729854714
etf_assets,EWG,USO,0.4000292219709136,0.4973172059336764,0.6616061131261578,0.3792478977308118,0.4096456319155872,0.07004563691196819,-0.2172560167697488
etf_assets,EWG,VNQ,0.6856559344704742,0.7093562978210595,0.7780114672474626,0.4478748910946557,0.807729897372329,0.6033721247415738,0.3798905501530985
etf_assets,EWJ,EWU,0.7995037820237534,0.8291721435138156,0.8027710642042823,0.7594416605294964,0.8396585126986646,0.6905965922788929,0.5687164826746334
etf_assets,EWJ,GLD,0.10092793664941858,0.09320749683132565,0.14873979662378156,-0.20382766650655018,0.14738050271503098,0.2609586277289225,0.11222794131620567
etf_assets,EWJ,HYG,0.5836803010568763,0.5259622395199294,0.6678905524548134,0.5895705774650813,0.6898203960453727,0.6658192168689199,0.5699295839558486
etf_assets,EWJ,SHY,-0.17654505560937797,-0.33858610690150304,-0.2032828732115529,-0.3250000141313341,-0.2865186901268885,0.20527604788204257,0.01864177464707101
etf_assets,EWJ,SPY,0.8164018281602912,0.8574839453254955,0.7965316021563162,0.8151327174206489,0.8111885997489326,0.7435767474550398,0.6284698432482324
etf_assets,EWJ,TLT,-0.2500505245526142,-0.28144902239561587,-0.4901848717350205,-0.41594707617097504,-0.3758020057771058,0.1681029983241844,-0.02724238391584052
etf_assets,EWJ,USO,0.3424656867311056,0.3979144828963637,0.6130745853500418,0.3792680673700948,0.2816841505904532,0.1664284221801666,-0.13938221988352087
etf_assets,EWJ,VNQ,0.6416665585106183,0.6548751187717828,0.6794621671256416,0.5467716649681056,0.7292876073962652,0.5982497498406841,0.4162377777716117
etf_assets,EWU,GLD,0.1361977356620056,0.1419644980852207,0.10378321029758336,-0.06711597252145772,0.1580247884866442,0.2752053674804445,0.38306928294585385
etf_assets,EWU,HYG,0.6479531461257393,0.5588050093801462,0.7972829246831649,0.7079228963448945,0.8213723275741376,0.6086540239397075,0.5324554729481319
etf_assets,EWU,SHY,-0.24042424103605356,-0.3951705877844031,-0.33652204725328483,-0.27822633104327676,-0.31568648350797324,0.0902698006520923,-0.07514774824072112
etf_assets,EWU,SPY,0.8675032051917735,0.901232756552166,0.920037740321159,0.8109032213566436,0.8882788742250777,0.7078473729027885,0.5319009413544967
etf_assets,EWU,TLT,-0.3557579362606536,-0.4013279425421399,-0.6114660440232905,-0.4392702559732346,-0.411370711531698,0.05931074596050298,0.03368996142517007
etf_assets,EWU,USO,0.4645917775810644,0.5103485021575915,0.6899769742430847,0.5227452170251363,0.4548295401203154,0.24966373760065255,0.09884609025978301
etf_assets,EWU,VNQ,0.7136147604187391,0.7068557991816394,0.8142246787793095,0.5318608808628867,0.8539962326682392,0.5949339243857816,0.4966765727728514
etf_assets,GLD,HYG,0.025852931111515386,-0.08837727067483363,0.09060314400579211,-0.07720049949308307,0.17836886169444358,0.3190910566828643,0.08490533338828826
etf_assets,GLD,SHY,0.2220033485985871,0.09825277958555043,0.14603614541245222,0.451209515339991,0.1155285575176647,0.5419548030158264,0.2802043340955477
etf_assets,GLD,SPY,0.046181517848725574,0.024682166637122836,0.0593582528650414,-0.16850319147187692,0.14456176637174634,0.13027806600280178,-0.04740369539565203
etf_assets,GLD,TLT,0.16037266827822358,0.03533375088655005,0.11580424992457082,0.31944685957651764,0.2016266353194039,0.3725705341913442,0.1904779061796331
etf_assets,GLD,USO,0.17970141545433546,0.30716542295079563,0.2505079931646846,-0.031328539389541964,0.002893075298115617,0.28347955290805976,-0.016390418618977363
etf_assets,GLD,VNQ,0.032245283025069606,-0.019765047011983842,0.06738080693013335,-0.04355520284378132,0.13353101930235672,0.19943334305033245,0.14597217818204034
etf_assets,HYG,SHY,-0.08463285712770283,-0.2670603548337508,-0.23562634014203884,-0.23615305835212386,-0.20730018121428914,0.43596340637992853,0.2769194586049
etf_assets,HYG,SPY,0.6916471721723121,0.599973539969136,0.8072100038641282,0.7238913814509255,0.8284949865957318,0.7804780067986723,0.7374746447768464
etf_assets,HYG,TLT,-0.179687590603904,-0.25298820818044876,-0.519399394103902,-0.38965422688621154,-0.3144344371751335,0.43769683378990804,0.20161106232151005
etf_assets,HYG,USO,0.32439877193845784,0.3182615685957934,0.5766718150347442,0.5018273313960696,0.3730158544080196,0.1010097731611367,0.22163174300938215
etf_assets,HYG,VNQ,0.5359237814730582,0.41157479971494726,0.7329358565233105,0.49714167087008976,0.8407613906395404,0.7006557689098835,0.6138874543264261
etf_assets,SHY,SPY,-0.2586498668147405,-0.46288066939752553,-0.36695505870711254,-0.3615807563581677,-0.3436019222405565,0.14035418416378934,-0.27726098825782525
etf_assets,SHY,TLT,0.5629767693272153,0.6144511679680877,0.5308421960477524,0.6096085560238068,0.5666571565847673,0.6350336642511022,0.6180445458880777
etf_assets,SHY,USO,-0.15266766756724956,-0.19386465172248524,-0.326419634682918,-0.193015564481393,-0.2575243260167033,-0.045009243898687365,-0.09011608054968759
etf_assets,SHY,VNQ,-0.1976218653091675,-0.369381238106105,-0.30901852858708284,-0.04802746293337182,-0.25325207028993885,0.24995987588429588,-0.06528599316358782
etf_assets,SPY,TLT,-0.35811514823048407,-0.4190249906602829,-0.6596497710329976,-0.43963855004896635,-0.45186881161792675,0.0987822976981294,-0.17511797521004807
etf_assets,SPY,USO,0.41870668985450765,0.4554104326056622,0.7159426621268855,0.4404441609081784,0.4431469330276403,0.12083888219257813,0.24328673433906206
etf_assets,SPY,VNQ,0.7947946297541886,0.8111966655204695,0.8871978131651952,0.6567950915700903,0.8766833257036153,0.7736085100447175,0.6203632115077463
etf_assets,TLT,USO,-0.2680390274944943,-0.3404723039335297,-0.492723153431348,-0.3466849175683095,-0.21481615656036868,-0.1005421617773286,-0.13309767130712694
etf_assets,TLT,VNQ,-0.25177637699950417,-0.3550955538089275,-0.5430405125890828,-0.11009654154211648,-0.38342793399547653,0.2649889165416878,0.0765703541449053
etf_assets,USO,VNQ,0.29843750999498525,0.3216607629202306,0.6448071144016732,0.20917496002371533,0.3736008977835977,0.08270570574830759,-0.08701621988749608
