universe,asset_i,asset_j,corr_stress_pooled,corr_2007-2019,corr_2020-2021,corr_2022-2023,corr_2024-2025
panel_a_cross_asset,SPY,SHY,-0.2586498668147405,-0.4306821166314306,-0.3436019222405565,0.1403541841637893,-0.27726098825782525
panel_a_cross_asset,SPY,TLT,-0.35811514823048407,-0.48219646813031325,-0.45186881161792675,0.0987822976981294,-0.17511797521004807
panel_a_cross_asset,SPY,AGG,0.008135317993103037,-0.11025149167694559,0.1297862261869441,0.262072886978665,-0.19296687965631446
panel_a_cross_asset,SPY,HYG,0.6916471721723121,0.6448315321151558,0.8284949865957318,0.7804780067986723,0.7374746447768465
panel_a_cross_asset,SPY,GLD,0.046181517848725546,0.009803986683854099,0.14456176637174634,0.1302780660028017,-0.04740369539565203
panel_a_cross_asset,SPY,DBC,0.4679341019530781,0.5119389897151135,0.6038243764444452,0.18338208479132684,0.2913697057727273
panel_a_cross_asset,SPY,USO,0.41870668985450765,0.4924288603447423,0.4431469330276403,0.12083888219257813,0.24328673433906206
panel_a_cross_asset,SPY,VNQ,0.7947946297541886,0.7946600166997154,0.8766833257036153,0.7736085100447175,0.6203632115077463
panel_a_cross_asset,SHY,TLT,0.5629767693272153,0.546693363483752,0.5666571565847673,0.6350336642511022,0.6180445458880777
panel_a_cross_asset,SHY,AGG,0.5379344872407904,0.3843195339279138,0.45232025966795203,0.8282758029449288,0.8466495683491914
panel_a_cross_asset,SHY,HYG,-0.08463285712770278,-0.25853315031094615,-0.20730018121428914,0.43596340637992853,0.2769194586049
panel_a_cross_asset,SHY,GLD,0.22200334859858709,0.14290991793955585,0.11552855751766467,0.5419548030158264,0.2802043340955477
panel_a_cross_asset,SHY,DBC,-0.1399516025623439,-0.21467910370683466,-0.2946632887446548,0.04132639511511027,-0.004595114565342328
panel_a_cross_asset,SHY,USO,-0.15266766756724956,-0.20456371246181565,-0.2575243260167033,-0.045009243898687365,-0.09011608054968759
panel_a_cross_asset,SHY,VNQ,-0.1976218653091675,-0.3385137860102377,-0.25325207028993885,0.24995987588429588,-0.06528599316358782
panel_a_cross_asset,TLT,AGG,0.6472291279468726,0.5083488257159644,0.6404733925550431,0.9139111183984312,0.9094918977608416
panel_a_cross_asset,TLT,HYG,-0.17968759060390396,-0.32142816317934647,-0.3144344371751334,0.43769683378990804,0.20161106232151008
panel_a_cross_asset,TLT,GLD,0.16037266827822363,0.09656134314015348,0.2016266353194039,0.37257053419134434,0.19047790617963312
panel_a_cross_asset,TLT,DBC,-0.2597111824015478,-0.33451233546392656,-0.3248690580935558,-0.03407004281018465,-0.04946812876261414
panel_a_cross_asset,TLT,USO,-0.2680390274944943,-0.3657321237193516,-0.21481615656036868,-0.1005421617773286,-0.13309767130712694
panel_a_cross_asset,TLT,VNQ,-0.25177637699950417,-0.34917300701428716,-0.38342793399547653,0.2649889165416878,0.0765703541449053
panel_a_cross_asset,AGG,HYG,0.2507074561849841,0.16474222050620066,0.2392387849567614,0.6068690639018135,0.32380660532331407
panel_a_cross_asset,AGG,GLD,0.21646266203094336,0.13291093766397485,0.2780055153387278,0.4834879479148678,0.26327360574357395
panel_a_cross_asset,AGG,DBC,-0.0015184880247549172,-0.04262423104774159,0.10803677935662445,0.035516224104914985,0.0005583156607399556
panel_a_cross_asset,AGG,USO,-0.03333182096798704,-0.09611844167531515,0.12204599008830858,-0.04917220799357014,-0.11224567151362357
panel_a_cross_asset,AGG,VNQ,-0.03660995834707342,-0.1771758952800068,0.15352744578656655,0.3928048485275843,0.03982356802740314
panel_a_cross_asset,HYG,GLD,0.02585293111151539,-0.04903899372781307,0.17836886169444358,0.31909105668286436,0.08490533338828822
panel_a_cross_asset,HYG,DBC,0.39362502509637964,0.41617174564646114,0.5342242231717241,0.17878943687641635,0.3318759312898221
panel_a_cross_asset,HYG,USO,0.32439877193845784,0.36972694759445796,0.3730158544080196,0.1010097731611367,0.22163174300938215
panel_a_cross_asset,HYG,VNQ,0.5359237814730582,0.4621978285185428,0.8407613906395404,0.7006557689098835,0.6138874543264261
panel_a_cross_asset,GLD,DBC,0.3554338746486993,0.3773289748272128,0.2053894846925586,0.40013618556480485,0.20504315914185564
panel_a_cross_asset,GLD,USO,0.17970141545433546,0.22709794971959518,0.002893075298115617,0.28347955290805976,-0.016390418618977363
panel_a_cross_asset,GLD,VNQ,0.032245283025069606,-0.00490983275007939,0.13353101930235672,0.19943334305033245,0.14597217818204034
panel_a_cross_asset,DBC,USO,0.8412896197644066,0.8735525983513699,0.7905696036367462,0.9303317890948251,0.8675444422892933
panel_a_cross_asset,DBC,VNQ,0.3407997935934748,0.3496136091820692,0.5295567197327344,0.1504488656487549,-0.012098696331411448
panel_a_cross_asset,USO,VNQ,0.29843750999498525,0.3339746463346582,0.3736008977835977,0.08270570574830759,-0.08701621988749608
panel_b_international_equity,SPY,EFA,0.9090009621160807,0.9263985475277646,0.9203156829854492,0.8385427205625188,0.643239702177729
panel_b_international_equity,SPY,EEM,0.8541645975752598,0.8946012687716322,0.858415326686188,0.6992483377769573,0.6302581112611575
panel_b_international_equity,SPY,EWG,0.8549716254651335,0.8733046325352941,0.8797964991718723,0.7624179657595691,0.455352653316601
panel_b_international_equity,SPY,EWU,0.8675032051917735,0.8941464633732317,0.8882788742250778,0.7078473729027885,0.5319009413544967
panel_b_international_equity,SPY,EWJ,0.816401828160291,0.8386937747614532,0.8111885997489326,0.7435767474550398,0.6284698432482324
panel_b_international_equity,EFA,EEM,0.9003682500951439,0.9143584993595086,0.9011883726018264,0.8116352254089493,0.7946615372088328
panel_b_international_equity,EFA,EWG,0.9494242460898052,0.949586116079153,0.9656676197762288,0.9389215068257701,0.9028815694412343
panel_b_international_equity,EFA,EWU,0.9484306086174344,0.9506896784457675,0.9659020718195112,0.9132734591876603,0.8639545310626197
panel_b_international_equity,EFA,EWJ,0.8892208853629913,0.8910683862059348,0.9139882632333945,0.8517666266893922,0.8332977449952362
panel_b_international_equity,EEM,EWG,0.841048563724021,0.8596587094929885,0.8598048920115667,0.7459331737046498,0.680703954331524
panel_b_international_equity,EEM,EWU,0.8582629425646715,0.8800797941259483,0.8633193672640908,0.7157384439941405,0.6825670520216681
panel_b_international_equity,EEM,EWJ,0.801634554140222,0.8224166283097654,0.7991438699956289,0.6807330386195175,0.5990108923391465
panel_b_international_equity,EWG,EWU,0.8958225912909565,0.899011363759963,0.9323396979559283,0.8456112177163174,0.7058141292652609
panel_b_international_equity,EWG,EWJ,0.7972887686196295,0.8023879490897136,0.8494792977224692,0.7137320119284719,0.6874770751327135
panel_b_international_equity,EWU,EWJ,0.7995037820237534,0.8108638722000578,0.8396585126986646,0.6905965922788933,0.5687164826746334
etf_assets,AGG,DBC,-0.0015184880247549172,-0.04262423104774159,0.10803677935662445,0.035516224104914985,0.0005583156607399556
etf_assets,AGG,EEM,-0.03247559156105282,-0.12823987311552934,0.147976430033214,0.22933220962432005,-0.15519327364325258
etf_assets,AGG,EFA,0.039896435183645815,-0.06317845846370382,0.19698209333787606,0.28988028383169345,-0.021275539054955203
etf_assets,AGG,EWG,0.02507965727694916,-0.0957842874089576,0.2380728009092767,0.24226803794556243,-0.09870086734996819
etf_assets,AGG,EWJ,0.07153636174215075,-0.015092403026380432,0.15470473146418154,0.3190275410367132,0.028783116544166716
etf_assets,AGG,EWU,0.015627423923756645,-0.07556051697719367,0.1675612726421652,0.20486956226298844,0.0550516036922825
etf_assets,AGG,GLD,0.21646266203094336,0.13291093766397485,0.2780055153387278,0.4834879479148678,0.26327360574357395
etf_assets,AGG,HYG,0.2507074561849841,0.16474222050620066,0.2392387849567614,0.6068690639018135,0.32380660532331407
etf_assets,AGG,SHY,0.5379344872407903,0.38431953392791374,0.45232025966795214,0.8282758029449289,0.8466495683491914
etf_assets,AGG,SPY,0.008135317993103042,-0.11025149167694562,0.12978622618694416,0.262072886978665,-0.19296687965631446
etf_assets,AGG,TLT,0.6472291279468726,0.5083488257159644,0.6404733925550431,0.9139111183984313,0.9094918977608416
etf_assets,AGG,USO,-0.03333182096798704,-0.09611844167531515,0.12204599008830858,-0.04917220799357014,-0.11224567151362357
etf_assets,AGG,VNQ,-0.03660995834707342,-0.1771758952800068,0.15352744578656655,0.3928048485275843,0.03982356802740314
etf_assets,DBC,EEM,0.502406900054799,0.5495794135854283,0.5904062404190226,0.21497947677352172,0.33942078979041584
etf_assets,DBC,EFA,0.5126691807365487,0.559938110606834,0.6162854611905676,0.22207806128503824,0.14381884094341194
etf_assets,DBC,EWG,0.4765011960052531,0.539588080498728,0.615677548478059,0.11111758413003875,0.021725404835911975
etf_assets,DBC,EWJ,0.41951842870410994,0.45571582910682007,0.5033686613941515,0.21456410647527868,-0.03402426643386057
etf_assets,DBC,EWU,0.5293855045603778,0.5626298178591547,0.6291852642976966,0.304124533391581,0.32277909694454976
etf_assets,DBC,GLD,0.3554338746486992,0.3773289748272127,0.2053894846925586,0.40013618556480496,0.20504315914185567
etf_assets,DBC,HYG,0.39362502509637964,0.41617174564646114,0.5342242231717241,0.17878943687641638,0.3318759312898222
etf_assets,DBC,SHY,-0.13995160256234396,-0.21467910370683466,-0.29466328874465475,0.04132639511511026,-0.004595114565342331
etf_assets,DBC,SPY,0.4679341019530781,0.5119389897151135,0.6038243764444451,0.18338208479132678,0.2913697057727273
etf_assets,DBC,TLT,-0.2597111824015478,-0.33451233546392656,-0.3248690580935559,-0.034070042810184636,-0.04946812876261411
etf_assets,DBC,USO,0.8412896197644066,0.8735525983513699,0.7905696036367462,0.9303317890948251,0.8675444422892933
etf_assets,DBC,VNQ,0.3407997935934748,0.3496136091820692,0.5295567197327344,0.1504488656487549,-0.012098696331411448
etf_assets,EEM,EFA,0.9003682500951439,0.9143584993595086,0.9011883726018264,0.8116352254089493,0.7946615372088328
etf_assets,EEM,EWG,0.841048563724021,0.8596587094929885,0.8598048920115667,0.7459331737046498,0.680703954331524
etf_assets,EEM,EWJ,0.801634554140222,0.8224166283097654,0.7991438699956289,0.6807330386195175,0.5990108923391465
etf_assets,EEM,EWU,0.8582629425646715,0.8800797941259483,0.8633193672640908,0.7157384439941405,0.6825670520216681
etf_assets,EEM,GLD,0.14295554777348243,0.12206254861142517,0.1763736105472441,0.2763918182096666,0.29156380542716065
etf_assets,EEM,HYG,0.6147812618098591,0.5967593259787733,0.7402107062151208,0.6258930299575162,0.5133896072923018
etf_assets,EEM,SHY,-0.2769529060349509,-0.42328409305245795,-0.28906762203077546,0.13388009949208568,-0.15278201679214556
etf_assets,EEM,SPY,0.8541645975752598,0.8946012687716322,0.858415326686188,0.6992483377769574,0.6302581112611575
etf_assets,EEM,TLT,-0.34107675825697026,-0.4495858752694589,-0.38535865724539464,0.09650135251072749,-0.2053628555146929
etf_assets,EEM,USO,0.43314713774372277,0.518540348988871,0.4326766533817307,0.14466145445426173,0.09602072745538019
etf_assets,EEM,VNQ,0.7150177417652835,0.7243837721622808,0.7594704298320089,0.5526464568492325,0.3849878846599768
etf_assets,EFA,EWG,0.9494242460898052,0.949586116079153,0.9656676197762288,0.9389215068257701,0.9028815694412343
etf_assets,EFA,EWJ,0.8892208853629913,0.8910683862059348,0.9139882632333945,0.8517666266893922,0.8332977449952362
etf_assets,EFA,EWU,0.9484306086174344,0.9506896784457675,0.9659020718195112,0.9132734591876603,0.8639545310626197
etf_assets,EFA,GLD,0.1365578174012925,0.11029287696117428,0.17261673198368785,0.26701849836083935,0.25239522252943
etf_assets,EFA,HYG,0.67373905453361,0.6371416993013699,0.8100094018109495,0.7398962874249834,0.5959551884862768
etf_assets,EFA,SHY,-0.23562780935594593,-0.38289542753464917,-0.30248864055024216,0.1587053058164981,-0.10500295999713546
etf_assets,EFA,SPY,0.9090009621160807,0.9263985475277646,0.9203156829854492,0.8385427205625188,0.6432397021777287
etf_assets,EFA,TLT,-0.3425801255044901,-0.46298145637479315,-0.40943849304326196,0.12629549713796276,-0.07250913385404816
etf_assets,EFA,USO,0.4342003803606061,0.5179106901583238,0.4239641093718766,0.1634055822355335,-0.08658641222509109
etf_assets,EFA,VNQ,0.7365382635554963,0.7244755785576165,0.8484860722017692,0.6920197668291486,0.4978162840672587
etf_assets,EWG,EWJ,0.7972887686196295,0.8023879490897136,0.8494792977224692,0.7137320119284719,0.6874770751327135
etf_assets,EWG,EWU,0.8958225912909565,0.899011363759963,0.9323396979559283,0.8456112177163174,0.7058141292652609
etf_assets,EWG,GLD,0.14815695227468648,0.12483715858812644,0.2157697413177395,0.20619044440613826,0.21936080864306046
etf_assets,EWG,HYG,0.6296786064427288,0.5901538331317021,0.7860053431841377,0.6799839567990209,0.3860608326696135
etf_assets,EWG,SHY,-0.21245937893876166,-0.35020957570168254,-0.27847685554406043,0.12594925282272856,-0.20198392107380894
etf_assets,EWG,SPY,0.8549716254651335,0.8733046325352941,0.8797964991718724,0.7624179657595691,0.455352653316601
etf_assets,EWG,TLT,-0.33956060866505633,-0.4772949090804496,-0.3478766995529422,0.08761199491373604,-0.1104570729854714
etf_assets,EWG,USO,0.4000292219709136,0.4956607315988339,0.4096456319155872,0.07004563691196819,-0.2172560167697488
etf_assets,EWG,VNQ,0.6856559344704742,0.6809065467228792,0.807729897372329,0.6033721247415738,0.3798905501530985
etf_assets,EWJ,EWU,0.7995037820237534,0.8108638722000578,0.8396585126986646,0.6905965922788929,0.5687164826746334
etf_assets,EWJ,GLD,0.10092793664941858,0.06722528283963611,0.14738050271503098,0.2609586277289225,0.11222794131620567
etf_assets,EWJ,HYG,0.5836803010568763,0.5515344401425019,0.6898203960453727,0.6658192168689199,0.5699295839558486
etf_assets,EWJ,SHY,-0.17654505560937797,-0.31574269187281745,-0.2865186901268885,0.20527604788204257,0.01864177464707101
etf_assets,EWJ,SPY,0.8164018281602912,0.8386937747614533,0.8111885997489326,0.7435767474550398,0.6284698432482324
etf_assets,EWJ,TLT,-0.2500505245526142,-0.3460699514631218,-0.3758020057771058,0.1681029983241844,-0.02724238391584052
etf_assets,EWJ,USO,0.3424656867311056,0.4247233466330717,0.2816841505904532,0.1664284221801666,-0.13938221988352087
etf_assets,EWJ,VNQ,0.6416665585106183,0.6367015484387942,0.7292876073962652,0.5982497498406841,0.4162377777716117
etf_assets,EWU,GLD,0.1361977356620056,0.11120834934544689,0.1580247884866442,0.2752053674804445,0.38306928294585385
etf_assets,EWU,HYG,0.6479531461257393,0.6148286715837703,0.8213723275741376,0.6086540239397075,0.5324554729481319
etf_assets,EWU,SHY,-0.24042424103605356,-0.36721142211358776,-0.31568648350797324,0.0902698006520923,-0.07514774824072112
etf_assets,EWU,SPY,0.8675032051917735,0.8941464633732318,0.8882788742250777,0.7078473729027885,0.5319009413544967
etf_assets,EWU,TLT,-0.3557579362606536,-0.4629005126642129,-0.411370711531698,0.05931074596050298,0.03368996142517007
etf_assets,EWU,USO,0.4645917775810644,0.5309658045515608,0.4548295401203154,0.24966373760065255,0.09884609025978301
etf_assets,EWU,VNQ,0.7136147604187391,0.7022521442485748,0.8539962326682392,0.5949339243857816,0.4966765727728514
etf_assets,GLD,HYG,0.025852931111515386,-0.04903899372781307,0.17836886169444358,0.3190910566828643,0.08490533338828826
etf_assets,GLD,SHY,0.2220033485985871,0.1429099179395559,0.1155285575176647,0.5419548030158264,0.2802043340955477
etf_assets,GLD,SPY,0.046181517848725574,0.00980398668385412,0.14456176637174634,0.13027806600280178,-0.04740369539565203
etf_assets,GLD,TLT,0.16037266827822358,0.09656134314015348,0.2016266353194039,0.3725705341913442,0.1904779061796331
etf_assets,GLD,USO,0.17970141545433546,0.22709794971959518,0.002893075298115617,0.28347955290805976,-0.016390418618977363
etf_assets,GLD,VNQ,0.032245283025069606,-0.00490983275007939,0.13353101930235672,0.19943334305033245,0.14597217818204034
etf_assets,HYG,SHY,-0.08463285712770283,-0.2585331503109462,-0.20730018121428914,0.43596340637992853,0.2769194586049
etf_assets,HYG,SPY,0.6916471721723121,0.6448315321151558,0.8284949865957318,0.7804780067986723,0.7374746447768464
etf_assets,HYG,TLT,-0.179687590603904,-0.32142816317934647,-0.3144344371751335,0.43769683378990804,0.20161106232151005
etf_assets,HYG,USO,0.32439877193845784,0.36972694759445796,0.3730158544080196,0.1010097731611367,0.22163174300938215
etf_assets,HYG,VNQ,0.5359237814730582,0.4621978285185428,0.8407613906395404,0.7006557689098835,0.6138874543264261
etf_assets,SHY,SPY,-0.2586498668147405,-0.4306821166314306,-0.3436019222405565,0.14035418416378934,-0.27726098825782525
etf_assets,SHY,TLT,0.5629767693272153,0.546693363483752,0.5666571565847673,0.6350336642511022,0.6180445458880777
etf_assets,SHY,USO,-0.15266766756724956,-0.20456371246181565,-0.2575243260167033,-0.045009243898687365,-0.09011608054968759
etf_assets,SHY,VNQ,-0.1976218653091675,-0.3385137860102377,-0.25325207028993885,0.24995987588429588,-0.06528599316358782
etf_assets,SPY,TLT,-0.35811514823048407,-0.48219646813031325,-0.45186881161792675,0.0987822976981294,-0.17511797521004807
etf_assets,SPY,USO,0.41870668985450765,0.4924288603447423,0.4431469330276403,0.12083888219257813,0.24328673433906206
etf_assets,SPY,VNQ,0.7947946297541886,0.7946600166997154,0.8766833257036153,0.7736085100447175,0.6203632115077463
etf_assets,TLT,USO,-0.2680390274944943,-0.3657321237193516,-0.21481615656036868,-0.1005421617773286,-0.13309767130712694
etf_assets,TLT,VNQ,-0.25177637699950417,-0.34917300701428716,-0.38342793399547653,0.2649889165416878,0.0765703541449053
etf_assets,USO,VNQ,0.29843750999498525,0.3339746463346582,0.3736008977835977,0.08270570574830759,-0.08701621988749608
