universe,label,label_name,n_assets,n_pairs,n_calm_days,n_stress_days,stress_share,avg_delta_corr,avg_ci_low,avg_ci_high,avg_p_boot_two_sided,valid_rise_pairs,valid_fall_pairs,share_valid_rise_pairs,share_valid_fall_pairs
panel_a_full,markov_p050,Markov P>=0.50,9,36,2443,2268,0.4814264487369985,-0.024614281592063702,-0.06693781610782344,0.01823442434328738,0.2708645677161419,6,8,0.16666666666666666,0.2222222222222222
panel_a_full,markov_p0975,Markov P>=0.975,9,36,3764,947,0.20101889195499895,-0.025763647678831974,-0.07414420570871262,0.025340876930699134,0.31584207896051975,6,4,0.16666666666666666,0.1111111111111111
panel_a_full,raw_vix_drawdown,VIX+drawdown raw,9,36,3928,783,0.16620675015920186,-0.06092598505868417,-0.11411307977756507,-0.008094253258000469,0.0239880059970015,5,12,0.1388888888888889,0.3333333333333333
panel_a_full,vix_only_q0975,VIX-only q97.5,9,36,4491,220,0.04669921460411802,-0.04788308788368297,-0.11553654284020456,0.03173678741917532,0.2108945527236382,5,10,0.1388888888888889,0.2777777777777778
panel_a_representative,markov_p050,Markov P>=0.50,4,6,2738,2268,0.45305633240111864,0.08866434553608578,0.01569315270244749,0.1495119527565577,0.01999000499750125,3,1,0.5,0.16666666666666666
panel_a_representative,markov_p0975,Markov P>=0.975,4,6,4059,947,0.18917299240910906,0.11007480489398601,0.02827158032458319,0.1728544088716897,0.0069965017491254375,3,0,0.5,0.0
panel_a_representative,raw_vix_drawdown,VIX+drawdown raw,4,6,4198,808,0.1614063124250899,0.09256900470661877,-0.013040058458331059,0.1639564301491079,0.07896051974012994,3,1,0.5,0.16666666666666666
panel_a_representative,vix_only_q0975,VIX-only q97.5,4,6,4765,241,0.04814222932481023,0.12437427582173531,-0.022756768865871826,0.21458867593072387,0.08295852073963018,1,0,0.16666666666666666,0.0
panel_b_international_equity,markov_p050,Markov P>=0.50,6,15,3436,2279,0.39877515310586176,0.13340788579803758,0.09483391115154269,0.16364255601093175,0.0009995002498750624,15,0,1.0,0.0
panel_b_international_equity,markov_p0975,Markov P>=0.975,6,15,4768,947,0.16570428696412948,0.13143000504850175,0.09299582690767821,0.1585585747773385,0.0009995002498750624,15,0,1.0,0.0
panel_b_international_equity,raw_vix_drawdown,VIX+drawdown raw,6,15,4889,826,0.14453193350831145,0.13799564010596305,0.09772429704815666,0.1650190998214434,0.0009995002498750624,15,0,1.0,0.0
panel_b_international_equity,vix_only_q0975,VIX-only q97.5,6,15,5473,242,0.04234470691163605,0.11272750406177048,0.05071990787964819,0.15353645094339236,0.0069965017491254375,15,0,1.0,0.0
