universe,label,label_name,asset_i,asset_j,pair,delta_corr,ci_low,ci_high,p_boot_two_sided,valid_rise,valid_fall,q_boot_bh,fdr_significant_5pct
panel_a_full,markov_p050,Markov P>=0.50,DBC,VNQ,DBC-VNQ,0.2327424628404825,0.12063972634466588,0.33070411938943584,0.0009995002498750624,True,False,0.005140286999357464,True
panel_a_full,markov_p050,Markov P>=0.50,USO,VNQ,USO-VNQ,0.23134118850066143,0.10656597283403721,0.3357378706176376,0.0009995002498750624,True,False,0.005140286999357464,True
panel_a_full,markov_p050,Markov P>=0.50,SPY,VNQ,SPY-VNQ,0.20982805487967515,0.14956396777834383,0.2720826594774897,0.0009995002498750624,True,False,0.005140286999357464,True
panel_a_full,markov_p050,Markov P>=0.50,SPY,DBC,SPY-DBC,0.17402642894065112,0.06868140437574001,0.2707377343450352,0.001999000499750125,True,False,0.008995502248875561,True
panel_a_full,markov_p050,Markov P>=0.50,SPY,USO,SPY-USO,0.17202075825100566,0.05672053734555421,0.279666252253518,0.005997001499250375,True,False,0.0239880059970015,True
panel_a_full,markov_p050,Markov P>=0.50,AGG,DBC,AGG-DBC,0.09859189834693463,-0.008396835389920589,0.19014586322906166,0.08095952023988005,False,False,0.18215892053973012,False
panel_a_full,markov_p050,Markov P>=0.50,AGG,USO,AGG-USO,0.09831931707683057,-0.012615549509562455,0.1988836513668527,0.10094952523738131,False,False,0.20189905047476261,False
panel_a_full,markov_p050,Markov P>=0.50,HYG,DBC,HYG-DBC,0.09639430518895509,0.0028816990133985173,0.18355407172553984,0.04697651174412794,True,False,0.12079674448490041,False
panel_a_full,markov_p050,Markov P>=0.50,SPY,AGG,SPY-AGG,0.07756439685869772,-0.0681664347082689,0.19998305720784823,0.3278360819590205,False,False,0.5131347369793364,False
panel_a_full,markov_p050,Markov P>=0.50,AGG,HYG,AGG-HYG,0.06569075674646219,-0.11830691728011457,0.21722984013106303,0.5647176411794103,False,False,0.6353073463268365,False
panel_a_full,markov_p050,Markov P>=0.50,HYG,USO,HYG-USO,0.05407293208298991,-0.053285745930253675,0.1649309803706605,0.3188405797101449,False,False,0.5131347369793364,False
panel_a_full,markov_p050,Markov P>=0.50,HYG,VNQ,HYG-VNQ,0.04169224417436368,-0.07208929589185263,0.17380219156380777,0.46276861569215394,False,False,0.5853073463268366,False
panel_a_full,markov_p050,Markov P>=0.50,SPY,HYG,SPY-HYG,0.02622340054362937,-0.05988255963756292,0.10402597613687667,0.5157421289355323,False,False,0.598926343279973,False
panel_a_full,markov_p050,Markov P>=0.50,GLD,DBC,GLD-DBC,0.014088413969513713,-0.06647134653105753,0.09629538825999122,0.7266366816591704,False,False,0.792694561810004,False
panel_a_full,markov_p050,Markov P>=0.50,GLD,USO,GLD-USO,-0.002847593634654838,-0.08997892419465157,0.0929896160625729,0.960519740129935,False,False,0.9605197401299351,False
panel_a_full,markov_p050,Markov P>=0.50,SHY,GLD,SHY-GLD,-0.011145101128286317,-0.11895309923692755,0.08690938979906929,0.8235882058970515,False,False,0.8481473548939816,False
panel_a_full,markov_p050,Markov P>=0.50,SPY,GLD,SPY-GLD,-0.014493074896939032,-0.14004000701487768,0.11783654873719424,0.8245877061469266,False,False,0.8481473548939816,False
panel_a_full,markov_p050,Markov P>=0.50,SHY,TLT,SHY-TLT,-0.019493518634490115,-0.07436348269596299,0.03546456405357941,0.4877561219390305,False,False,0.5853073463268366,False
panel_a_full,markov_p050,Markov P>=0.50,DBC,USO,DBC-USO,-0.029140224480374566,-0.0843431425064382,0.025623568618934358,0.42478760619690153,False,False,0.5853073463268366,False
panel_a_full,markov_p050,Markov P>=0.50,SHY,USO,SHY-USO,-0.032229275113034736,-0.11667177887425087,0.04980961130476622,0.48075962018990503,False,False,0.5853073463268366,False
panel_a_full,markov_p050,Markov P>=0.50,AGG,GLD,AGG-GLD,-0.03239914151948489,-0.12375620786947505,0.058688388529542126,0.48075962018990503,False,False,0.5853073463268366,False
panel_a_full,markov_p050,Markov P>=0.50,TLT,GLD,TLT-GLD,-0.032414606162430665,-0.12332317483804416,0.06307795001686814,0.47976011994003,False,False,0.5853073463268366,False
panel_a_full,markov_p050,Markov P>=0.50,SHY,DBC,SHY-DBC,-0.03402912128562413,-0.12510127935009238,0.050850265265819455,0.4867566216891554,False,False,0.5853073463268366,False
panel_a_full,markov_p050,Markov P>=0.50,SPY,SHY,SPY-SHY,-0.07174289529202124,-0.1854673382059957,0.04596836085994671,0.24087956021989004,False,False,0.4129363889483829,False
panel_a_full,markov_p050,Markov P>=0.50,TLT,USO,TLT-USO,-0.08033402456730154,-0.1677745571428336,0.0070751140929470515,0.07196401799100449,False,False,0.1727136431784108,False
panel_a_full,markov_p050,Markov P>=0.50,TLT,DBC,TLT-DBC,-0.08757479757961023,-0.16534945325552655,-0.010527988061997473,0.02798600699650175,False,True,0.07749971168262024,False
panel_a_full,markov_p050,Markov P>=0.50,HYG,GLD,HYG-GLD,-0.0883677168672433,-0.21564163824538682,0.039079560706335496,0.191904047976012,False,False,0.3454272863568216,False
panel_a_full,markov_p050,Markov P>=0.50,GLD,VNQ,GLD-VNQ,-0.10757466606704205,-0.23620343186606493,0.01668244152601949,0.08895552223888056,False,False,0.1883764000352765,False
panel_a_full,markov_p050,Markov P>=0.50,SHY,HYG,SHY-HYG,-0.12044532874476678,-0.257585994400933,0.0344285960452309,0.12293853073463268,False,False,0.23293616349719876,False
panel_a_full,markov_p050,Markov P>=0.50,SPY,TLT,SPY-TLT,-0.13735341504530593,-0.2517987544448254,-0.019489531526195616,0.020989505247376312,False,True,0.06296851574212893,False
panel_a_full,markov_p050,Markov P>=0.50,TLT,HYG,TLT-HYG,-0.1762532067556485,-0.30089355501444437,-0.045408776427268364,0.010994502748625687,False,True,0.03598200899550225,True
panel_a_full,markov_p050,Markov P>=0.50,SHY,AGG,SHY-AGG,-0.21426681384510826,-0.3585569307424507,-0.048634338854574063,0.0069965017491254375,False,True,0.025187406296851577,True
panel_a_full,markov_p050,Markov P>=0.50,TLT,AGG,TLT-AGG,-0.22981728096374743,-0.348146592107265,-0.09088680762986237,0.0009995002498750624,False,True,0.005140286999357464,True
panel_a_full,markov_p050,Markov P>=0.50,AGG,VNQ,AGG-VNQ,-0.2768971946771861,-0.39204666668263843,-0.1532183554488668,0.0009995002498750624,False,True,0.005140286999357464,True
panel_a_full,markov_p050,Markov P>=0.50,SHY,VNQ,SHY-VNQ,-0.30550755603681023,-0.43261291720167105,-0.17475556960314761,0.0009995002498750624,False,True,0.005140286999357464,True
panel_a_full,markov_p050,Markov P>=0.50,TLT,VNQ,TLT-VNQ,-0.374384142418035,-0.4745984436266692,-0.2690219842039587,0.0009995002498750624,False,True,0.005140286999357464,True
panel_a_full,markov_p0975,Markov P>=0.975,AGG,HYG,AGG-HYG,0.18132689077221212,-0.02269820927797202,0.33707999522029086,0.07596201899050475,False,False,0.2103563602813978,False
panel_a_full,markov_p0975,Markov P>=0.975,SPY,AGG,SPY-AGG,0.17665754336300116,0.01312632363914774,0.28397387363862364,0.038980509745127435,True,False,0.17191404297851073,False
panel_a_full,markov_p0975,Markov P>=0.975,AGG,DBC,AGG-DBC,0.1605923666380531,0.02814912898514217,0.26032236686463633,0.01999000499750125,True,False,0.143928035982009,False
panel_a_full,markov_p0975,Markov P>=0.975,USO,VNQ,USO-VNQ,0.15133876873102078,0.012023888926158811,0.2806679375118087,0.031984007996002,True,False,0.16448918397943885,False
panel_a_full,markov_p0975,Markov P>=0.975,DBC,VNQ,DBC-VNQ,0.1512277763479814,0.019022035204651695,0.26257255626575876,0.028985507246376812,True,False,0.16448918397943885,False
panel_a_full,markov_p0975,Markov P>=0.975,AGG,USO,AGG-USO,0.14618302040672956,0.005320726508604891,0.2578218096189534,0.04297851074462768,True,False,0.17191404297851073,False
panel_a_full,markov_p0975,Markov P>=0.975,SPY,VNQ,SPY-VNQ,0.13692368521179166,0.07970161921107917,0.19139630386132678,0.0009995002498750624,True,False,0.01199400299850075,True
panel_a_full,markov_p0975,Markov P>=0.975,SPY,DBC,SPY-DBC,0.11286118443021209,-0.015187699641381832,0.22367884663795637,0.08195902048975512,False,False,0.21075176697365602,False
panel_a_full,markov_p0975,Markov P>=0.975,SPY,USO,SPY-USO,0.09539227316639742,-0.04447206079904808,0.22092623471593678,0.1729135432283858,False,False,0.3661698562483464,False
panel_a_full,markov_p0975,Markov P>=0.975,HYG,DBC,HYG-DBC,0.05587184018928143,-0.06493188460737043,0.16732326457152305,0.367816091954023,False,False,0.508888412936389,False
panel_a_full,markov_p0975,Markov P>=0.975,SPY,HYG,SPY-HYG,0.035904344143962486,-0.06066583892088001,0.12222968400005955,0.45377311344327836,False,False,0.5633045546192421,False
panel_a_full,markov_p0975,Markov P>=0.975,HYG,VNQ,HYG-VNQ,0.016449808726500703,-0.126463622088834,0.18102403420986635,0.8195902048975512,False,False,0.8940984053427831,False
panel_a_full,markov_p0975,Markov P>=0.975,TLT,GLD,TLT-GLD,0.00863375133577296,-0.09854359934489203,0.11976534883178709,0.8725637181409296,False,False,0.9238909956786313,False
panel_a_full,markov_p0975,Markov P>=0.975,SHY,TLT,SHY-TLT,-0.002469135486735663,-0.07049448630101042,0.05915789934428737,0.9805097451274363,False,False,0.9805097451274363,False
panel_a_full,markov_p0975,Markov P>=0.975,HYG,USO,HYG-USO,-0.006971795468738384,-0.1417029337191154,0.13707853677521262,0.9795102448775612,False,False,0.9805097451274363,False
panel_a_full,markov_p0975,Markov P>=0.975,AGG,GLD,AGG-GLD,-0.027133718731777695,-0.13816124712675512,0.07534460391971223,0.6306846576711644,False,False,0.7324079895536103,False
panel_a_full,markov_p0975,Markov P>=0.975,SPY,SHY,SPY-SHY,-0.030704065000937253,-0.17374300538661608,0.12465912851292779,0.6946526736631684,False,False,0.7814842578710645,False
panel_a_full,markov_p0975,Markov P>=0.975,SHY,GLD,SHY-GLD,-0.03953397069256012,-0.16260332230785204,0.07739068922001127,0.5477261369315343,False,False,0.6572713643178412,False
panel_a_full,markov_p0975,Markov P>=0.975,DBC,USO,DBC-USO,-0.046333471055752695,-0.11709325614627406,0.029852349874611547,0.35782108945527236,False,False,0.508888412936389,False
panel_a_full,markov_p0975,Markov P>=0.975,GLD,USO,GLD-USO,-0.05229054613994985,-0.15757873307715078,0.0718482816992395,0.39580209895052476,False,False,0.508888412936389,False
panel_a_full,markov_p0975,Markov P>=0.975,SHY,USO,SHY-USO,-0.05438609947188529,-0.16841985324739184,0.059429757042103015,0.3828085957021489,False,False,0.508888412936389,False
panel_a_full,markov_p0975,Markov P>=0.975,GLD,DBC,GLD-DBC,-0.05789143542615499,-0.153770855233956,0.03932715017709633,0.239880059970015,False,False,0.4056153741311163,False
panel_a_full,markov_p0975,Markov P>=0.975,SPY,GLD,SPY-GLD,-0.0673168267364781,-0.2266241575128091,0.08646287929482725,0.3938030984507746,False,False,0.508888412936389,False
panel_a_full,markov_p0975,Markov P>=0.975,TLT,USO,TLT-USO,-0.06801715410090664,-0.1836424532101503,0.037818732830049995,0.23088455772113944,False,False,0.4056153741311163,False
panel_a_full,markov_p0975,Markov P>=0.975,SHY,DBC,SHY-DBC,-0.08177328175369668,-0.20734728594138535,0.049637501426065676,0.2478760619690155,False,False,0.4056153741311163,False
panel_a_full,markov_p0975,Markov P>=0.975,TLT,DBC,TLT-DBC,-0.0857568157073973,-0.1784215445865063,0.016669009574788528,0.095952023988006,False,False,0.23028485757121436,False
panel_a_full,markov_p0975,Markov P>=0.975,AGG,VNQ,AGG-VNQ,-0.09198765697129473,-0.22738694460288114,0.05396299662830258,0.20089955022488756,False,False,0.3863331492148663,False
panel_a_full,markov_p0975,Markov P>=0.975,GLD,VNQ,GLD-VNQ,-0.10826235219107207,-0.28840192808603754,0.056631488362165396,0.20389805097451275,False,False,0.3863331492148663,False
panel_a_full,markov_p0975,Markov P>=0.975,SHY,HYG,SHY-HYG,-0.11356495248967204,-0.2858525692593398,0.08020978284857368,0.28385807096451776,False,False,0.4442995893357669,False
panel_a_full,markov_p0975,Markov P>=0.975,SPY,TLT,SPY-TLT,-0.12273219300196875,-0.22510180703473395,0.004608589982432817,0.057971014492753624,False,False,0.17391304347826086,False
panel_a_full,markov_p0975,Markov P>=0.975,HYG,GLD,HYG-GLD,-0.12280793975902948,-0.2856092856086254,0.02535413790346291,0.1199400299850075,False,False,0.2698650674662669,False
panel_a_full,markov_p0975,Markov P>=0.975,TLT,HYG,TLT-HYG,-0.14834068442605092,-0.27354787774017675,-0.004374355489344139,0.047976011994003,False,True,0.1727136431784108,False
panel_a_full,markov_p0975,Markov P>=0.975,SHY,VNQ,SHY-VNQ,-0.14926774594759423,-0.28604932020739027,0.0025293136362592485,0.053973013493253376,False,False,0.17391304347826086,False
panel_a_full,markov_p0975,Markov P>=0.975,TLT,VNQ,TLT-VNQ,-0.25863912315304194,-0.36056242688116036,-0.1358916067259233,0.0009995002498750624,False,True,0.01199400299850075,True
panel_a_full,markov_p0975,Markov P>=0.975,SHY,AGG,SHY-AGG,-0.30884385530598707,-0.49348435520063516,-0.06866520223158358,0.005997001499250375,False,True,0.05397301349325337,False
panel_a_full,markov_p0975,Markov P>=0.975,TLT,AGG,TLT-AGG,-0.311829750882186,-0.4638848776511355,-0.1365041941515084,0.0009995002498750624,False,True,0.01199400299850075,True
panel_a_full,raw_vix_drawdown,VIX+drawdown raw,DBC,VNQ,DBC-VNQ,0.19549600366523562,0.06315314014670809,0.3172179851539493,0.0069965017491254375,True,False,0.025187406296851577,True
panel_a_full,raw_vix_drawdown,VIX+drawdown raw,USO,VNQ,USO-VNQ,0.1950868604084234,0.04924308035124525,0.33980766357984693,0.010994502748625687,True,False,0.03298350824587706,True
panel_a_full,raw_vix_drawdown,VIX+drawdown raw,SPY,DBC,SPY-DBC,0.1632568697973849,0.02946581553044437,0.2739049105117101,0.025987006496751622,True,False,0.07196401799100449,False
panel_a_full,raw_vix_drawdown,VIX+drawdown raw,SPY,USO,SPY-USO,0.14788604002138311,0.007519479706983092,0.27915336210328573,0.04297851074462768,True,False,0.09670164917541228,False
panel_a_full,raw_vix_drawdown,VIX+drawdown raw,AGG,USO,AGG-USO,0.1426953167005266,-0.010061226645385921,0.2631489724556707,0.07096451774112944,False,False,0.13445908624635053,False
panel_a_full,raw_vix_drawdown,VIX+drawdown raw,AGG,DBC,AGG-DBC,0.14042801409546843,-0.023517757514822296,0.24703631934334122,0.09695152423788106,False,False,0.17451274362818592,False
panel_a_full,raw_vix_drawdown,VIX+drawdown raw,SPY,VNQ,SPY-VNQ,0.13355352391944852,0.07391193301906719,0.19627561757324613,0.0009995002498750624,True,False,0.005140286999357464,True
panel_a_full,raw_vix_drawdown,VIX+drawdown raw,HYG,DBC,HYG-DBC,0.09236131097951439,-0.03327562105293976,0.20715444991425583,0.1629185407296352,False,False,0.2608695652173913,False
panel_a_full,raw_vix_drawdown,VIX+drawdown raw,AGG,HYG,AGG-HYG,0.09079384128429202,-0.17137289424749555,0.2652867936407087,0.5747126436781609,False,False,0.6814774430966335,False
panel_a_full,raw_vix_drawdown,VIX+drawdown raw,SPY,AGG,SPY-AGG,0.07098095771995466,-0.14562006364367172,0.19869830350262235,0.48075962018990503,False,False,0.618119511672735,False
panel_a_full,raw_vix_drawdown,VIX+drawdown raw,HYG,USO,HYG-USO,0.03891421998942157,-0.10471338128320923,0.18799579995621893,0.544727636181909,False,False,0.6762136173292663,False
panel_a_full,raw_vix_drawdown,VIX+drawdown raw,SPY,HYG,SPY-HYG,0.01890771900387256,-0.07714615402886141,0.11323761810075057,0.6606696651674163,False,False,0.6995325866478526,False
panel_a_full,raw_vix_drawdown,VIX+drawdown raw,GLD,DBC,GLD-DBC,-0.012845460837408007,-0.11314118858097494,0.08159091992215073,0.7886056971514243,False,False,0.8111372884986078,False
panel_a_full,raw_vix_drawdown,VIX+drawdown raw,HYG,VNQ,HYG-VNQ,-0.026884104273859677,-0.1641777209509923,0.16313119301239679,0.8915542228885557,False,False,0.8915542228885557,False
panel_a_full,raw_vix_drawdown,VIX+drawdown raw,GLD,USO,GLD-USO,-0.030697314815754606,-0.13756741353768245,0.08746544317303191,0.5997001499250375,False,False,0.6814774430966335,False
panel_a_full,raw_vix_drawdown,VIX+drawdown raw,SHY,TLT,SHY-TLT,-0.03647679091846889,-0.11503255679101701,0.03693950534728944,0.33383308345827084,False,False,0.4451107779443611,False
panel_a_full,raw_vix_drawdown,VIX+drawdown raw,SPY,GLD,SPY-GLD,-0.0397204237201027,-0.21151313713879197,0.13073266503804226,0.6176911544227887,False,False,0.6814774430966335,False
panel_a_full,raw_vix_drawdown,VIX+drawdown raw,GLD,VNQ,GLD-VNQ,-0.04273076246284246,-0.25589511666589626,0.13728295195045548,0.624687656171914,False,False,0.6814774430966335,False
panel_a_full,raw_vix_drawdown,VIX+drawdown raw,DBC,USO,DBC-USO,-0.06168797853223329,-0.1344734480013208,0.016381861564403685,0.19390304847576212,False,False,0.27922038980509745,False
panel_a_full,raw_vix_drawdown,VIX+drawdown raw,TLT,USO,TLT-USO,-0.06232180644290994,-0.19027500161838953,0.05159389506196973,0.3078460769615192,False,False,0.4262484142544113,False
panel_a_full,raw_vix_drawdown,VIX+drawdown raw,TLT,GLD,TLT-GLD,-0.07793833429703922,-0.18758245524695108,0.03712119241204928,0.17391304347826086,False,False,0.2608695652173913,False
panel_a_full,raw_vix_drawdown,VIX+drawdown raw,SHY,USO,SHY-USO,-0.09577885144647137,-0.21502074456256653,0.026758022858086143,0.12293853073463268,False,False,0.21075176697365602,False
panel_a_full,raw_vix_drawdown,VIX+drawdown raw,TLT,DBC,TLT-DBC,-0.10239148683965701,-0.20286863050807952,0.005212774727025588,0.06496751624187906,False,False,0.12993503248375812,False
panel_a_full,raw_vix_drawdown,VIX+drawdown raw,AGG,GLD,AGG-GLD,-0.10448361473931889,-0.22249479064481484,-0.0017785089070452985,0.04897551224387806,False,True,0.10371284945762414,False
panel_a_full,raw_vix_drawdown,VIX+drawdown raw,HYG,GLD,HYG-GLD,-0.11967992841722354,-0.3022486983574448,0.03835558426906819,0.16891554222888555,False,False,0.2608695652173913,False
panel_a_full,raw_vix_drawdown,VIX+drawdown raw,AGG,VNQ,AGG-VNQ,-0.1615670418202719,-0.3043914266020251,-0.01289107534900001,0.03498250874562719,False,True,0.08395802098950525,False
panel_a_full,raw_vix_drawdown,VIX+drawdown raw,SHY,DBC,SHY-DBC,-0.16171759771823394,-0.28574658301389333,-0.020130534509752766,0.030984507746126936,False,True,0.0796744484900407,False
panel_a_full,raw_vix_drawdown,VIX+drawdown raw,SHY,GLD,SHY-GLD,-0.20788106915056545,-0.3346708267994259,-0.08602366607875371,0.0009995002498750624,False,True,0.005140286999357464,True
panel_a_full,raw_vix_drawdown,VIX+drawdown raw,SPY,SHY,SPY-SHY,-0.21242350775751145,-0.34546020069738204,-0.0726501348184589,0.005997001499250375,False,True,0.0239880059970015,True
panel_a_full,raw_vix_drawdown,VIX+drawdown raw,SPY,TLT,SPY-TLT,-0.2229559448005775,-0.3355267793420844,-0.09991780377610666,0.0009995002498750624,False,True,0.005140286999357464,True
panel_a_full,raw_vix_drawdown,VIX+drawdown raw,TLT,HYG,TLT-HYG,-0.2451195658910667,-0.3875512837104994,-0.10535638823076503,0.001999000499750125,False,True,0.008995502248875561,True
panel_a_full,raw_vix_drawdown,VIX+drawdown raw,SHY,HYG,SHY-HYG,-0.2623162342714713,-0.4253002662882114,-0.06571285385403658,0.008995502248875561,False,True,0.029439825541774566,True
panel_a_full,raw_vix_drawdown,VIX+drawdown raw,SHY,VNQ,SHY-VNQ,-0.28304871677150484,-0.4177992468834258,-0.13996704298144647,0.0009995002498750624,False,True,0.005140286999357464,True
panel_a_full,raw_vix_drawdown,VIX+drawdown raw,TLT,AGG,TLT-AGG,-0.32150709832402646,-0.4733635401961831,-0.12003911980343848,0.0009995002498750624,False,True,0.005140286999357464,True
panel_a_full,raw_vix_drawdown,VIX+drawdown raw,TLT,VNQ,TLT-VNQ,-0.34129879382903755,-0.44566916035062654,-0.22715911176149683,0.0009995002498750624,False,True,0.005140286999357464,True
panel_a_full,raw_vix_drawdown,VIX+drawdown raw,SHY,AGG,SHY-AGG,-0.3902237116199989,-0.5578380865391045,-0.14441746700152047,0.0009995002498750624,False,True,0.005140286999357464,True
panel_a_full,vix_only_q0975,VIX-only q97.5,USO,VNQ,USO-VNQ,0.2887338254744992,0.0718726081562014,0.42507107978628556,0.01199400299850075,True,False,0.05887965108354913,False
panel_a_full,vix_only_q0975,VIX-only q97.5,SPY,USO,SPY-USO,0.2405740349656187,0.06852649577115448,0.3633269793128725,0.017991004497751123,True,False,0.05887965108354913,False
panel_a_full,vix_only_q0975,VIX-only q97.5,HYG,USO,HYG-USO,0.20722307381080135,0.048417041785673694,0.36910380595522707,0.017991004497751123,True,False,0.05887965108354913,False
panel_a_full,vix_only_q0975,VIX-only q97.5,AGG,DBC,AGG-DBC,0.2057370304340196,-0.01284412251349223,0.3099971832471568,0.06796601699150424,False,False,0.15292353823088456,False
panel_a_full,vix_only_q0975,VIX-only q97.5,AGG,USO,AGG-USO,0.2020712177306881,-0.0622551397575556,0.3589832613570211,0.13193403298350825,False,False,0.21589205397301348,False
panel_a_full,vix_only_q0975,VIX-only q97.5,SPY,DBC,SPY-DBC,0.19756949234380244,-0.02021006830311233,0.33559016009060866,0.07396301849075462,False,False,0.15662756856865684,False
panel_a_full,vix_only_q0975,VIX-only q97.5,DBC,VNQ,DBC-VNQ,0.19304256483364138,-0.021884620008141106,0.37391326756042925,0.08095952023988005,False,False,0.1619190404797601,False
panel_a_full,vix_only_q0975,VIX-only q97.5,HYG,DBC,HYG-DBC,0.1899007919610533,-0.03163297380723687,0.34080130048641283,0.09395302348825588,False,False,0.16911544227886058,False
panel_a_full,vix_only_q0975,VIX-only q97.5,AGG,HYG,AGG-HYG,0.16548321582991357,-0.17428742946217649,0.35426083730497715,0.4847576211894053,False,False,0.545352323838081,False
panel_a_full,vix_only_q0975,VIX-only q97.5,SPY,AGG,SPY-AGG,0.13840898630454196,-0.1660549642279673,0.25807531551358237,0.239880059970015,False,False,0.30841721996144783,False
panel_a_full,vix_only_q0975,VIX-only q97.5,SPY,VNQ,SPY-VNQ,0.1174768149974228,0.04106075606078336,0.19440842203481037,0.0029985007496251873,True,False,0.05397301349325337,False
panel_a_full,vix_only_q0975,VIX-only q97.5,SPY,HYG,SPY-HYG,0.10384522364184945,0.0013834900213516776,0.2304708999263571,0.047976011994003,True,False,0.11514242878560718,False
panel_a_full,vix_only_q0975,VIX-only q97.5,HYG,VNQ,HYG-VNQ,0.08311426257299626,-0.12244429636337122,0.3768134564944119,0.4307846076961519,False,False,0.5002659960342409,False
panel_a_full,vix_only_q0975,VIX-only q97.5,SHY,TLT,SHY-TLT,0.03173312148724872,-0.07500762737747349,0.14394253085022862,0.42778610694652675,False,False,0.5002659960342409,False
panel_a_full,vix_only_q0975,VIX-only q97.5,DBC,USO,DBC-USO,0.008943224542952821,-0.0443817723948373,0.10022501401224787,0.5907046476761619,False,False,0.6075819233240523,False
panel_a_full,vix_only_q0975,VIX-only q97.5,TLT,GLD,TLT-GLD,-0.014402669864801654,-0.13105099735062495,0.11971977819687694,0.848575712143928,False,False,0.848575712143928,False
panel_a_full,vix_only_q0975,VIX-only q97.5,AGG,GLD,AGG-GLD,-0.03867050000506783,-0.19012244944379764,0.08197854078358736,0.559720139930035,False,False,0.5926448540435665,False
panel_a_full,vix_only_q0975,VIX-only q97.5,AGG,VNQ,AGG-VNQ,-0.08707620248538235,-0.2885795557211718,0.1420948506046183,0.5407296351824088,False,False,0.5898868747444459,False
panel_a_full,vix_only_q0975,VIX-only q97.5,TLT,USO,TLT-USO,-0.08780295029821492,-0.3039532044158189,0.07586039806281936,0.29685157421289354,False,False,0.3685054024711782,False
panel_a_full,vix_only_q0975,VIX-only q97.5,TLT,DBC,TLT-DBC,-0.09818997467902765,-0.2597859058090822,0.06784977095776018,0.20889555222388806,False,False,0.287856071964018,False
panel_a_full,vix_only_q0975,VIX-only q97.5,GLD,USO,GLD-USO,-0.10471063028303568,-0.21006044916972935,0.04855168490615246,0.1629185407296352,False,False,0.24437781109445278,False
panel_a_full,vix_only_q0975,VIX-only q97.5,GLD,DBC,GLD-DBC,-0.10823368071268952,-0.21791175181614297,0.027842208372236995,0.11094452773613193,False,False,0.1901906189762262,False
panel_a_full,vix_only_q0975,VIX-only q97.5,SHY,GLD,SHY-GLD,-0.12892559277449006,-0.3096572224920329,0.019289587181984993,0.08895552223888056,False,False,0.16854730529472106,False
panel_a_full,vix_only_q0975,VIX-only q97.5,SPY,GLD,SPY-GLD,-0.14384083963894836,-0.3295050108753804,0.07745108754950067,0.2158920539730135,False,False,0.287856071964018,False
panel_a_full,vix_only_q0975,VIX-only q97.5,HYG,GLD,HYG-GLD,-0.1810413815319039,-0.43473851183058676,0.06527668713516413,0.1729135432283858,False,False,0.24899550224887557,False
panel_a_full,vix_only_q0975,VIX-only q97.5,SPY,TLT,SPY-TLT,-0.18949379410000056,-0.32343160392944004,-0.02622754792185976,0.03298350824587706,False,True,0.08481473548939815,False
panel_a_full,vix_only_q0975,VIX-only q97.5,GLD,VNQ,GLD-VNQ,-0.21328392321737638,-0.43055171351648325,0.05704840208298149,0.14392803598200898,False,False,0.2252786650153184,False
panel_a_full,vix_only_q0975,VIX-only q97.5,TLT,HYG,TLT-HYG,-0.23481702354139494,-0.39470241971401343,-0.08167904540132405,0.0079960019990005,False,True,0.05887965108354913,False
panel_a_full,vix_only_q0975,VIX-only q97.5,SHY,VNQ,SHY-VNQ,-0.23846047081476668,-0.407308378154885,-0.034916437837270595,0.03298350824587706,False,True,0.08481473548939815,False
panel_a_full,vix_only_q0975,VIX-only q97.5,SHY,USO,SHY-USO,-0.24534647415959462,-0.3956169714069362,-0.07922789227640568,0.005997001499250375,False,True,0.05887965108354913,False
panel_a_full,vix_only_q0975,VIX-only q97.5,SPY,SHY,SPY-SHY,-0.26744391866920225,-0.41485371573899676,-0.08611014211448406,0.010994502748625687,False,True,0.05887965108354913,False
panel_a_full,vix_only_q0975,VIX-only q97.5,TLT,VNQ,TLT-VNQ,-0.2766084129974251,-0.39799730424044055,-0.10548250747909586,0.008995502248875561,False,True,0.05887965108354913,False
panel_a_full,vix_only_q0975,VIX-only q97.5,SHY,DBC,SHY-DBC,-0.3050791084603569,-0.46571096444159404,-0.1095845707436859,0.0029985007496251873,False,True,0.05397301349325337,False
panel_a_full,vix_only_q0975,VIX-only q97.5,TLT,AGG,TLT-AGG,-0.34045483123207376,-0.5801876531948164,-0.020570056633346514,0.029985007496251874,False,True,0.08481473548939815,False
panel_a_full,vix_only_q0975,VIX-only q97.5,SHY,HYG,SHY-HYG,-0.3620266519886741,-0.5177837551421635,-0.1021248473305063,0.014992503748125937,False,True,0.05887965108354913,False
panel_a_full,vix_only_q0975,VIX-only q97.5,SHY,AGG,SHY-AGG,-0.431739013289209,-0.6604799906024962,-0.07908145294955173,0.01699150424787606,False,True,0.05887965108354913,False
panel_a_representative,markov_p050,Markov P>=0.50,DBC,VNQ,DBC-VNQ,0.24173501808047637,0.13911530774063777,0.33787419336601354,0.0009995002498750624,True,False,0.0014992503748125937,True
panel_a_representative,markov_p050,Markov P>=0.50,SPY,VNQ,SPY-VNQ,0.2076043634675847,0.14891470723669822,0.2653220857088581,0.0009995002498750624,True,False,0.0014992503748125937,True
panel_a_representative,markov_p050,Markov P>=0.50,SPY,DBC,SPY-DBC,0.19458164519686982,0.09663235247159918,0.28855357606706117,0.0009995002498750624,True,False,0.0014992503748125937,True
panel_a_representative,markov_p050,Markov P>=0.50,AGG,DBC,AGG-DBC,0.08258932814571557,-0.022378826149688412,0.172039701484647,0.13393303348325838,False,False,0.16071964017991008,False
panel_a_representative,markov_p050,Markov P>=0.50,SPY,AGG,SPY-AGG,0.06597975140265129,-0.07916450520935689,0.18442405973833542,0.3708145927036482,False,False,0.3708145927036482,False
panel_a_representative,markov_p050,Markov P>=0.50,AGG,VNQ,AGG-VNQ,-0.26050403307678305,-0.37591301247301334,-0.1363048023706434,0.0009995002498750624,False,True,0.0014992503748125937,True
panel_a_representative,markov_p0975,Markov P>=0.975,SPY,AGG,SPY-AGG,0.1685347802270666,-0.0012516940867969535,0.275889917831387,0.0559720139930035,False,False,0.0671664167916042,False
panel_a_representative,markov_p0975,Markov P>=0.975,DBC,VNQ,DBC-VNQ,0.16402442527857194,0.037988305309861074,0.27667255653073014,0.014992503748125937,True,False,0.04497751124437781,True
panel_a_representative,markov_p0975,Markov P>=0.975,AGG,DBC,AGG-DBC,0.15104132823632258,0.013986347818115082,0.24642976646104464,0.029985007496251874,True,False,0.05997001499250374,False
panel_a_representative,markov_p0975,Markov P>=0.975,SPY,VNQ,SPY-VNQ,0.13909053461557286,0.08504137942431454,0.19151316106573105,0.0009995002498750624,True,False,0.005997001499250375,True
panel_a_representative,markov_p0975,Markov P>=0.975,SPY,DBC,SPY-DBC,0.13023754501876883,-0.0005940460075178113,0.23706598944366483,0.051974012993503245,False,False,0.0671664167916042,False
panel_a_representative,markov_p0975,Markov P>=0.975,AGG,VNQ,AGG-VNQ,-0.09247978401238678,-0.22630785759867783,0.05486748453207458,0.21989005497251374,False,False,0.2198900549725137,False
panel_a_representative,raw_vix_drawdown,VIX+drawdown raw,DBC,VNQ,DBC-VNQ,0.20652755402304704,0.07383238435096513,0.32428538497509285,0.0069965017491254375,True,False,0.020989505247376312,True
panel_a_representative,raw_vix_drawdown,VIX+drawdown raw,SPY,DBC,SPY-DBC,0.17783126702046054,0.04544298927684002,0.2875648239011971,0.01199400299850075,True,False,0.0239880059970015,True
panel_a_representative,raw_vix_drawdown,VIX+drawdown raw,SPY,VNQ,SPY-VNQ,0.13550906051335276,0.07634892130237353,0.195298246381667,0.0009995002498750624,True,False,0.005997001499250375,True
panel_a_representative,raw_vix_drawdown,VIX+drawdown raw,AGG,DBC,AGG-DBC,0.1324978604575078,-0.03331600340260275,0.240770133672104,0.127936031984008,False,False,0.15352323838080958,False
panel_a_representative,raw_vix_drawdown,VIX+drawdown raw,SPY,AGG,SPY-AGG,0.06470465332245474,-0.14997204220717647,0.19381949379277733,0.5327336331834083,False,False,0.5327336331834083,False
panel_a_representative,raw_vix_drawdown,VIX+drawdown raw,AGG,VNQ,AGG-VNQ,-0.16165636709711018,-0.3023329119680619,-0.006534811171224729,0.03498250874562719,False,True,0.05247376311844078,False
panel_a_representative,vix_only_q0975,VIX-only q97.5,SPY,DBC,SPY-DBC,0.19626920097459888,-0.020139920025878354,0.3346560570281859,0.07596201899050475,False,False,0.12443778110944528,False
panel_a_representative,vix_only_q0975,VIX-only q97.5,DBC,VNQ,DBC-VNQ,0.19596908948367445,-0.025286873786086503,0.38047293000897564,0.07396301849075462,False,False,0.12443778110944528,False
panel_a_representative,vix_only_q0975,VIX-only q97.5,AGG,DBC,AGG-DBC,0.19551164838535318,-0.034474114219409706,0.29852505141133984,0.08295852073963018,False,False,0.12443778110944528,False
panel_a_representative,vix_only_q0975,VIX-only q97.5,SPY,AGG,SPY-AGG,0.13196264664461005,-0.16326233604115234,0.24952164906341684,0.28085957021489255,False,False,0.33703148425787105,False
panel_a_representative,vix_only_q0975,VIX-only q97.5,SPY,VNQ,SPY-VNQ,0.11666650213299157,0.035573213588147606,0.19337044841074913,0.004997501249375313,True,False,0.029985007496251874,True
panel_a_representative,vix_only_q0975,VIX-only q97.5,AGG,VNQ,AGG-VNQ,-0.09013343269081628,-0.28941055918421754,0.13179089305807834,0.4847576211894053,False,False,0.4847576211894053,False
panel_b_international_equity,markov_p050,Markov P>=0.50,EWU,EWJ,EWU-EWJ,0.2095030498327839,0.14133893431498976,0.2623087078891081,0.0009995002498750624,True,False,0.0009995002498750624,True
panel_b_international_equity,markov_p050,Markov P>=0.50,EWG,EWJ,EWG-EWJ,0.18579209147591058,0.12741256136421045,0.2331791395875457,0.0009995002498750624,True,False,0.0009995002498750624,True
panel_b_international_equity,markov_p050,Markov P>=0.50,SPY,EWJ,SPY-EWJ,0.17322531951809594,0.11280391905267485,0.22109663831721596,0.0009995002498750624,True,False,0.0009995002498750624,True
panel_b_international_equity,markov_p050,Markov P>=0.50,EEM,EWJ,EEM-EWJ,0.17236353223542522,0.10668229237863044,0.2234194728651589,0.0009995002498750624,True,False,0.0009995002498750624,True
panel_b_international_equity,markov_p050,Markov P>=0.50,SPY,EWU,SPY-EWU,0.16432103234202344,0.11074192835254029,0.20430859334292326,0.0009995002498750624,True,False,0.0009995002498750624,True
panel_b_international_equity,markov_p050,Markov P>=0.50,EEM,EWU,EEM-EWU,0.1562177514541777,0.10874919902080976,0.19685711927680843,0.0009995002498750624,True,False,0.0009995002498750624,True
panel_b_international_equity,markov_p050,Markov P>=0.50,EEM,EWG,EEM-EWG,0.13618398866382808,0.0903328678432531,0.17577071144384562,0.0009995002498750624,True,False,0.0009995002498750624,True
panel_b_international_equity,markov_p050,Markov P>=0.50,SPY,EEM,SPY-EEM,0.13063139485542885,0.08744184168864097,0.1675257602107912,0.0009995002498750624,True,False,0.0009995002498750624,True
panel_b_international_equity,markov_p050,Markov P>=0.50,SPY,EWG,SPY-EWG,0.12849158174125996,0.08312541020326343,0.16526667978389004,0.0009995002498750624,True,False,0.0009995002498750624,True
panel_b_international_equity,markov_p050,Markov P>=0.50,EFA,EEM,EFA-EEM,0.11079583844588525,0.08083811956012858,0.13679395204924252,0.0009995002498750624,True,False,0.0009995002498750624,True
panel_b_international_equity,markov_p050,Markov P>=0.50,SPY,EFA,SPY-EFA,0.10874208912033789,0.07343096897632949,0.13677425446184288,0.0009995002498750624,True,False,0.0009995002498750624,True
panel_b_international_equity,markov_p050,Markov P>=0.50,EWG,EWU,EWG-EWU,0.10422951187437113,0.0692277421143038,0.13456563978156863,0.0009995002498750624,True,False,0.0009995002498750624,True
panel_b_international_equity,markov_p050,Markov P>=0.50,EFA,EWJ,EFA-EWJ,0.10289792529981956,0.0623679950972883,0.13324316071867215,0.0009995002498750624,True,False,0.0009995002498750624,True
panel_b_international_equity,markov_p050,Markov P>=0.50,EFA,EWU,EFA-EWU,0.06412702196755538,0.04207572891783751,0.08478441516292014,0.0009995002498750624,True,False,0.0009995002498750624,True
panel_b_international_equity,markov_p050,Markov P>=0.50,EFA,EWG,EFA-EWG,0.05359615814366059,0.03673145328453965,0.06978036735539926,0.0009995002498750624,True,False,0.0009995002498750624,True
panel_b_international_equity,markov_p0975,Markov P>=0.975,EWU,EWJ,EWU-EWJ,0.2297000742302996,0.1639276810633052,0.2740679167676757,0.0009995002498750624,True,False,0.0009995002498750624,True
panel_b_international_equity,markov_p0975,Markov P>=0.975,EWG,EWJ,EWG-EWJ,0.21254321829834344,0.15806800704180746,0.2526195650664277,0.0009995002498750624,True,False,0.0009995002498750624,True
panel_b_international_equity,markov_p0975,Markov P>=0.975,SPY,EWJ,SPY-EWJ,0.20763802406346177,0.15384324093383797,0.24842821814764612,0.0009995002498750624,True,False,0.0009995002498750624,True
panel_b_international_equity,markov_p0975,Markov P>=0.975,EEM,EWJ,EEM-EWJ,0.20319321404385504,0.1408819321019305,0.24358916336298175,0.0009995002498750624,True,False,0.0009995002498750624,True
panel_b_international_equity,markov_p0975,Markov P>=0.975,SPY,EWU,SPY-EWU,0.1407695361375868,0.08629325039552356,0.17739292947924465,0.0009995002498750624,True,False,0.0009995002498750624,True
panel_b_international_equity,markov_p0975,Markov P>=0.975,EFA,EWJ,EFA-EWJ,0.13411758054856893,0.09813494088444087,0.15848398065493785,0.0009995002498750624,True,False,0.0009995002498750624,True
panel_b_international_equity,markov_p0975,Markov P>=0.975,EEM,EWU,EEM-EWU,0.12485284752816184,0.07352893832892061,0.16402471744691718,0.0009995002498750624,True,False,0.0009995002498750624,True
panel_b_international_equity,markov_p0975,Markov P>=0.975,EEM,EWG,EEM-EWG,0.11625067768175024,0.06903008465382006,0.15337269322012606,0.0009995002498750624,True,False,0.0009995002498750624,True
panel_b_international_equity,markov_p0975,Markov P>=0.975,SPY,EWG,SPY-EWG,0.11499804716971862,0.06838545349511896,0.15108628857797,0.0009995002498750624,True,False,0.0009995002498750624,True
panel_b_international_equity,markov_p0975,Markov P>=0.975,SPY,EEM,SPY-EEM,0.11412677954672679,0.07082749109411449,0.15089725522686903,0.0009995002498750624,True,False,0.0009995002498750624,True
panel_b_international_equity,markov_p0975,Markov P>=0.975,SPY,EFA,SPY-EFA,0.09933813871922381,0.06528627265946516,0.12358171008698654,0.0009995002498750624,True,False,0.0009995002498750624,True
panel_b_international_equity,markov_p0975,Markov P>=0.975,EFA,EEM,EFA-EEM,0.09414043561934693,0.06381375037206699,0.11713670706419037,0.0009995002498750624,True,False,0.0009995002498750624,True
panel_b_international_equity,markov_p0975,Markov P>=0.975,EWG,EWU,EWG-EWU,0.08613013358488208,0.04896357629868452,0.11422148146887633,0.0009995002498750624,True,False,0.0009995002498750624,True
panel_b_international_equity,markov_p0975,Markov P>=0.975,EFA,EWU,EFA-EWU,0.05277526439314084,0.030426877476524433,0.06884580361380481,0.0009995002498750624,True,False,0.0009995002498750624,True
panel_b_international_equity,markov_p0975,Markov P>=0.975,EFA,EWG,EFA-EWG,0.0408761041624599,0.02734090340732051,0.0552727746974566,0.0009995002498750624,True,False,0.0009995002498750624,True
panel_b_international_equity,raw_vix_drawdown,VIX+drawdown raw,EWU,EWJ,EWU-EWJ,0.23754230705640678,0.16731918251065336,0.2834457647186168,0.0009995002498750624,True,False,0.0009995002498750624,True
panel_b_international_equity,raw_vix_drawdown,VIX+drawdown raw,SPY,EWJ,SPY-EWJ,0.20722690654031806,0.14473714110313962,0.2502745021163779,0.0009995002498750624,True,False,0.0009995002498750624,True
panel_b_international_equity,raw_vix_drawdown,VIX+drawdown raw,EEM,EWJ,EEM-EWJ,0.20294835899482377,0.13684688228099334,0.24636408700003812,0.0009995002498750624,True,False,0.0009995002498750624,True
panel_b_international_equity,raw_vix_drawdown,VIX+drawdown raw,EWG,EWJ,EWG-EWJ,0.19860370873913058,0.13262015180108833,0.24356899662869086,0.0009995002498750624,True,False,0.0009995002498750624,True
panel_b_international_equity,raw_vix_drawdown,VIX+drawdown raw,SPY,EWU,SPY-EWU,0.1560159823611823,0.10244674414704544,0.19182746876986556,0.0009995002498750624,True,False,0.0009995002498750624,True
panel_b_international_equity,raw_vix_drawdown,VIX+drawdown raw,EEM,EWU,EEM-EWU,0.15304523993971797,0.10956911390989277,0.1891335582220731,0.0009995002498750624,True,False,0.0009995002498750624,True
panel_b_international_equity,raw_vix_drawdown,VIX+drawdown raw,EEM,EWG,EEM-EWG,0.12812337521532313,0.07873151234723144,0.1669611488463743,0.0009995002498750624,True,False,0.0009995002498750624,True
panel_b_international_equity,raw_vix_drawdown,VIX+drawdown raw,EFA,EWJ,EFA-EWJ,0.12469242150844495,0.08071883669385936,0.1528621016687314,0.0009995002498750624,True,False,0.0009995002498750624,True
panel_b_international_equity,raw_vix_drawdown,VIX+drawdown raw,SPY,EWG,SPY-EWG,0.12079725534331154,0.07315149153742657,0.15534698902457583,0.0009995002498750624,True,False,0.0009995002498750624,True
panel_b_international_equity,raw_vix_drawdown,VIX+drawdown raw,SPY,EEM,SPY-EEM,0.11875472694773237,0.07473901108907231,0.15717491779353895,0.0009995002498750624,True,False,0.0009995002498750624,True
panel_b_international_equity,raw_vix_drawdown,VIX+drawdown raw,EWG,EWU,EWG-EWU,0.10789297830775435,0.07675843362973206,0.13247683814694766,0.0009995002498750624,True,False,0.0009995002498750624,True
panel_b_international_equity,raw_vix_drawdown,VIX+drawdown raw,EFA,EEM,EFA-EEM,0.10224094018224328,0.07216681679663371,0.12636762988120853,0.0009995002498750624,True,False,0.0009995002498750624,True
panel_b_international_equity,raw_vix_drawdown,VIX+drawdown raw,SPY,EFA,SPY-EFA,0.10092692034073603,0.06683578374763727,0.12644142137112996,0.0009995002498750624,True,False,0.0009995002498750624,True
panel_b_international_equity,raw_vix_drawdown,VIX+drawdown raw,EFA,EWU,EFA-EWU,0.06886846356944099,0.050819959990627446,0.08377117744329658,0.0009995002498750624,True,False,0.0009995002498750624,True
panel_b_international_equity,raw_vix_drawdown,VIX+drawdown raw,EFA,EWG,EFA-EWG,0.042255016542879664,0.028153578139498182,0.05554456171732538,0.0009995002498750624,True,False,0.0009995002498750624,True
panel_b_international_equity,vix_only_q0975,VIX-only q97.5,EWU,EWJ,EWU-EWJ,0.18862402164853298,0.08381441601544526,0.2553415247752818,0.004997501249375313,True,False,0.012493753123438282,True
panel_b_international_equity,vix_only_q0975,VIX-only q97.5,EWG,EWJ,EWG-EWJ,0.18520248017650043,0.08979406859882805,0.2464539924302789,0.004997501249375313,True,False,0.012493753123438282,True
panel_b_international_equity,vix_only_q0975,VIX-only q97.5,SPY,EWJ,SPY-EWJ,0.1757508359839155,0.09120814042357528,0.23522447030922697,0.001999000499750125,True,False,0.009995002498750625,True
panel_b_international_equity,vix_only_q0975,VIX-only q97.5,EEM,EWJ,EEM-EWJ,0.16702860259853847,0.06926039964922397,0.22432364459269521,0.0069965017491254375,True,False,0.013118440779610194,True
panel_b_international_equity,vix_only_q0975,VIX-only q97.5,EEM,EWU,EEM-EWU,0.12205590181068937,0.07026606983179334,0.16763803631193439,0.0009995002498750624,True,False,0.0074962518740629685,True
panel_b_international_equity,vix_only_q0975,VIX-only q97.5,EEM,EWG,EEM-EWG,0.11285627785028995,0.044799064572203055,0.16618907969237498,0.009995002498750625,True,False,0.014992503748125937,True
panel_b_international_equity,vix_only_q0975,VIX-only q97.5,SPY,EWU,SPY-EWU,0.11108526581538647,0.02060396754102891,0.16432316680258824,0.021989005497251374,True,False,0.025371929419905435,True
panel_b_international_equity,vix_only_q0975,VIX-only q97.5,EFA,EWJ,EFA-EWJ,0.1083789963895192,0.04858447304912702,0.14616868956890555,0.005997001499250375,True,False,0.012850717498393659,True
panel_b_international_equity,vix_only_q0975,VIX-only q97.5,SPY,EWG,SPY-EWG,0.09511745715050302,0.006310699569349237,0.14756413453662556,0.04097951024487756,True,False,0.04097951024487756,True
panel_b_international_equity,vix_only_q0975,VIX-only q97.5,SPY,EEM,SPY-EEM,0.08946131335889429,0.015349485281786243,0.14240755619318057,0.01699150424787606,True,False,0.02123938030984508,True
panel_b_international_equity,vix_only_q0975,VIX-only q97.5,EFA,EEM,EFA-EEM,0.08806228262771243,0.050298557170024086,0.11657579200384298,0.0009995002498750624,True,False,0.0074962518740629685,True
panel_b_international_equity,vix_only_q0975,VIX-only q97.5,EWG,EWU,EWG-EWU,0.08474827836447185,0.02974605725876651,0.11823546582900366,0.012993503248375811,True,False,0.01771841352051247,True
panel_b_international_equity,vix_only_q0975,VIX-only q97.5,SPY,EFA,SPY-EFA,0.07715194355801636,0.02466044466683587,0.11106309273355593,0.009995002498750625,True,False,0.014992503748125937,True
panel_b_international_equity,vix_only_q0975,VIX-only q97.5,EFA,EWU,EFA-EWU,0.05345692943455016,0.029325484944033444,0.0705054673775628,0.0029985007496251873,True,False,0.011244377811094452,True
panel_b_international_equity,vix_only_q0975,VIX-only q97.5,EFA,EWG,EFA-EWG,0.031931974159036924,0.007018708661065066,0.05059181940145115,0.0239880059970015,True,False,0.025701434996787318,True
