label_source,cutoff,universe,method,n_assets,n_pairs,n_calm_days,n_stress_days,stress_day_share,n_months,n_stress_months,stress_month_share,first_date,last_date,avg_prob_stress_months,avg_corr_calm,avg_corr_stress,avg_corr_diff,median_corr_calm,median_corr_stress,median_corr_diff,p10_corr_diff,p90_corr_diff,min_corr_stress,max_corr_stress
markov_regime_monthly.ms_prob_stress,0.5,etf_assets,pearson,14,91,2443,2268,0.4814264487369985,225,108,0.48,2007-04-12,2025-12-30,0.8765082901709342,0.28176324028702343,0.31081599537470667,0.029052755087683325,0.24028450236339238,0.3424655995505103,0.04990773277109642,-0.15027501036827864,0.19488804837586593,-0.358114503464543,0.9494245094778025
markov_regime_monthly.ms_prob_stress,0.5,panel_a_cross_asset,pearson,9,36,2443,2268,0.4814264487369985,225,108,0.48,2007-04-12,2025-12-30,0.8765082901709342,0.19490669011051806,0.1702924085184542,-0.024614281592063858,0.16118440157159836,0.17003610217711376,-0.02431687155743345,-0.22204204740442884,0.17302359359582833,-0.358114503464543,0.8412894592987732
markov_regime_monthly.ms_prob_stress,0.5,panel_b_international_equity,pearson,6,15,3436,2279,0.39877515310586176,273,109,0.3992673992673993,2003-04-15,2025-12-30,0.8758531541187687,0.7313702545519998,0.8647781403500379,0.13340788579803817,0.7226848126541046,0.8568760230142227,0.13063139485542952,0.07963538330046115,0.18076538269278447,0.796335773740225,0.9488427194273638
markov_regime_monthly.ms_prob_stress,0.75,etf_assets,pearson,14,91,2909,1802,0.38250902143918486,225,86,0.38222222222222224,2007-04-12,2025-12-30,0.9428365099144822,0.28701902826389014,0.3091777227060599,0.022158694442169873,0.268794341307671,0.34360848950381007,0.027879958807091765,-0.12273540970844316,0.1830137678976239,-0.35779058483194287,0.9503235569877403
markov_regime_monthly.ms_prob_stress,0.75,panel_a_cross_asset,pearson,9,36,2909,1802,0.38250902143918486,225,86,0.38222222222222224,2007-04-12,2025-12-30,0.9428365099144822,0.19362442036136807,0.1655217346091818,-0.02810268575218626,0.1549596692563825,0.1691620677324711,-0.03312882526569734,-0.22827297659238116,0.13716478683073333,-0.35779058483194287,0.8388447870973086
markov_regime_monthly.ms_prob_stress,0.75,panel_b_international_equity,pearson,6,15,3913,1802,0.3153105861767279,273,86,0.315018315018315,2003-04-15,2025-12-30,0.9428365099144822,0.7411126711942413,0.8714305802533043,0.13031790905906301,0.7328742355253143,0.8636492421330175,0.12656871623439925,0.07073191651053685,0.18720009674368365,0.8088555960739995,0.9503235569877403
markov_regime_monthly.ms_prob_stress,0.9,etf_assets,pearson,14,91,3325,1386,0.29420505200594355,225,66,0.29333333333333333,2007-04-12,2025-12-30,0.9745790831535016,0.2890925609113659,0.30805786018456505,0.018965299273199152,0.2912044822109343,0.3340253015310655,0.035406595072671077,-0.13413641283922623,0.17310438647539172,-0.3654546043799212,0.9524158030515433
markov_regime_monthly.ms_prob_stress,0.9,panel_a_cross_asset,pearson,9,36,3325,1386,0.29420505200594355,225,66,0.29333333333333333,2007-04-12,2025-12-30,0.9745790831535016,0.18693182535768452,0.16429759710372593,-0.0226342282539586,0.1505950430773478,0.17206713680977054,-0.034275847405343104,-0.15943291738657656,0.14135814613421058,-0.36431990099334427,0.834640555125832
markov_regime_monthly.ms_prob_stress,0.9,panel_b_international_equity,pearson,6,15,4329,1386,0.24251968503937008,273,66,0.24175824175824176,2003-04-15,2025-12-30,0.9745790831535016,0.7516052500568595,0.8780495296836581,0.12644427962679866,0.7508416553458234,0.8666951051486135,0.11418143070223818,0.0679137788522246,0.19749286964892754,0.8242148994977658,0.9524158030515433
markov_regime_monthly.ms_prob_stress,0.975,etf_assets,pearson,14,91,3764,947,0.20101889195499895,225,45,0.2,2007-04-12,2025-12-30,0.992760336970073,0.2891326762596237,0.30901579151831243,0.01988311525868866,0.289617378044753,0.3435049637148214,0.04307241092141101,-0.12979384334993807,0.16469643625142305,-0.3887406557066393,0.955029900194683
markov_regime_monthly.ms_prob_stress,0.975,panel_a_cross_asset,pearson,9,36,3764,947,0.20101889195499895,225,45,0.2,2007-04-12,2025-12-30,0.992760336970073,0.1855139571903389,0.15975030951150712,-0.025763647678831762,0.1445025986396729,0.16394883484681524,-0.042933720874156825,-0.14880421518682252,0.15128327253950116,-0.3887406557066393,0.8254415476919913
markov_regime_monthly.ms_prob_stress,0.975,panel_b_international_equity,pearson,6,15,4768,947,0.16570428696412948,273,45,0.16483516483516483,2003-04-15,2025-12-30,0.992760336970073,0.7569634129263852,0.8883934179748879,0.13143000504850283,0.7548665672658025,0.8735898820245526,0.1162506776817559,0.0661172120698381,0.21058114060439184,0.8430930452646456,0.955029900194683
