label_source,cutoff,universe,method,asset_i,asset_j,corr_calm,corr_stress,delta_corr,interpretation
markov_regime_monthly.ms_prob_stress,0.5,panel_a_cross_asset,pearson,DBC,VNQ,0.10805795903702013,0.3408004218775016,0.23274246284048145,Moderate breakdown
markov_regime_monthly.ms_prob_stress,0.5,panel_a_cross_asset,pearson,USO,VNQ,0.06709684771825265,0.298438036218913,0.23134118850066038,Moderate breakdown
markov_regime_monthly.ms_prob_stress,0.5,panel_a_cross_asset,pearson,SPY,VNQ,0.5849669786424303,0.7947950335221042,0.20982805487967393,Moderate breakdown
markov_regime_monthly.ms_prob_stress,0.5,panel_a_cross_asset,pearson,SPY,DBC,0.2939078221742928,0.4679342511149448,0.174026428940652,Moderate breakdown
markov_regime_monthly.ms_prob_stress,0.5,panel_a_cross_asset,pearson,SPY,USO,0.246686118708354,0.41870687695935865,0.17202075825100466,Moderate breakdown
markov_regime_monthly.ms_prob_stress,0.5,panel_a_cross_asset,pearson,AGG,DBC,-0.10011330892924643,-0.0015214105823119395,0.09859189834693449,Small increase
markov_regime_monthly.ms_prob_stress,0.5,panel_a_cross_asset,pearson,AGG,USO,-0.13165327673535704,-0.03333395965852625,0.09831931707683078,Small increase
markov_regime_monthly.ms_prob_stress,0.5,panel_a_cross_asset,pearson,HYG,DBC,0.2972308169708231,0.39362512215977924,0.09639430518895614,Small increase
markov_regime_monthly.ms_prob_stress,0.5,panel_a_cross_asset,pearson,SPY,AGG,-0.06943280912707653,0.008131587731621601,0.07756439685869813,Small increase
markov_regime_monthly.ms_prob_stress,0.5,panel_a_cross_asset,pearson,AGG,HYG,0.1850132702139321,0.25070402696039434,0.06569075674646224,Small increase
markov_regime_monthly.ms_prob_stress,0.5,panel_a_cross_asset,pearson,HYG,USO,0.27032637621375705,0.32439930829674735,0.0540729320829903,Small increase
markov_regime_monthly.ms_prob_stress,0.5,panel_a_cross_asset,pearson,HYG,VNQ,0.4942303132544822,0.5359225574288452,0.04169224417436301,Small increase
markov_regime_monthly.ms_prob_stress,0.5,panel_a_cross_asset,pearson,SPY,HYG,0.6654214434007997,0.6916448439444293,0.026223400543629594,Small increase
markov_regime_monthly.ms_prob_stress,0.5,panel_a_cross_asset,pearson,GLD,DBC,0.34134569166007017,0.3554341056295843,0.014088413969514102,Small increase
markov_regime_monthly.ms_prob_stress,0.5,panel_a_cross_asset,pearson,GLD,USO,0.18254900908899085,0.17970141545433546,-0.002847593634655393,Correlation decreased
markov_regime_monthly.ms_prob_stress,0.5,panel_a_cross_asset,pearson,SHY,GLD,0.2331672646373247,0.22202216350903844,-0.011145101128286261,Correlation decreased
markov_regime_monthly.ms_prob_stress,0.5,panel_a_cross_asset,pearson,SPY,GLD,0.060675109712962694,0.0461820348160235,-0.014493074896939191,Correlation decreased
markov_regime_monthly.ms_prob_stress,0.5,panel_a_cross_asset,pearson,SHY,TLT,0.5824633848680159,0.5629698662335234,-0.019493518634492446,Correlation decreased
markov_regime_monthly.ms_prob_stress,0.5,panel_a_cross_asset,pearson,DBC,USO,0.8704296837791476,0.8412894592987732,-0.029140224480374455,Correlation decreased
markov_regime_monthly.ms_prob_stress,0.5,panel_a_cross_asset,pearson,SHY,USO,-0.12042591156438463,-0.15265518667741937,-0.032229275113034736,Correlation decreased
markov_regime_monthly.ms_prob_stress,0.5,panel_a_cross_asset,pearson,AGG,GLD,0.24886242074719778,0.21646327922771208,-0.0323991415194857,Correlation decreased
markov_regime_monthly.ms_prob_stress,0.5,panel_a_cross_asset,pearson,TLT,GLD,0.192785395062323,0.16037078889989206,-0.03241460616243094,Correlation decreased
markov_regime_monthly.ms_prob_stress,0.5,panel_a_cross_asset,pearson,SHY,DBC,-0.10589968995188394,-0.13992881123750772,-0.034029121285623784,Correlation decreased
markov_regime_monthly.ms_prob_stress,0.5,panel_a_cross_asset,pearson,SPY,SHY,-0.18689249859390034,-0.2586353938859214,-0.07174289529202105,Correlation decreased
markov_regime_monthly.ms_prob_stress,0.5,panel_a_cross_asset,pearson,TLT,USO,-0.1877045531013663,-0.26803857766866773,-0.08033402456730143,Correlation decreased
markov_regime_monthly.ms_prob_stress,0.5,panel_a_cross_asset,pearson,TLT,DBC,-0.1721365037096222,-0.2597113012892322,-0.08757479757961001,Correlation decreased
markov_regime_monthly.ms_prob_stress,0.5,panel_a_cross_asset,pearson,HYG,GLD,0.11422007607724786,0.025852359210004613,-0.08836771686724325,Correlation decreased
markov_regime_monthly.ms_prob_stress,0.5,panel_a_cross_asset,pearson,GLD,VNQ,0.13981979405420583,0.032245127987163356,-0.10757466606704247,Correlation decreased
markov_regime_monthly.ms_prob_stress,0.5,panel_a_cross_asset,pearson,SHY,HYG,0.035823283004581735,-0.08462204574018499,-0.12044532874476672,Correlation decreased
markov_regime_monthly.ms_prob_stress,0.5,panel_a_cross_asset,pearson,SPY,TLT,-0.22076108841923797,-0.358114503464543,-0.13735341504530502,Correlation decreased
markov_regime_monthly.ms_prob_stress,0.5,panel_a_cross_asset,pearson,TLT,HYG,-0.003433835860467834,-0.1796870426161166,-0.17625320675564876,Correlation decreased
markov_regime_monthly.ms_prob_stress,0.5,panel_a_cross_asset,pearson,SHY,AGG,0.7521934028078684,0.5379265889627594,-0.21426681384510904,Correlation decreased
markov_regime_monthly.ms_prob_stress,0.5,panel_a_cross_asset,pearson,TLT,AGG,0.877048284695711,0.6472310037319623,-0.22981728096374865,Correlation decreased
markov_regime_monthly.ms_prob_stress,0.5,panel_a_cross_asset,pearson,AGG,VNQ,0.24028450236339238,-0.036612692313793514,-0.2768971946771859,Correlation decreased
markov_regime_monthly.ms_prob_stress,0.5,panel_a_cross_asset,pearson,SHY,VNQ,0.1078819752708855,-0.19762558076592476,-0.30550755603681023,Correlation decreased
markov_regime_monthly.ms_prob_stress,0.5,panel_a_cross_asset,pearson,TLT,VNQ,0.12260709580712462,-0.2517770466109102,-0.37438414241803486,Correlation decreased
markov_regime_monthly.ms_prob_stress,0.5,panel_b_international_equity,pearson,EWU,EWJ,0.5885803222833969,0.7980833721161819,0.209503049832785,Moderate breakdown
markov_regime_monthly.ms_prob_stress,0.5,panel_b_international_equity,pearson,EWG,EWJ,0.6105436822643152,0.796335773740225,0.1857920914759098,Moderate breakdown
markov_regime_monthly.ms_prob_stress,0.5,panel_b_international_equity,pearson,SPY,EWJ,0.6419425945747008,0.8151679140927973,0.1732253195180965,Moderate breakdown
markov_regime_monthly.ms_prob_stress,0.5,panel_b_international_equity,pearson,EEM,EWJ,0.6287109888779778,0.8010745211133974,0.17236353223541956,Moderate breakdown
markov_regime_monthly.ms_prob_stress,0.5,panel_b_international_equity,pearson,SPY,EWU,0.7031710354200835,0.8674920677621106,0.1643210323420271,Moderate breakdown
markov_regime_monthly.ms_prob_stress,0.5,panel_b_international_equity,pearson,EEM,EWU,0.700658271560045,0.8568760230142227,0.1562177514541777,Moderate breakdown
markov_regime_monthly.ms_prob_stress,0.5,panel_b_international_equity,pearson,EEM,EWG,0.7031822794568504,0.8393662681206778,0.13618398866382742,Moderate breakdown
markov_regime_monthly.ms_prob_stress,0.5,panel_b_international_equity,pearson,SPY,EEM,0.7226848126541046,0.8533162075095341,0.13063139485542952,Moderate breakdown
markov_regime_monthly.ms_prob_stress,0.5,panel_b_international_equity,pearson,SPY,EWG,0.7261434544837123,0.8546350362249784,0.12849158174126607,Moderate breakdown
markov_regime_monthly.ms_prob_stress,0.5,panel_b_international_equity,pearson,EFA,EEM,0.7890974933839747,0.8998933318298591,0.11079583844588436,Moderate breakdown
markov_regime_monthly.ms_prob_stress,0.5,panel_b_international_equity,pearson,SPY,EFA,0.800257191406949,0.9089992805272926,0.10874208912034367,Moderate breakdown
markov_regime_monthly.ms_prob_stress,0.5,panel_b_international_equity,pearson,EWG,EWU,0.790951052538451,0.8951805644128208,0.1042295118743698,Moderate breakdown
markov_regime_monthly.ms_prob_stress,0.5,panel_b_international_equity,pearson,EFA,EWJ,0.7855654187218147,0.8884633440216345,0.10289792529981978,Moderate breakdown
markov_regime_monthly.ms_prob_stress,0.5,panel_b_international_equity,pearson,EFA,EWU,0.8838186593699169,0.9479456813374723,0.06412702196755538,Small increase
markov_regime_monthly.ms_prob_stress,0.5,panel_b_international_equity,pearson,EFA,EWG,0.8952465612837028,0.9488427194273638,0.05359615814366092,Small increase
markov_regime_monthly.ms_prob_stress,0.5,etf_assets,pearson,EWU,VNQ,0.4791162204600671,0.713614341700052,0.23449812123998492,Moderate breakdown
markov_regime_monthly.ms_prob_stress,0.5,etf_assets,pearson,DBC,VNQ,0.10805795903702013,0.3408004218775016,0.23274246284048145,Moderate breakdown
markov_regime_monthly.ms_prob_stress,0.5,etf_assets,pearson,USO,VNQ,0.06709684771825265,0.298438036218913,0.23134118850066038,Moderate breakdown
markov_regime_monthly.ms_prob_stress,0.5,etf_assets,pearson,EEM,VNQ,0.4870320839038701,0.7150178933530693,0.22798580944919922,Moderate breakdown
markov_regime_monthly.ms_prob_stress,0.5,etf_assets,pearson,EWG,VNQ,0.46364188553815733,0.685655602694407,0.22201371715624962,Moderate breakdown
markov_regime_monthly.ms_prob_stress,0.5,etf_assets,pearson,EWJ,VNQ,0.4203996775814954,0.6416666932967521,0.2212670157152567,Moderate breakdown
markov_regime_monthly.ms_prob_stress,0.5,etf_assets,pearson,EFA,VNQ,0.5264541841035696,0.7365376610298043,0.21008347692623475,Moderate breakdown
markov_regime_monthly.ms_prob_stress,0.5,etf_assets,pearson,SPY,VNQ,0.5849669786424303,0.7947950335221042,0.20982805487967393,Moderate breakdown
markov_regime_monthly.ms_prob_stress,0.5,etf_assets,pearson,EEM,EWJ,0.5957929468455857,0.8016348990147082,0.2058419521691225,Moderate breakdown
markov_regime_monthly.ms_prob_stress,0.5,etf_assets,pearson,EWJ,EWU,0.6046159043351822,0.7995039527110481,0.19488804837586593,Moderate breakdown
markov_regime_monthly.ms_prob_stress,0.5,etf_assets,pearson,DBC,EWJ,0.2274134283098459,0.41951857745410853,0.19210514914426263,Moderate breakdown
markov_regime_monthly.ms_prob_stress,0.5,etf_assets,pearson,EWG,EWJ,0.6131133364609879,0.7972892216186123,0.1841758851576244,Moderate breakdown
markov_regime_monthly.ms_prob_stress,0.5,etf_assets,pearson,DBC,EWG,0.2935468186894881,0.4765014658587393,0.1829546471692512,Moderate breakdown
markov_regime_monthly.ms_prob_stress,0.5,etf_assets,pearson,EWG,USO,0.22037675381309507,0.40002947157192903,0.17965271775883396,Moderate breakdown
markov_regime_monthly.ms_prob_stress,0.5,etf_assets,pearson,DBC,SPY,0.2939078221742928,0.46793425111494474,0.17402642894065196,Moderate breakdown
markov_regime_monthly.ms_prob_stress,0.5,etf_assets,pearson,SPY,USO,0.246686118708354,0.41870687695935865,0.17202075825100466,Moderate breakdown
markov_regime_monthly.ms_prob_stress,0.5,etf_assets,pearson,EWJ,USO,0.17496756219479867,0.3424655995505103,0.16749803735571164,Moderate breakdown
markov_regime_monthly.ms_prob_stress,0.5,etf_assets,pearson,EWU,USO,0.3006744158598397,0.46459166960466763,0.1639172537448279,Moderate breakdown
markov_regime_monthly.ms_prob_stress,0.5,etf_assets,pearson,EFA,USO,0.27153311191811114,0.4342004917575593,0.16266737983944818,Moderate breakdown
markov_regime_monthly.ms_prob_stress,0.5,etf_assets,pearson,DBC,EFA,0.35058705045927596,0.5126692196699753,0.1620821692106993,Moderate breakdown
markov_regime_monthly.ms_prob_stress,0.5,etf_assets,pearson,DBC,EWU,0.36849692938953893,0.5293857361539568,0.16088880676441786,Moderate breakdown
markov_regime_monthly.ms_prob_stress,0.5,etf_assets,pearson,EWJ,SPY,0.656580728853044,0.8164017871039483,0.1598210582509043,Moderate breakdown
markov_regime_monthly.ms_prob_stress,0.5,etf_assets,pearson,EWU,SPY,0.7175583741842044,0.8675031585928088,0.14994478440860437,Moderate breakdown
markov_regime_monthly.ms_prob_stress,0.5,etf_assets,pearson,EEM,USO,0.2833625722079666,0.43314692499595675,0.14978435278799013,Moderate breakdown
markov_regime_monthly.ms_prob_stress,0.5,etf_assets,pearson,EEM,EWG,0.7104500322511388,0.8410490022516038,0.13059897000046505,Moderate breakdown
markov_regime_monthly.ms_prob_stress,0.5,etf_assets,pearson,DBC,EEM,0.37256067204676513,0.5024067828503322,0.12984611080356712,Moderate breakdown
markov_regime_monthly.ms_prob_stress,0.5,etf_assets,pearson,EEM,EWU,0.7299775376576432,0.8582628582013967,0.12828532054375352,Moderate breakdown
markov_regime_monthly.ms_prob_stress,0.5,etf_assets,pearson,EWG,SPY,0.7302915896342898,0.8549717822226865,0.1246801925883968,Moderate breakdown
markov_regime_monthly.ms_prob_stress,0.5,etf_assets,pearson,EEM,SPY,0.7311807699921772,0.8541645097453126,0.12298373975313537,Moderate breakdown
markov_regime_monthly.ms_prob_stress,0.5,etf_assets,pearson,EFA,EWJ,0.7854465608413581,0.8892209419087769,0.10377438106741876,Moderate breakdown
markov_regime_monthly.ms_prob_stress,0.5,etf_assets,pearson,EEM,EFA,0.7990063953861843,0.9003680633834065,0.10136166799722213,Moderate breakdown
markov_regime_monthly.ms_prob_stress,0.5,etf_assets,pearson,EFA,SPY,0.8101969715774161,0.909000938361846,0.09880396678442993,Small increase
markov_regime_monthly.ms_prob_stress,0.5,etf_assets,pearson,AGG,DBC,-0.10011330892924643,-0.0015214105823119395,0.09859189834693449,Small increase
markov_regime_monthly.ms_prob_stress,0.5,etf_assets,pearson,AGG,USO,-0.13165327673535704,-0.03333395965852625,0.09831931707683078,Small increase
markov_regime_monthly.ms_prob_stress,0.5,etf_assets,pearson,EWJ,HYG,0.4870587310125458,0.5836785747190598,0.096619843706514,Small increase
markov_regime_monthly.ms_prob_stress,0.5,etf_assets,pearson,DBC,HYG,0.2972308169708231,0.39362512215977924,0.09639430518895614,Small increase
markov_regime_monthly.ms_prob_stress,0.5,etf_assets,pearson,EWG,EWU,0.8119252896405933,0.8958226735800396,0.08389738393944635,Small increase
markov_regime_monthly.ms_prob_stress,0.5,etf_assets,pearson,AGG,SPY,-0.06943280912707651,0.008131587731621601,0.07756439685869812,Small increase
markov_regime_monthly.ms_prob_stress,0.5,etf_assets,pearson,AGG,EWJ,-0.004060233025631312,0.07153159064151134,0.07559182366714265,Small increase
markov_regime_monthly.ms_prob_stress,0.5,etf_assets,pearson,AGG,HYG,0.1850132702139321,0.25070402696039434,0.06569075674646224,Small increase
markov_regime_monthly.ms_prob_stress,0.5,etf_assets,pearson,EWG,HYG,0.5690811031736064,0.6296777280731206,0.06059662489951423,Small increase
markov_regime_monthly.ms_prob_stress,0.5,etf_assets,pearson,AGG,EWG,-0.03320084573147399,0.02507533400942941,0.058276179740903405,Small increase
markov_regime_monthly.ms_prob_stress,0.5,etf_assets,pearson,EWU,HYG,0.5896864061844966,0.6479520797774909,0.05826567359299428,Small increase
markov_regime_monthly.ms_prob_stress,0.5,etf_assets,pearson,AGG,EFA,-0.018261892514527454,0.039891577018562066,0.058153469533089516,Small increase
markov_regime_monthly.ms_prob_stress,0.5,etf_assets,pearson,HYG,USO,0.27032637621375705,0.32439930829674735,0.0540729320829903,Small increase
markov_regime_monthly.ms_prob_stress,0.5,etf_assets,pearson,AGG,EWU,-0.03428415394998896,0.015623578821107455,0.04990773277109642,Small increase
markov_regime_monthly.ms_prob_stress,0.5,etf_assets,pearson,HYG,VNQ,0.4942303132544822,0.5359225574288452,0.04169224417436301,Small increase
markov_regime_monthly.ms_prob_stress,0.5,etf_assets,pearson,EFA,EWU,0.9079403430375734,0.9484304669488531,0.04049012391127971,Small increase
markov_regime_monthly.ms_prob_stress,0.5,etf_assets,pearson,EFA,HYG,0.6350906586799686,0.6737379129998183,0.03864725431984972,Small increase
markov_regime_monthly.ms_prob_stress,0.5,etf_assets,pearson,EFA,EWG,0.9119395087395148,0.9494245094778025,0.037485000738287755,Small increase
markov_regime_monthly.ms_prob_stress,0.5,etf_assets,pearson,HYG,SPY,0.6654214434007997,0.6916448439444293,0.026223400543629594,Small increase
markov_regime_monthly.ms_prob_stress,0.5,etf_assets,pearson,EEM,HYG,0.5981223858837988,0.614780283995322,0.016657898111523184,Small increase
markov_regime_monthly.ms_prob_stress,0.5,etf_assets,pearson,DBC,GLD,0.34134569166007017,0.3554341056295843,0.014088413969514102,Small increase
markov_regime_monthly.ms_prob_stress,0.5,etf_assets,pearson,EWJ,GLD,0.10304909016253097,0.10092813655894144,-0.0021209536035895343,Correlation decreased
markov_regime_monthly.ms_prob_stress,0.5,etf_assets,pearson,GLD,USO,0.18254900908899085,0.17970141545433546,-0.002847593634655393,Correlation decreased
markov_regime_monthly.ms_prob_stress,0.5,etf_assets,pearson,EWG,GLD,0.15291661072783874,0.14815704002843685,-0.004759570699401888,Correlation decreased
markov_regime_monthly.ms_prob_stress,0.5,etf_assets,pearson,GLD,SHY,0.23316726463732465,0.22202216350903844,-0.011145101128286206,Correlation decreased
markov_regime_monthly.ms_prob_stress,0.5,etf_assets,pearson,GLD,SPY,0.06067510971296271,0.046182034816023516,-0.014493074896939191,Correlation decreased
markov_regime_monthly.ms_prob_stress,0.5,etf_assets,pearson,SHY,TLT,0.5824633848680159,0.5629698662335234,-0.019493518634492446,Correlation decreased
markov_regime_monthly.ms_prob_stress,0.5,etf_assets,pearson,DBC,USO,0.8704296837791476,0.8412894592987732,-0.029140224480374455,Correlation decreased
markov_regime_monthly.ms_prob_stress,0.5,etf_assets,pearson,SHY,USO,-0.12042591156438463,-0.15265518667741937,-0.032229275113034736,Correlation decreased
markov_regime_monthly.ms_prob_stress,0.5,etf_assets,pearson,AGG,GLD,0.24886242074719778,0.21646327922771208,-0.0323991415194857,Correlation decreased
markov_regime_monthly.ms_prob_stress,0.5,etf_assets,pearson,GLD,TLT,0.19278539506232298,0.16037078889989206,-0.032414606162430915,Correlation decreased
markov_regime_monthly.ms_prob_stress,0.5,etf_assets,pearson,EWU,GLD,0.16926352735023265,0.13619801987328492,-0.033065507476947725,Correlation decreased
markov_regime_monthly.ms_prob_stress,0.5,etf_assets,pearson,DBC,SHY,-0.10589968995188392,-0.13992881123750778,-0.03402912128562385,Correlation decreased
markov_regime_monthly.ms_prob_stress,0.5,etf_assets,pearson,AGG,EEM,0.002769069818748495,-0.03248037965980297,-0.035249449478551464,Correlation decreased
markov_regime_monthly.ms_prob_stress,0.5,etf_assets,pearson,EFA,GLD,0.18175510378420956,0.1365574725656599,-0.045197631218549666,Correlation decreased
markov_regime_monthly.ms_prob_stress,0.5,etf_assets,pearson,SHY,SPY,-0.18689249859390034,-0.2586353938859214,-0.07174289529202105,Correlation decreased
markov_regime_monthly.ms_prob_stress,0.5,etf_assets,pearson,EEM,GLD,0.2179263921592608,0.1429551191043041,-0.07497127305495668,Correlation decreased
markov_regime_monthly.ms_prob_stress,0.5,etf_assets,pearson,TLT,USO,-0.1877045531013663,-0.26803857766866773,-0.08033402456730143,Correlation decreased
markov_regime_monthly.ms_prob_stress,0.5,etf_assets,pearson,DBC,TLT,-0.1721365037096222,-0.2597113012892322,-0.08757479757961001,Correlation decreased
markov_regime_monthly.ms_prob_stress,0.5,etf_assets,pearson,GLD,HYG,0.11422007607724788,0.025852359210004606,-0.08836771686724328,Correlation decreased
markov_regime_monthly.ms_prob_stress,0.5,etf_assets,pearson,EWJ,SHY,-0.0784829988653767,-0.17654038821683166,-0.09805738935145496,Correlation decreased
markov_regime_monthly.ms_prob_stress,0.5,etf_assets,pearson,GLD,VNQ,0.13981979405420583,0.032245127987163356,-0.10757466606704247,Correlation decreased
markov_regime_monthly.ms_prob_stress,0.5,etf_assets,pearson,EWJ,TLT,-0.13541907876011652,-0.25004919078565646,-0.11463011202553994,Correlation decreased
markov_regime_monthly.ms_prob_stress,0.5,etf_assets,pearson,EWG,SHY,-0.09679800033052882,-0.21245500401555442,-0.1156570036850256,Correlation decreased
markov_regime_monthly.ms_prob_stress,0.5,etf_assets,pearson,HYG,SHY,0.03582328300458175,-0.084622045740185,-0.12044532874476675,Correlation decreased
markov_regime_monthly.ms_prob_stress,0.5,etf_assets,pearson,SPY,TLT,-0.22076108841923797,-0.358114503464543,-0.13735341504530502,Correlation decreased
markov_regime_monthly.ms_prob_stress,0.5,etf_assets,pearson,EWG,TLT,-0.2016282931751915,-0.33955984681923174,-0.13793155364404025,Correlation decreased
markov_regime_monthly.ms_prob_stress,0.5,etf_assets,pearson,EFA,SHY,-0.09539424448327713,-0.2356187284058264,-0.14022448392254927,Correlation decreased
markov_regime_monthly.ms_prob_stress,0.5,etf_assets,pearson,EFA,TLT,-0.1998971521684722,-0.3425791879285327,-0.1426820357600605,Correlation decreased
markov_regime_monthly.ms_prob_stress,0.5,etf_assets,pearson,EWU,TLT,-0.20548172503264958,-0.3557567354009282,-0.15027501036827864,Correlation decreased
markov_regime_monthly.ms_prob_stress,0.5,etf_assets,pearson,EWU,SHY,-0.08968291441600312,-0.2404162358929192,-0.15073332147691607,Correlation decreased
markov_regime_monthly.ms_prob_stress,0.5,etf_assets,pearson,EEM,SHY,-0.10455795083399558,-0.2769417477487709,-0.17238379691477532,Correlation decreased
markov_regime_monthly.ms_prob_stress,0.5,etf_assets,pearson,HYG,TLT,-0.0034338358604678455,-0.1796870426161166,-0.17625320675564876,Correlation decreased
markov_regime_monthly.ms_prob_stress,0.5,etf_assets,pearson,EEM,TLT,-0.14193522942230527,-0.34107502754270475,-0.19913979812039947,Correlation decreased
markov_regime_monthly.ms_prob_stress,0.5,etf_assets,pearson,AGG,SHY,0.7521934028078683,0.5379265889627592,-0.21426681384510904,Correlation decreased
markov_regime_monthly.ms_prob_stress,0.5,etf_assets,pearson,AGG,TLT,0.8770482846957112,0.6472310037319623,-0.22981728096374887,Correlation decreased
markov_regime_monthly.ms_prob_stress,0.5,etf_assets,pearson,AGG,VNQ,0.24028450236339238,-0.036612692313793514,-0.2768971946771859,Correlation decreased
markov_regime_monthly.ms_prob_stress,0.5,etf_assets,pearson,SHY,VNQ,0.1078819752708855,-0.19762558076592476,-0.30550755603681023,Correlation decreased
markov_regime_monthly.ms_prob_stress,0.5,etf_assets,pearson,TLT,VNQ,0.12260709580712462,-0.2517770466109102,-0.37438414241803486,Correlation decreased
markov_regime_monthly.ms_prob_stress,0.75,panel_a_cross_asset,pearson,USO,VNQ,0.11184231487975786,0.3015272257254847,0.1896849108457268,Moderate breakdown
markov_regime_monthly.ms_prob_stress,0.75,panel_a_cross_asset,pearson,DBC,VNQ,0.1584321111175454,0.34261143049108894,0.18417931937354354,Moderate breakdown
markov_regime_monthly.ms_prob_stress,0.75,panel_a_cross_asset,pearson,SPY,VNQ,0.6162325226507899,0.7992462905484138,0.1830137678976239,Moderate breakdown
markov_regime_monthly.ms_prob_stress,0.75,panel_a_cross_asset,pearson,SPY,USO,0.28100033725611884,0.41921277434218535,0.1382124370860665,Moderate breakdown
markov_regime_monthly.ms_prob_stress,0.75,panel_a_cross_asset,pearson,SPY,DBC,0.3314786770363603,0.46759581361176045,0.13611713657540014,Moderate breakdown
markov_regime_monthly.ms_prob_stress,0.75,panel_a_cross_asset,pearson,SPY,AGG,-0.09610343011507055,0.02559565710151722,0.12169908721658777,Moderate breakdown
markov_regime_monthly.ms_prob_stress,0.75,panel_a_cross_asset,pearson,AGG,USO,-0.13618600767804254,-0.02000210839426821,0.11618389928377433,Moderate breakdown
markov_regime_monthly.ms_prob_stress,0.75,panel_a_cross_asset,pearson,AGG,HYG,0.15148722739521955,0.2674065263103445,0.11591929891512495,Moderate breakdown
markov_regime_monthly.ms_prob_stress,0.75,panel_a_cross_asset,pearson,AGG,DBC,-0.09772362111161545,0.008539666038300336,0.10626328714991579,Moderate breakdown
markov_regime_monthly.ms_prob_stress,0.75,panel_a_cross_asset,pearson,HYG,DBC,0.32585412286293036,0.39213761429278865,0.06628349142985829,Small increase
markov_regime_monthly.ms_prob_stress,0.75,panel_a_cross_asset,pearson,HYG,USO,0.2931423742994661,0.32102233310655787,0.027879958807091765,Small increase
markov_regime_monthly.ms_prob_stress,0.75,panel_a_cross_asset,pearson,HYG,VNQ,0.520017973402067,0.5326799443156762,0.01266197091360921,Small increase
markov_regime_monthly.ms_prob_stress,0.75,panel_a_cross_asset,pearson,SHY,TLT,0.560800960341609,0.570988029331052,0.010187068989442993,Small increase
markov_regime_monthly.ms_prob_stress,0.75,panel_a_cross_asset,pearson,GLD,USO,0.17503291079962002,0.18521075889972471,0.010177848100104692,Small increase
markov_regime_monthly.ms_prob_stress,0.75,panel_a_cross_asset,pearson,GLD,DBC,0.3453704379418873,0.35448829810391574,0.009117860162028424,Small increase
markov_regime_monthly.ms_prob_stress,0.75,panel_a_cross_asset,pearson,SPY,HYG,0.6806065692158204,0.6879918754268494,0.0073853062110289525,Small increase
markov_regime_monthly.ms_prob_stress,0.75,panel_a_cross_asset,pearson,SHY,USO,-0.126339375795406,-0.1552049546790156,-0.028865578883609605,Correlation decreased
markov_regime_monthly.ms_prob_stress,0.75,panel_a_cross_asset,pearson,DBC,USO,0.8690789864339036,0.8388447870973086,-0.03023419933659499,Correlation decreased
markov_regime_monthly.ms_prob_stress,0.75,panel_a_cross_asset,pearson,SPY,GLD,0.0735070645954607,0.03748361340066102,-0.03602345119479969,Correlation decreased
markov_regime_monthly.ms_prob_stress,0.75,panel_a_cross_asset,pearson,TLT,GLD,0.1917155735896414,0.15538092838172904,-0.03633464520791235,Correlation decreased
markov_regime_monthly.ms_prob_stress,0.75,panel_a_cross_asset,pearson,SHY,DBC,-0.09716931255393454,-0.15251108468442762,-0.05534177213049307,Correlation decreased
markov_regime_monthly.ms_prob_stress,0.75,panel_a_cross_asset,pearson,TLT,USO,-0.20544098882343767,-0.26872763128959853,-0.06328664246616086,Correlation decreased
markov_regime_monthly.ms_prob_stress,0.75,panel_a_cross_asset,pearson,AGG,GLD,0.268794341307671,0.19877962642081032,-0.07001471488686067,Correlation decreased
markov_regime_monthly.ms_prob_stress,0.75,panel_a_cross_asset,pearson,TLT,DBC,-0.18774629396046932,-0.2626478396887775,-0.07490154572830815,Correlation decreased
markov_regime_monthly.ms_prob_stress,0.75,panel_a_cross_asset,pearson,SPY,SHY,-0.19236667988433234,-0.27164525915001425,-0.07927857926568191,Correlation decreased
markov_regime_monthly.ms_prob_stress,0.75,panel_a_cross_asset,pearson,SHY,GLD,0.271943760148787,0.18294320708321316,-0.08900055306557386,Correlation decreased
markov_regime_monthly.ms_prob_stress,0.75,panel_a_cross_asset,pearson,SPY,TLT,-0.259109626594573,-0.35779058483194287,-0.09868095823736989,Correlation decreased
markov_regime_monthly.ms_prob_stress,0.75,panel_a_cross_asset,pearson,HYG,GLD,0.12644272316218333,0.010860784321998392,-0.11558193884018494,Correlation decreased
markov_regime_monthly.ms_prob_stress,0.75,panel_a_cross_asset,pearson,TLT,HYG,-0.058767625667278355,-0.1782156442219906,-0.11944801855471224,Correlation decreased
markov_regime_monthly.ms_prob_stress,0.75,panel_a_cross_asset,pearson,SHY,HYG,0.02353616441531174,-0.09874259581457384,-0.12227876022988558,Correlation decreased
markov_regime_monthly.ms_prob_stress,0.75,panel_a_cross_asset,pearson,GLD,VNQ,0.1441206749022351,0.02138526519379194,-0.12273540970844316,Correlation decreased
markov_regime_monthly.ms_prob_stress,0.75,panel_a_cross_asset,pearson,AGG,VNQ,0.17726926731092546,-0.037903807123393196,-0.21517307443431866,Correlation decreased
markov_regime_monthly.ms_prob_stress,0.75,panel_a_cross_asset,pearson,TLT,AGG,0.8650660239004961,0.6236931451500525,-0.24137287875044366,Correlation decreased
markov_regime_monthly.ms_prob_stress,0.75,panel_a_cross_asset,pearson,SHY,AGG,0.760422651648024,0.4996300281177803,-0.26079262353024374,Correlation decreased
markov_regime_monthly.ms_prob_stress,0.75,panel_a_cross_asset,pearson,SHY,VNQ,0.056631236856214406,-0.22171866382504998,-0.2783499006812644,Correlation decreased
markov_regime_monthly.ms_prob_stress,0.75,panel_a_cross_asset,pearson,TLT,VNQ,0.04760508772336388,-0.26136300317940825,-0.3089680909027721,Correlation decreased
markov_regime_monthly.ms_prob_stress,0.75,panel_b_international_equity,pearson,EWU,EWJ,0.597427520244979,0.8102036442307505,0.2127761239857715,Moderate breakdown
markov_regime_monthly.ms_prob_stress,0.75,panel_b_international_equity,pearson,EWG,EWJ,0.6172142140966874,0.8088555960739995,0.19164138197731206,Moderate breakdown
markov_regime_monthly.ms_prob_stress,0.75,panel_b_international_equity,pearson,SPY,EWJ,0.6461684800018687,0.8267066488951097,0.18053816889324104,Moderate breakdown
markov_regime_monthly.ms_prob_stress,0.75,panel_b_international_equity,pearson,EEM,EWJ,0.6371720567645011,0.810326053956527,0.17315399719202595,Moderate breakdown
markov_regime_monthly.ms_prob_stress,0.75,panel_b_international_equity,pearson,SPY,EWU,0.7198766535558758,0.8734774187169448,0.15360076516106902,Moderate breakdown
markov_regime_monthly.ms_prob_stress,0.75,panel_b_international_equity,pearson,EEM,EWU,0.7174885658094541,0.8608547380805887,0.14336617227113457,Moderate breakdown
markov_regime_monthly.ms_prob_stress,0.75,panel_b_international_equity,pearson,EEM,EWG,0.7149524099161143,0.8468452178267651,0.13189280791065083,Moderate breakdown
markov_regime_monthly.ms_prob_stress,0.75,panel_b_international_equity,pearson,SPY,EWG,0.7370805258986183,0.8636492421330175,0.12656871623439925,Moderate breakdown
markov_regime_monthly.ms_prob_stress,0.75,panel_b_international_equity,pearson,SPY,EEM,0.7328742355253143,0.8579587120433927,0.1250844765180784,Moderate breakdown
markov_regime_monthly.ms_prob_stress,0.75,panel_b_international_equity,pearson,EFA,EWJ,0.783893571726553,0.8963259705363881,0.11243239880983502,Moderate breakdown
markov_regime_monthly.ms_prob_stress,0.75,panel_b_international_equity,pearson,SPY,EFA,0.809260931320252,0.9145018146232248,0.10524088330297277,Moderate breakdown
markov_regime_monthly.ms_prob_stress,0.75,panel_b_international_equity,pearson,EFA,EEM,0.7997853546198251,0.9034100026617606,0.1036246480419355,Moderate breakdown
markov_regime_monthly.ms_prob_stress,0.75,panel_b_international_equity,pearson,EWG,EWU,0.8059562133134057,0.8988201270804118,0.09286391376700609,Small increase
markov_regime_monthly.ms_prob_stress,0.75,panel_b_international_equity,pearson,EFA,EWU,0.8932227082800523,0.949199959952943,0.05597725167289069,Small increase
markov_regime_monthly.ms_prob_stress,0.75,panel_b_international_equity,pearson,EFA,EWG,0.9043166268401182,0.9503235569877403,0.04600693014762214,Small increase
markov_regime_monthly.ms_prob_stress,0.75,etf_assets,pearson,EWJ,VNQ,0.4336796014020554,0.6545796781530164,0.22090007675096102,Moderate breakdown
markov_regime_monthly.ms_prob_stress,0.75,etf_assets,pearson,EEM,VNQ,0.5108829828723112,0.7231420006374968,0.21225901776518563,Moderate breakdown
markov_regime_monthly.ms_prob_stress,0.75,etf_assets,pearson,EWU,VNQ,0.5180052459543676,0.7199723013010106,0.20196705534664305,Moderate breakdown
markov_regime_monthly.ms_prob_stress,0.75,etf_assets,pearson,EWG,VNQ,0.49626923616835183,0.6977439161960466,0.20147468002769475,Moderate breakdown
markov_regime_monthly.ms_prob_stress,0.75,etf_assets,pearson,EEM,EWJ,0.6157289314747434,0.810326053956527,0.19459712248178362,Moderate breakdown
markov_regime_monthly.ms_prob_stress,0.75,etf_assets,pearson,EWJ,EWU,0.6188710104564995,0.8102036442307506,0.19133263377425114,Moderate breakdown
markov_regime_monthly.ms_prob_stress,0.75,etf_assets,pearson,USO,VNQ,0.11184231487975786,0.3015272257254847,0.1896849108457268,Moderate breakdown
markov_regime_monthly.ms_prob_stress,0.75,etf_assets,pearson,EFA,VNQ,0.5561155652952667,0.7452236090031652,0.18910804370789847,Moderate breakdown
markov_regime_monthly.ms_prob_stress,0.75,etf_assets,pearson,DBC,VNQ,0.1584321111175454,0.34261143049108894,0.18417931937354354,Moderate breakdown
markov_regime_monthly.ms_prob_stress,0.75,etf_assets,pearson,SPY,VNQ,0.6162325226507899,0.7992462905484138,0.1830137678976239,Moderate breakdown
markov_regime_monthly.ms_prob_stress,0.75,etf_assets,pearson,EWG,EWJ,0.62633806475696,0.8088555960739995,0.18251753131703952,Moderate breakdown
markov_regime_monthly.ms_prob_stress,0.75,etf_assets,pearson,DBC,EWJ,0.2572906831533939,0.4222601204420212,0.16496943728862734,Moderate breakdown
markov_regime_monthly.ms_prob_stress,0.75,etf_assets,pearson,EWJ,SPY,0.6645515335210178,0.8267066488951097,0.16215511537409188,Moderate breakdown
markov_regime_monthly.ms_prob_stress,0.75,etf_assets,pearson,EWG,USO,0.2514564531562484,0.40444665975832467,0.15299020660207624,Moderate breakdown
markov_regime_monthly.ms_prob_stress,0.75,etf_assets,pearson,DBC,EWG,0.3311872197326496,0.4777114600811722,0.14652424034852263,Moderate breakdown
markov_regime_monthly.ms_prob_stress,0.75,etf_assets,pearson,EWJ,USO,0.2026015712516114,0.34360848950381007,0.14100691825219866,Moderate breakdown
markov_regime_monthly.ms_prob_stress,0.75,etf_assets,pearson,EWU,SPY,0.7344356185104516,0.8734774187169448,0.13904180020649326,Moderate breakdown
markov_regime_monthly.ms_prob_stress,0.75,etf_assets,pearson,SPY,USO,0.28100033725611884,0.41921277434218535,0.1382124370860665,Moderate breakdown
markov_regime_monthly.ms_prob_stress,0.75,etf_assets,pearson,DBC,SPY,0.3314786770363603,0.46759581361176045,0.13611713657540014,Moderate breakdown
markov_regime_monthly.ms_prob_stress,0.75,etf_assets,pearson,EFA,USO,0.30650825125962766,0.4341081757025653,0.12759992444293766,Moderate breakdown
markov_regime_monthly.ms_prob_stress,0.75,etf_assets,pearson,EWU,USO,0.3392659203098857,0.46254170607447137,0.12327578576458564,Moderate breakdown
markov_regime_monthly.ms_prob_stress,0.75,etf_assets,pearson,AGG,SPY,-0.09610343011507054,0.025595657101517233,0.12169908721658777,Moderate breakdown
markov_regime_monthly.ms_prob_stress,0.75,etf_assets,pearson,EWG,SPY,0.7423125233239629,0.8636492421330177,0.12133671880905483,Moderate breakdown
markov_regime_monthly.ms_prob_stress,0.75,etf_assets,pearson,DBC,EFA,0.38978406216106126,0.51047262608822,0.12068856392715871,Moderate breakdown
markov_regime_monthly.ms_prob_stress,0.75,etf_assets,pearson,DBC,EWU,0.4087916928868283,0.526275621480539,0.11748392859371065,Moderate breakdown
markov_regime_monthly.ms_prob_stress,0.75,etf_assets,pearson,EEM,EWG,0.7297653222034699,0.8468452178267651,0.11707989562329524,Moderate breakdown
markov_regime_monthly.ms_prob_stress,0.75,etf_assets,pearson,AGG,USO,-0.13618600767804254,-0.02000210839426821,0.11618389928377433,Moderate breakdown
markov_regime_monthly.ms_prob_stress,0.75,etf_assets,pearson,AGG,HYG,0.15148722739521955,0.2674065263103445,0.11591929891512495,Moderate breakdown
markov_regime_monthly.ms_prob_stress,0.75,etf_assets,pearson,EEM,SPY,0.745795147632663,0.8579587120433927,0.11216356441072972,Moderate breakdown
markov_regime_monthly.ms_prob_stress,0.75,etf_assets,pearson,EEM,EWU,0.7508531744951533,0.8608547380805887,0.11000156358543534,Moderate breakdown
markov_regime_monthly.ms_prob_stress,0.75,etf_assets,pearson,AGG,EWJ,-0.021291387686780437,0.08830777676450342,0.10959916445128386,Moderate breakdown
markov_regime_monthly.ms_prob_stress,0.75,etf_assets,pearson,EEM,USO,0.3214737313125485,0.4296882985383131,0.10821456722576456,Moderate breakdown
markov_regime_monthly.ms_prob_stress,0.75,etf_assets,pearson,EFA,EWJ,0.7882288396323851,0.8963259705363881,0.10809713090400297,Moderate breakdown
markov_regime_monthly.ms_prob_stress,0.75,etf_assets,pearson,AGG,EFA,-0.04919718337300029,0.05888286071484772,0.108080044087848,Moderate breakdown
markov_regime_monthly.ms_prob_stress,0.75,etf_assets,pearson,AGG,EWG,-0.06254308301869069,0.04522504298069696,0.10776812599938765,Moderate breakdown
markov_regime_monthly.ms_prob_stress,0.75,etf_assets,pearson,AGG,DBC,-0.09772362111161545,0.008539666038300336,0.10626328714991579,Moderate breakdown
markov_regime_monthly.ms_prob_stress,0.75,etf_assets,pearson,EFA,SPY,0.8185911601853938,0.9145018146232246,0.09591065443783076,Small increase
markov_regime_monthly.ms_prob_stress,0.75,etf_assets,pearson,EWJ,HYG,0.4947735214833495,0.5874605036058114,0.09268698212246185,Small increase
markov_regime_monthly.ms_prob_stress,0.75,etf_assets,pearson,EEM,EFA,0.813913634754933,0.9034100026617606,0.08949636790682769,Small increase
markov_regime_monthly.ms_prob_stress,0.75,etf_assets,pearson,AGG,EWU,-0.05580092548552376,0.029557469185881015,0.08535839467140477,Small increase
markov_regime_monthly.ms_prob_stress,0.75,etf_assets,pearson,DBC,EEM,0.41301671299896114,0.49608220453995044,0.0830654915409893,Small increase
markov_regime_monthly.ms_prob_stress,0.75,etf_assets,pearson,EWG,EWU,0.826920864871069,0.8988201270804118,0.07189926220934284,Small increase
markov_regime_monthly.ms_prob_stress,0.75,etf_assets,pearson,DBC,HYG,0.3258541228629304,0.39213761429278865,0.06628349142985823,Small increase
markov_regime_monthly.ms_prob_stress,0.75,etf_assets,pearson,EFA,EWU,0.9154109563722838,0.949199959952943,0.03378900358065928,Small increase
markov_regime_monthly.ms_prob_stress,0.75,etf_assets,pearson,EFA,EWG,0.9204487048296085,0.9503235569877403,0.029874852158131793,Small increase
markov_regime_monthly.ms_prob_stress,0.75,etf_assets,pearson,HYG,USO,0.2931423742994661,0.32102233310655787,0.027879958807091765,Small increase
markov_regime_monthly.ms_prob_stress,0.75,etf_assets,pearson,EWG,HYG,0.6010382675459881,0.6270093682066783,0.025971100660690194,Small increase
markov_regime_monthly.ms_prob_stress,0.75,etf_assets,pearson,EWU,HYG,0.6195624909791958,0.6434861510972046,0.023923660118008838,Small increase
markov_regime_monthly.ms_prob_stress,0.75,etf_assets,pearson,HYG,VNQ,0.520017973402067,0.5326799443156762,0.01266197091360921,Small increase
markov_regime_monthly.ms_prob_stress,0.75,etf_assets,pearson,EFA,HYG,0.6592950673905427,0.670160826911196,0.010865759520653384,Small increase
markov_regime_monthly.ms_prob_stress,0.75,etf_assets,pearson,SHY,TLT,0.560800960341609,0.570988029331052,0.010187068989442993,Small increase
markov_regime_monthly.ms_prob_stress,0.75,etf_assets,pearson,GLD,USO,0.17503291079962002,0.18521075889972471,0.010177848100104692,Small increase
markov_regime_monthly.ms_prob_stress,0.75,etf_assets,pearson,DBC,GLD,0.3453704379418874,0.35448829810391574,0.009117860162028368,Small increase
markov_regime_monthly.ms_prob_stress,0.75,etf_assets,pearson,HYG,SPY,0.6806065692158204,0.6879918754268494,0.0073853062110289525,Small increase
markov_regime_monthly.ms_prob_stress,0.75,etf_assets,pearson,AGG,EEM,-0.02250688648172345,-0.02554771545579328,-0.0030408289740698306,Correlation decreased
markov_regime_monthly.ms_prob_stress,0.75,etf_assets,pearson,EEM,HYG,0.6163419690032609,0.6096945253725556,-0.006647443630705241,Correlation decreased
markov_regime_monthly.ms_prob_stress,0.75,etf_assets,pearson,EWJ,GLD,0.1152893144910971,0.09172053296512431,-0.02356878152597279,Correlation decreased
markov_regime_monthly.ms_prob_stress,0.75,etf_assets,pearson,SHY,USO,-0.126339375795406,-0.1552049546790156,-0.028865578883609605,Correlation decreased
markov_regime_monthly.ms_prob_stress,0.75,etf_assets,pearson,DBC,USO,0.8690789864339036,0.8388447870973086,-0.03023419933659499,Correlation decreased
markov_regime_monthly.ms_prob_stress,0.75,etf_assets,pearson,EWG,GLD,0.17056463138459807,0.13499155838272603,-0.03557307300187204,Correlation decreased
markov_regime_monthly.ms_prob_stress,0.75,etf_assets,pearson,GLD,SPY,0.07350706459546073,0.037483613400661024,-0.03602345119479971,Correlation decreased
markov_regime_monthly.ms_prob_stress,0.75,etf_assets,pearson,GLD,TLT,0.1917155735896414,0.15538092838172904,-0.03633464520791235,Correlation decreased
markov_regime_monthly.ms_prob_stress,0.75,etf_assets,pearson,DBC,SHY,-0.09716931255393456,-0.15251108468442762,-0.05534177213049306,Correlation decreased
markov_regime_monthly.ms_prob_stress,0.75,etf_assets,pearson,EWU,GLD,0.18499219028534156,0.12266563819808349,-0.06232655208725807,Correlation decreased
markov_regime_monthly.ms_prob_stress,0.75,etf_assets,pearson,TLT,USO,-0.20544098882343767,-0.26872763128959853,-0.06328664246616086,Correlation decreased
markov_regime_monthly.ms_prob_stress,0.75,etf_assets,pearson,AGG,GLD,0.268794341307671,0.19877962642081032,-0.07001471488686067,Correlation decreased
markov_regime_monthly.ms_prob_stress,0.75,etf_assets,pearson,EFA,GLD,0.19487284695731377,0.12266964045946675,-0.07220320649784702,Correlation decreased
markov_regime_monthly.ms_prob_stress,0.75,etf_assets,pearson,DBC,TLT,-0.18774629396046932,-0.2626478396887775,-0.07490154572830815,Correlation decreased
markov_regime_monthly.ms_prob_stress,0.75,etf_assets,pearson,SHY,SPY,-0.19236667988433237,-0.27164525915001425,-0.07927857926568188,Correlation decreased
markov_regime_monthly.ms_prob_stress,0.75,etf_assets,pearson,EWG,TLT,-0.24711336320863417,-0.3332041040018442,-0.08609074079321002,Correlation decreased
markov_regime_monthly.ms_prob_stress,0.75,etf_assets,pearson,GLD,SHY,0.271943760148787,0.18294320708321316,-0.08900055306557386,Correlation decreased
markov_regime_monthly.ms_prob_stress,0.75,etf_assets,pearson,EWJ,TLT,-0.15842167299745352,-0.250987766895786,-0.09256609389833248,Correlation decreased
markov_regime_monthly.ms_prob_stress,0.75,etf_assets,pearson,EFA,TLT,-0.24426975811185386,-0.3387699454636127,-0.09450018735175886,Correlation decreased
markov_regime_monthly.ms_prob_stress,0.75,etf_assets,pearson,SPY,TLT,-0.259109626594573,-0.35779058483194287,-0.09868095823736989,Correlation decreased
markov_regime_monthly.ms_prob_stress,0.75,etf_assets,pearson,EEM,GLD,0.23246428839718808,0.12649485078662492,-0.10596943761056316,Correlation decreased
markov_regime_monthly.ms_prob_stress,0.75,etf_assets,pearson,EWJ,SHY,-0.08250564260055453,-0.19208309161205883,-0.1095774490115043,Correlation decreased
markov_regime_monthly.ms_prob_stress,0.75,etf_assets,pearson,EWU,TLT,-0.24452457622016063,-0.35587802594406204,-0.1113534497239014,Correlation decreased
markov_regime_monthly.ms_prob_stress,0.75,etf_assets,pearson,GLD,HYG,0.12644272316218333,0.010860784321998378,-0.11558193884018494,Correlation decreased
markov_regime_monthly.ms_prob_stress,0.75,etf_assets,pearson,HYG,TLT,-0.05876762566727836,-0.17821564422199063,-0.11944801855471227,Correlation decreased
markov_regime_monthly.ms_prob_stress,0.75,etf_assets,pearson,EWG,SHY,-0.1082517969128182,-0.2295213435483238,-0.1212695466355056,Correlation decreased
markov_regime_monthly.ms_prob_stress,0.75,etf_assets,pearson,HYG,SHY,0.02353616441531175,-0.09874259581457387,-0.12227876022988562,Correlation decreased
markov_regime_monthly.ms_prob_stress,0.75,etf_assets,pearson,GLD,VNQ,0.1441206749022351,0.02138526519379194,-0.12273540970844316,Correlation decreased
markov_regime_monthly.ms_prob_stress,0.75,etf_assets,pearson,EFA,SHY,-0.10857417166865808,-0.2557839129740433,-0.14720974130538522,Correlation decreased
markov_regime_monthly.ms_prob_stress,0.75,etf_assets,pearson,EEM,TLT,-0.18788150546293478,-0.3430059770544995,-0.1551244715915647,Correlation decreased
markov_regime_monthly.ms_prob_stress,0.75,etf_assets,pearson,EWU,SHY,-0.09964812373108319,-0.2636951952865981,-0.16404707155551496,Correlation decreased
markov_regime_monthly.ms_prob_stress,0.75,etf_assets,pearson,AGG,VNQ,0.17726926731092546,-0.037903807123393196,-0.21517307443431866,Correlation decreased
markov_regime_monthly.ms_prob_stress,0.75,etf_assets,pearson,EEM,SHY,-0.09690648888902133,-0.31277491837355437,-0.21586842948453305,Correlation decreased
markov_regime_monthly.ms_prob_stress,0.75,etf_assets,pearson,AGG,TLT,0.8650660239004961,0.6236931451500525,-0.24137287875044366,Correlation decreased
markov_regime_monthly.ms_prob_stress,0.75,etf_assets,pearson,AGG,SHY,0.760422651648024,0.4996300281177802,-0.26079262353024385,Correlation decreased
markov_regime_monthly.ms_prob_stress,0.75,etf_assets,pearson,SHY,VNQ,0.056631236856214406,-0.22171866382504998,-0.2783499006812644,Correlation decreased
markov_regime_monthly.ms_prob_stress,0.75,etf_assets,pearson,TLT,VNQ,0.04760508772336388,-0.26136300317940825,-0.3089680909027721,Correlation decreased
markov_regime_monthly.ms_prob_stress,0.9,panel_a_cross_asset,pearson,AGG,HYG,0.10963540175029532,0.2964630775394844,0.1868276757891891,Moderate breakdown
markov_regime_monthly.ms_prob_stress,0.9,panel_a_cross_asset,pearson,SPY,AGG,-0.11704222833903605,0.04818086716824376,0.16522309550727982,Moderate breakdown
markov_regime_monthly.ms_prob_stress,0.9,panel_a_cross_asset,pearson,SPY,VNQ,0.6423468186033646,0.8040864181210716,0.161739599517707,Moderate breakdown
markov_regime_monthly.ms_prob_stress,0.9,panel_a_cross_asset,pearson,USO,VNQ,0.15288754398769402,0.3007016724234343,0.1478141284357403,Moderate breakdown
markov_regime_monthly.ms_prob_stress,0.9,panel_a_cross_asset,pearson,AGG,DBC,-0.10626016831566902,0.028641995517011836,0.13490216383268086,Moderate breakdown
markov_regime_monthly.ms_prob_stress,0.9,panel_a_cross_asset,pearson,DBC,VNQ,0.21003494090595037,0.33904183482520983,0.12900689391925946,Moderate breakdown
markov_regime_monthly.ms_prob_stress,0.9,panel_a_cross_asset,pearson,AGG,USO,-0.13453562793530216,-0.008655927597262632,0.12587970033803952,Moderate breakdown
markov_regime_monthly.ms_prob_stress,0.9,panel_a_cross_asset,pearson,SPY,USO,0.3131678569649848,0.41365198963250704,0.10048413266752226,Moderate breakdown
markov_regime_monthly.ms_prob_stress,0.9,panel_a_cross_asset,pearson,SPY,DBC,0.3655055714048267,0.46437165083058385,0.09886607942575715,Small increase
markov_regime_monthly.ms_prob_stress,0.9,panel_a_cross_asset,pearson,HYG,DBC,0.353584207325948,0.3861703390227945,0.03258613169684654,Small increase
markov_regime_monthly.ms_prob_stress,0.9,panel_a_cross_asset,pearson,SPY,HYG,0.6650130824636872,0.6932256650490879,0.028212582585400714,Small increase
markov_regime_monthly.ms_prob_stress,0.9,panel_a_cross_asset,pearson,TLT,GLD,0.16262625119962576,0.1847093786863422,0.022083127486716453,Small increase
markov_regime_monthly.ms_prob_stress,0.9,panel_a_cross_asset,pearson,HYG,VNQ,0.5146820901563571,0.5355050436761267,0.020822953519769594,Small increase
markov_regime_monthly.ms_prob_stress,0.9,panel_a_cross_asset,pearson,HYG,USO,0.3150939571940575,0.3107418800640093,-0.004352077130048149,Correlation decreased
markov_regime_monthly.ms_prob_stress,0.9,panel_a_cross_asset,pearson,SHY,TLT,0.5701828089336595,0.5620084642537642,-0.008174344679895307,Correlation decreased
markov_regime_monthly.ms_prob_stress,0.9,panel_a_cross_asset,pearson,SHY,GLD,0.22725598074322811,0.21807806149236533,-0.009177919250862782,Correlation decreased
markov_regime_monthly.ms_prob_stress,0.9,panel_a_cross_asset,pearson,AGG,GLD,0.23491094573888183,0.22038797210054392,-0.014522973638337905,Correlation decreased
markov_regime_monthly.ms_prob_stress,0.9,panel_a_cross_asset,pearson,SHY,USO,-0.12745085061525516,-0.16087949049704503,-0.03342863988178987,Correlation decreased
markov_regime_monthly.ms_prob_stress,0.9,panel_a_cross_asset,pearson,DBC,USO,0.8697636100547284,0.834640555125832,-0.035123054928896336,Correlation decreased
markov_regime_monthly.ms_prob_stress,0.9,panel_a_cross_asset,pearson,SPY,SHY,-0.22470765805428117,-0.2642762239929727,-0.03956856593869151,Correlation decreased
markov_regime_monthly.ms_prob_stress,0.9,panel_a_cross_asset,pearson,GLD,USO,0.20205811885465505,0.15942489493319886,-0.04263322392145619,Correlation decreased
markov_regime_monthly.ms_prob_stress,0.9,panel_a_cross_asset,pearson,GLD,DBC,0.37116882803210766,0.3269524828366269,-0.04421634519548073,Correlation decreased
markov_regime_monthly.ms_prob_stress,0.9,panel_a_cross_asset,pearson,SHY,DBC,-0.10728918994904216,-0.15429546313354908,-0.047006273184506925,Correlation decreased
markov_regime_monthly.ms_prob_stress,0.9,panel_a_cross_asset,pearson,TLT,USO,-0.20198419198848938,-0.28167645291545057,-0.07969226092696119,Correlation decreased
markov_regime_monthly.ms_prob_stress,0.9,panel_a_cross_asset,pearson,SHY,HYG,-0.014804946350465977,-0.09528604065578253,-0.08048109430531655,Correlation decreased
markov_regime_monthly.ms_prob_stress,0.9,panel_a_cross_asset,pearson,TLT,DBC,-0.18893094204173905,-0.27401762676116437,-0.08508668471942532,Correlation decreased
markov_regime_monthly.ms_prob_stress,0.9,panel_a_cross_asset,pearson,SPY,TLT,-0.26917521784349147,-0.36431990099334427,-0.0951446831498528,Correlation decreased
markov_regime_monthly.ms_prob_stress,0.9,panel_a_cross_asset,pearson,SPY,GLD,0.10513913064737651,0.006838846160884246,-0.09830028448649226,Correlation decreased
markov_regime_monthly.ms_prob_stress,0.9,panel_a_cross_asset,pearson,AGG,VNQ,0.0806064965151008,-0.018784829145455956,-0.09939132566055675,Correlation decreased
markov_regime_monthly.ms_prob_stress,0.9,panel_a_cross_asset,pearson,TLT,HYG,-0.07441414040005324,-0.18396813208947457,-0.10955399168942133,Correlation decreased
markov_regime_monthly.ms_prob_stress,0.9,panel_a_cross_asset,pearson,GLD,VNQ,0.1483025421670016,-0.0018076225011482482,-0.15011016466814983,Correlation decreased
markov_regime_monthly.ms_prob_stress,0.9,panel_a_cross_asset,pearson,HYG,GLD,0.13786526469535268,-0.013315615101343298,-0.15118087979669598,Correlation decreased
markov_regime_monthly.ms_prob_stress,0.9,panel_a_cross_asset,pearson,SHY,VNQ,-0.04159078707252477,-0.20927574204898192,-0.16768495497645713,Correlation decreased
markov_regime_monthly.ms_prob_stress,0.9,panel_a_cross_asset,pearson,TLT,VNQ,-0.02192895426344207,-0.26185582237668054,-0.23992686811323846,Correlation decreased
markov_regime_monthly.ms_prob_stress,0.9,panel_a_cross_asset,pearson,TLT,AGG,0.8616870037068417,0.5971124386463383,-0.26457456506050336,Correlation decreased
markov_regime_monthly.ms_prob_stress,0.9,panel_a_cross_asset,pearson,SHY,AGG,0.7461421639997098,0.47619285743832795,-0.26994930656138183,Correlation decreased
markov_regime_monthly.ms_prob_stress,0.9,panel_b_international_equity,pearson,EWU,EWJ,0.6042859296530522,0.8257123838741147,0.22142645422106255,Moderate breakdown
markov_regime_monthly.ms_prob_stress,0.9,panel_b_international_equity,pearson,EWG,EWJ,0.6228379832919726,0.8242148994977658,0.20137691620579323,Moderate breakdown
markov_regime_monthly.ms_prob_stress,0.9,panel_b_international_equity,pearson,SPY,EWJ,0.6491155029091102,0.8407823027227392,0.191666799813629,Moderate breakdown
markov_regime_monthly.ms_prob_stress,0.9,panel_b_international_equity,pearson,EEM,EWJ,0.6410025712725895,0.8246071704675164,0.1836045991949269,Moderate breakdown
markov_regime_monthly.ms_prob_stress,0.9,panel_b_international_equity,pearson,SPY,EWU,0.737516642450541,0.8792907942465507,0.1417741517960096,Moderate breakdown
markov_regime_monthly.ms_prob_stress,0.9,panel_b_international_equity,pearson,EFA,EWJ,0.7824520302333132,0.9067317673145585,0.12427973708124529,Moderate breakdown
markov_regime_monthly.ms_prob_stress,0.9,panel_b_international_equity,pearson,EEM,EWU,0.7411344765702351,0.8617175496375377,0.12058307306730254,Moderate breakdown
markov_regime_monthly.ms_prob_stress,0.9,panel_b_international_equity,pearson,EEM,EWG,0.7339608684839597,0.8481422991861979,0.11418143070223818,Moderate breakdown
markov_regime_monthly.ms_prob_stress,0.9,panel_b_international_equity,pearson,SPY,EWG,0.7531632755707297,0.8666951051486135,0.11353182957788377,Moderate breakdown
markov_regime_monthly.ms_prob_stress,0.9,panel_b_international_equity,pearson,SPY,EEM,0.7508416553458234,0.8611516105247874,0.11030995517896403,Moderate breakdown
markov_regime_monthly.ms_prob_stress,0.9,panel_b_international_equity,pearson,SPY,EFA,0.8207020439053451,0.9188580542747692,0.09815601036942412,Small increase
markov_regime_monthly.ms_prob_stress,0.9,panel_b_international_equity,pearson,EFA,EEM,0.8148153739024707,0.9054859699566503,0.0906705960541796,Small increase
markov_regime_monthly.ms_prob_stress,0.9,panel_b_international_equity,pearson,EWG,EWU,0.8146008347939199,0.9032009313471521,0.0886000965532322,Small increase
markov_regime_monthly.ms_prob_stress,0.9,panel_b_international_equity,pearson,EFA,EWU,0.8982929026666571,0.9524158030515433,0.05412290038488621,Small increase
markov_regime_monthly.ms_prob_stress,0.9,panel_b_international_equity,pearson,EFA,EWG,0.9093566598031722,0.9517363040043744,0.042379644201202216,Small increase
markov_regime_monthly.ms_prob_stress,0.9,etf_assets,pearson,EWJ,VNQ,0.44170781204726534,0.6694192037166756,0.2277113916694103,Moderate breakdown
markov_regime_monthly.ms_prob_stress,0.9,etf_assets,pearson,EWJ,EWU,0.6267581928530002,0.8257123838741147,0.19895419102111456,Moderate breakdown
markov_regime_monthly.ms_prob_stress,0.9,etf_assets,pearson,EEM,EWJ,0.6262546612300014,0.8246071704675164,0.19835250923751502,Moderate breakdown
markov_regime_monthly.ms_prob_stress,0.9,etf_assets,pearson,EWU,VNQ,0.5390065453393317,0.7325715862408451,0.19356504090151339,Moderate breakdown
markov_regime_monthly.ms_prob_stress,0.9,etf_assets,pearson,EWG,EWJ,0.6339188488218181,0.8242148994977658,0.19029605067594768,Moderate breakdown
markov_regime_monthly.ms_prob_stress,0.9,etf_assets,pearson,AGG,HYG,0.10963540175029532,0.2964630775394844,0.1868276757891891,Moderate breakdown
markov_regime_monthly.ms_prob_stress,0.9,etf_assets,pearson,EEM,VNQ,0.545963145826064,0.7326710079228541,0.18670786209679013,Moderate breakdown
markov_regime_monthly.ms_prob_stress,0.9,etf_assets,pearson,EWG,VNQ,0.5203095682561628,0.7067211036264759,0.18641153537031308,Moderate breakdown
markov_regime_monthly.ms_prob_stress,0.9,etf_assets,pearson,EFA,VNQ,0.5767931013773175,0.7556273193805392,0.17883421800322163,Moderate breakdown
markov_regime_monthly.ms_prob_stress,0.9,etf_assets,pearson,EWJ,SPY,0.6676779162473475,0.8407823027227392,0.17310438647539172,Moderate breakdown
markov_regime_monthly.ms_prob_stress,0.9,etf_assets,pearson,AGG,SPY,-0.11704222833903603,0.04818086716824374,0.16522309550727976,Moderate breakdown
markov_regime_monthly.ms_prob_stress,0.9,etf_assets,pearson,SPY,VNQ,0.6423468186033646,0.8040864181210716,0.161739599517707,Moderate breakdown
markov_regime_monthly.ms_prob_stress,0.9,etf_assets,pearson,USO,VNQ,0.15288754398769402,0.3007016724234343,0.1478141284357403,Moderate breakdown
markov_regime_monthly.ms_prob_stress,0.9,etf_assets,pearson,AGG,EFA,-0.06645863105298822,0.08061840521831226,0.14707703627130048,Moderate breakdown
markov_regime_monthly.ms_prob_stress,0.9,etf_assets,pearson,AGG,EWG,-0.07756463503693012,0.06642130007441407,0.1439859351113442,Moderate breakdown
markov_regime_monthly.ms_prob_stress,0.9,etf_assets,pearson,AGG,EWU,-0.0836707613990077,0.055264768946347756,0.13893553034535544,Moderate breakdown
markov_regime_monthly.ms_prob_stress,0.9,etf_assets,pearson,AGG,DBC,-0.10626016831566902,0.028641995517011836,0.13490216383268086,Moderate breakdown
markov_regime_monthly.ms_prob_stress,0.9,etf_assets,pearson,DBC,VNQ,0.21003494090595037,0.33904183482520983,0.12900689391925946,Moderate breakdown
markov_regime_monthly.ms_prob_stress,0.9,etf_assets,pearson,EWU,SPY,0.7529298472760212,0.8792907942465507,0.12636094697052946,Moderate breakdown
markov_regime_monthly.ms_prob_stress,0.9,etf_assets,pearson,AGG,USO,-0.13453562793530216,-0.008655927597262632,0.12587970033803952,Moderate breakdown
markov_regime_monthly.ms_prob_stress,0.9,etf_assets,pearson,DBC,EWJ,0.2912044822109343,0.41685724884002523,0.12565276662909092,Moderate breakdown
markov_regime_monthly.ms_prob_stress,0.9,etf_assets,pearson,EWJ,HYG,0.478255597271842,0.6018785934328132,0.12362299616097122,Moderate breakdown
markov_regime_monthly.ms_prob_stress,0.9,etf_assets,pearson,EFA,EWJ,0.7884910631678649,0.9067317673145585,0.11824070414669363,Moderate breakdown
markov_regime_monthly.ms_prob_stress,0.9,etf_assets,pearson,AGG,EWJ,-0.01784565573966425,0.09729546085248451,0.11514111659214876,Moderate breakdown
markov_regime_monthly.ms_prob_stress,0.9,etf_assets,pearson,EWG,SPY,0.761323301877287,0.8666951051486135,0.10537180327132645,Moderate breakdown
markov_regime_monthly.ms_prob_stress,0.9,etf_assets,pearson,SPY,USO,0.3131678569649848,0.41365198963250704,0.10048413266752226,Moderate breakdown
markov_regime_monthly.ms_prob_stress,0.9,etf_assets,pearson,EWJ,USO,0.23500957939517494,0.3340253015310655,0.09901572213589058,Small increase
markov_regime_monthly.ms_prob_stress,0.9,etf_assets,pearson,DBC,SPY,0.3655055714048267,0.4643716508305837,0.09886607942575698,Small increase
markov_regime_monthly.ms_prob_stress,0.9,etf_assets,pearson,EWG,USO,0.2937935480958649,0.3919963648358075,0.09820281673994263,Small increase
markov_regime_monthly.ms_prob_stress,0.9,etf_assets,pearson,EEM,EWG,0.750850247481055,0.8481422991861979,0.09729205170514288,Small increase
markov_regime_monthly.ms_prob_stress,0.9,etf_assets,pearson,EEM,SPY,0.765177919730995,0.8611516105247874,0.09597369079379237,Small increase
markov_regime_monthly.ms_prob_stress,0.9,etf_assets,pearson,EFA,SPY,0.8306470290153473,0.9188580542747693,0.08821102525942204,Small increase
markov_regime_monthly.ms_prob_stress,0.9,etf_assets,pearson,EEM,EWU,0.7739179775047037,0.8617175496375377,0.08779957213283396,Small increase
markov_regime_monthly.ms_prob_stress,0.9,etf_assets,pearson,DBC,EWG,0.3796687787655881,0.4618357291327112,0.08216695036712313,Small increase
markov_regime_monthly.ms_prob_stress,0.9,etf_assets,pearson,EWU,USO,0.3733892085882568,0.4536158889221562,0.0802266803338994,Small increase
markov_regime_monthly.ms_prob_stress,0.9,etf_assets,pearson,EEM,EFA,0.8299516979162016,0.9054859699566504,0.07553427204044882,Small increase
markov_regime_monthly.ms_prob_stress,0.9,etf_assets,pearson,EFA,USO,0.34729023608784554,0.42121218982459996,0.07392195373675442,Small increase
markov_regime_monthly.ms_prob_stress,0.9,etf_assets,pearson,DBC,EWU,0.44453634478587883,0.5179965691829599,0.07346022439708105,Small increase
markov_regime_monthly.ms_prob_stress,0.9,etf_assets,pearson,EWG,EWU,0.8336717745429219,0.9032009313471521,0.06952915680423022,Small increase
markov_regime_monthly.ms_prob_stress,0.9,etf_assets,pearson,DBC,EFA,0.43138273206750594,0.4984164148486652,0.06703368278115929,Small increase
markov_regime_monthly.ms_prob_stress,0.9,etf_assets,pearson,EEM,USO,0.35507016261919927,0.41972642047205,0.06465625785285073,Small increase
markov_regime_monthly.ms_prob_stress,0.9,etf_assets,pearson,AGG,EEM,-0.06409671444766994,-0.0018767416990480793,0.062219972748621864,Small increase
markov_regime_monthly.ms_prob_stress,0.9,etf_assets,pearson,EWU,HYG,0.595484598209092,0.6565574124320077,0.06107281422291566,Small increase
markov_regime_monthly.ms_prob_stress,0.9,etf_assets,pearson,EFA,HYG,0.6410604538150873,0.6788332901518529,0.03777283633676565,Small increase
markov_regime_monthly.ms_prob_stress,0.9,etf_assets,pearson,DBC,EEM,0.4472716631248823,0.4838840539410332,0.036612390816150864,Small increase
markov_regime_monthly.ms_prob_stress,0.9,etf_assets,pearson,EFA,EWU,0.9170092079788722,0.9524158030515433,0.035406595072671077,Small increase
markov_regime_monthly.ms_prob_stress,0.9,etf_assets,pearson,EWG,HYG,0.5965692177902016,0.6307230349521588,0.0341538171619572,Small increase
markov_regime_monthly.ms_prob_stress,0.9,etf_assets,pearson,DBC,HYG,0.353584207325948,0.3861703390227945,0.03258613169684654,Small increase
markov_regime_monthly.ms_prob_stress,0.9,etf_assets,pearson,HYG,SPY,0.6650130824636872,0.6932256650490879,0.028212582585400714,Small increase
markov_regime_monthly.ms_prob_stress,0.9,etf_assets,pearson,EFA,EWG,0.9236869295709385,0.9517363040043744,0.028049374433435914,Small increase
markov_regime_monthly.ms_prob_stress,0.9,etf_assets,pearson,EEM,HYG,0.5929450611971728,0.619981872418604,0.0270368112214312,Small increase
markov_regime_monthly.ms_prob_stress,0.9,etf_assets,pearson,GLD,TLT,0.1626262511996258,0.18470937868634227,0.02208312748671648,Small increase
markov_regime_monthly.ms_prob_stress,0.9,etf_assets,pearson,HYG,VNQ,0.5146820901563571,0.5355050436761267,0.020822953519769594,Small increase
markov_regime_monthly.ms_prob_stress,0.9,etf_assets,pearson,HYG,USO,0.3150939571940575,0.3107418800640093,-0.004352077130048149,Correlation decreased
markov_regime_monthly.ms_prob_stress,0.9,etf_assets,pearson,SHY,TLT,0.5701828089336595,0.5620084642537642,-0.008174344679895307,Correlation decreased
markov_regime_monthly.ms_prob_stress,0.9,etf_assets,pearson,GLD,SHY,0.22725598074322806,0.21807806149236533,-0.009177919250862726,Correlation decreased
markov_regime_monthly.ms_prob_stress,0.9,etf_assets,pearson,AGG,GLD,0.23491094573888183,0.22038797210054392,-0.014522973638337905,Correlation decreased
markov_regime_monthly.ms_prob_stress,0.9,etf_assets,pearson,SHY,USO,-0.12745085061525516,-0.16087949049704503,-0.03342863988178987,Correlation decreased
markov_regime_monthly.ms_prob_stress,0.9,etf_assets,pearson,DBC,USO,0.8697636100547284,0.834640555125832,-0.035123054928896336,Correlation decreased
markov_regime_monthly.ms_prob_stress,0.9,etf_assets,pearson,SHY,SPY,-0.2247076580542811,-0.2642762239929726,-0.03956856593869151,Correlation decreased
markov_regime_monthly.ms_prob_stress,0.9,etf_assets,pearson,GLD,USO,0.20205811885465505,0.15942489493319886,-0.04263322392145619,Correlation decreased
markov_regime_monthly.ms_prob_stress,0.9,etf_assets,pearson,DBC,GLD,0.37116882803210766,0.32695248283662687,-0.04421634519548079,Correlation decreased
markov_regime_monthly.ms_prob_stress,0.9,etf_assets,pearson,DBC,SHY,-0.10728918994904213,-0.15429546313354908,-0.04700627318450695,Correlation decreased
markov_regime_monthly.ms_prob_stress,0.9,etf_assets,pearson,TLT,USO,-0.20198419198848938,-0.28167645291545057,-0.07969226092696119,Correlation decreased
markov_regime_monthly.ms_prob_stress,0.9,etf_assets,pearson,HYG,SHY,-0.014804946350465987,-0.09528604065578253,-0.08048109430531654,Correlation decreased
markov_regime_monthly.ms_prob_stress,0.9,etf_assets,pearson,EWJ,GLD,0.1436407309626922,0.0589905271836125,-0.0846502037790797,Correlation decreased
markov_regime_monthly.ms_prob_stress,0.9,etf_assets,pearson,DBC,TLT,-0.18893094204173908,-0.27401762676116437,-0.08508668471942529,Correlation decreased
markov_regime_monthly.ms_prob_stress,0.9,etf_assets,pearson,EWG,SHY,-0.13885530227034465,-0.22638670616765516,-0.08753140389731051,Correlation decreased
markov_regime_monthly.ms_prob_stress,0.9,etf_assets,pearson,EWG,TLT,-0.25166724066603896,-0.3420524486708107,-0.09038520800477173,Correlation decreased
markov_regime_monthly.ms_prob_stress,0.9,etf_assets,pearson,SPY,TLT,-0.26917521784349147,-0.36431990099334427,-0.0951446831498528,Correlation decreased
markov_regime_monthly.ms_prob_stress,0.9,etf_assets,pearson,GLD,SPY,0.10513913064737654,0.006838846160884227,-0.0983002844864923,Correlation decreased
markov_regime_monthly.ms_prob_stress,0.9,etf_assets,pearson,AGG,VNQ,0.0806064965151008,-0.018784829145455956,-0.09939132566055675,Correlation decreased
markov_regime_monthly.ms_prob_stress,0.9,etf_assets,pearson,EFA,TLT,-0.24576411023439895,-0.35114173875793225,-0.1053776285235333,Correlation decreased
markov_regime_monthly.ms_prob_stress,0.9,etf_assets,pearson,EWU,SHY,-0.1485352568086623,-0.25520170230023204,-0.10666644549156973,Correlation decreased
markov_regime_monthly.ms_prob_stress,0.9,etf_assets,pearson,HYG,TLT,-0.0744141404000533,-0.18396813208947457,-0.10955399168942127,Correlation decreased
markov_regime_monthly.ms_prob_stress,0.9,etf_assets,pearson,EWU,TLT,-0.2525319898429695,-0.3654546043799212,-0.11292261453695174,Correlation decreased
markov_regime_monthly.ms_prob_stress,0.9,etf_assets,pearson,EFA,SHY,-0.14083918221218314,-0.25777772886445177,-0.11693854665226863,Correlation decreased
markov_regime_monthly.ms_prob_stress,0.9,etf_assets,pearson,EWJ,TLT,-0.15223905914081115,-0.2702943109166768,-0.11805525177586568,Correlation decreased
markov_regime_monthly.ms_prob_stress,0.9,etf_assets,pearson,EWG,GLD,0.21042044638242488,0.09133331948910635,-0.11908712689331853,Correlation decreased
markov_regime_monthly.ms_prob_stress,0.9,etf_assets,pearson,EWJ,SHY,-0.08796230091900399,-0.20750142519129441,-0.11953912427229042,Correlation decreased
markov_regime_monthly.ms_prob_stress,0.9,etf_assets,pearson,EEM,TLT,-0.21235875864816153,-0.3461457050253514,-0.13378694637718988,Correlation decreased
markov_regime_monthly.ms_prob_stress,0.9,etf_assets,pearson,EWU,GLD,0.21757366920200796,0.08343725636278175,-0.13413641283922623,Correlation decreased
markov_regime_monthly.ms_prob_stress,0.9,etf_assets,pearson,EEM,SHY,-0.16027869004197284,-0.3030734119855115,-0.14279472194353868,Correlation decreased
markov_regime_monthly.ms_prob_stress,0.9,etf_assets,pearson,GLD,VNQ,0.1483025421670016,-0.0018076225011482482,-0.15011016466814983,Correlation decreased
markov_regime_monthly.ms_prob_stress,0.9,etf_assets,pearson,GLD,HYG,0.13786526469535262,-0.013315615101343289,-0.15118087979669592,Correlation decreased
markov_regime_monthly.ms_prob_stress,0.9,etf_assets,pearson,EFA,GLD,0.23347641468149016,0.07699700146812641,-0.15647941321336375,Correlation decreased
markov_regime_monthly.ms_prob_stress,0.9,etf_assets,pearson,SHY,VNQ,-0.04159078707252477,-0.20927574204898192,-0.16768495497645713,Correlation decreased
markov_regime_monthly.ms_prob_stress,0.9,etf_assets,pearson,EEM,GLD,0.2644559052048054,0.07980671436421745,-0.18464919084058795,Correlation decreased
markov_regime_monthly.ms_prob_stress,0.9,etf_assets,pearson,TLT,VNQ,-0.02192895426344207,-0.26185582237668054,-0.23992686811323846,Correlation decreased
markov_regime_monthly.ms_prob_stress,0.9,etf_assets,pearson,AGG,TLT,0.8616870037068417,0.5971124386463383,-0.26457456506050336,Correlation decreased
markov_regime_monthly.ms_prob_stress,0.9,etf_assets,pearson,AGG,SHY,0.7461421639997097,0.47619285743832795,-0.2699493065613817,Correlation decreased
markov_regime_monthly.ms_prob_stress,0.975,panel_a_cross_asset,pearson,AGG,HYG,0.1266450256320022,0.3079719164042146,0.18132689077221242,Moderate breakdown
markov_regime_monthly.ms_prob_stress,0.975,panel_a_cross_asset,pearson,SPY,AGG,-0.11126026759904178,0.06539727576396019,0.176657543363002,Moderate breakdown
markov_regime_monthly.ms_prob_stress,0.975,panel_a_cross_asset,pearson,AGG,DBC,-0.10656655081700586,0.0540258158210471,0.16059236663805296,Moderate breakdown
markov_regime_monthly.ms_prob_stress,0.975,panel_a_cross_asset,pearson,USO,VNQ,0.16236017164734365,0.31369894037836377,0.15133876873102012,Moderate breakdown
markov_regime_monthly.ms_prob_stress,0.975,panel_a_cross_asset,pearson,DBC,VNQ,0.21011617571490762,0.36134395206288983,0.1512277763479822,Moderate breakdown
markov_regime_monthly.ms_prob_stress,0.975,panel_a_cross_asset,pearson,AGG,USO,-0.1346690248416102,0.01151399556511925,0.14618302040672945,Moderate breakdown
markov_regime_monthly.ms_prob_stress,0.975,panel_a_cross_asset,pearson,SPY,VNQ,0.6692417833129027,0.8061654685246951,0.13692368521179232,Moderate breakdown
markov_regime_monthly.ms_prob_stress,0.975,panel_a_cross_asset,pearson,SPY,DBC,0.3678374786072695,0.48069866303748243,0.11286118443021292,Moderate breakdown
markov_regime_monthly.ms_prob_stress,0.975,panel_a_cross_asset,pearson,SPY,USO,0.32309188772739195,0.4184841608937887,0.09539227316639676,Small increase
markov_regime_monthly.ms_prob_stress,0.975,panel_a_cross_asset,pearson,HYG,DBC,0.34621322720764874,0.40208506739693095,0.05587184018928221,Small increase
markov_regime_monthly.ms_prob_stress,0.975,panel_a_cross_asset,pearson,SPY,HYG,0.6622259912880238,0.6981303354319872,0.035904344143963374,Small increase
markov_regime_monthly.ms_prob_stress,0.975,panel_a_cross_asset,pearson,HYG,VNQ,0.5189256931996236,0.5353755019261262,0.01644980872650259,Small increase
markov_regime_monthly.ms_prob_stress,0.975,panel_a_cross_asset,pearson,TLT,GLD,0.16929549690438178,0.17792924824015463,0.008633751335772849,Small increase
markov_regime_monthly.ms_prob_stress,0.975,panel_a_cross_asset,pearson,SHY,TLT,0.5673211548496233,0.5648520193628864,-0.002469135486736884,Correlation decreased
markov_regime_monthly.ms_prob_stress,0.975,panel_a_cross_asset,pearson,HYG,USO,0.31706301326752023,0.3100912177987824,-0.006971795468737829,Correlation decreased
markov_regime_monthly.ms_prob_stress,0.975,panel_a_cross_asset,pearson,AGG,GLD,0.23889731491829885,0.21176359618652119,-0.027133718731777667,Correlation decreased
markov_regime_monthly.ms_prob_stress,0.975,panel_a_cross_asset,pearson,SPY,SHY,-0.23481092132610099,-0.26551498632703746,-0.030704065000936476,Correlation decreased
markov_regime_monthly.ms_prob_stress,0.975,panel_a_cross_asset,pearson,SHY,GLD,0.23704748493672706,0.19751351424416666,-0.0395339706925604,Correlation decreased
markov_regime_monthly.ms_prob_stress,0.975,panel_a_cross_asset,pearson,DBC,USO,0.8717750187477445,0.8254415476919913,-0.04633347105575325,Correlation decreased
markov_regime_monthly.ms_prob_stress,0.975,panel_a_cross_asset,pearson,GLD,USO,0.2022589675934259,0.14996842145347586,-0.052290546139950045,Correlation decreased
markov_regime_monthly.ms_prob_stress,0.975,panel_a_cross_asset,pearson,SHY,USO,-0.12236922008212917,-0.17675531955401372,-0.05438609947188455,Correlation decreased
markov_regime_monthly.ms_prob_stress,0.975,panel_a_cross_asset,pearson,GLD,DBC,0.3719378196550089,0.31404638422885417,-0.057891435426154714,Correlation decreased
markov_regime_monthly.ms_prob_stress,0.975,panel_a_cross_asset,pearson,SPY,GLD,0.08265962614975579,0.015342799413277885,-0.0673168267364779,Correlation decreased
markov_regime_monthly.ms_prob_stress,0.975,panel_a_cross_asset,pearson,TLT,USO,-0.21461641085566438,-0.2826335649565706,-0.06801715410090622,Correlation decreased
markov_regime_monthly.ms_prob_stress,0.975,panel_a_cross_asset,pearson,SHY,DBC,-0.0986901724146714,-0.18046345416836757,-0.08177328175369616,Correlation decreased
markov_regime_monthly.ms_prob_stress,0.975,panel_a_cross_asset,pearson,TLT,DBC,-0.19704577805485268,-0.28280259376224903,-0.08575681570739635,Correlation decreased
markov_regime_monthly.ms_prob_stress,0.975,panel_a_cross_asset,pearson,AGG,VNQ,0.06768367767920062,-0.024303979292094144,-0.09198765697129477,Correlation decreased
markov_regime_monthly.ms_prob_stress,0.975,panel_a_cross_asset,pearson,GLD,VNQ,0.11364311535893284,0.005380763167860695,-0.10826235219107215,Correlation decreased
markov_regime_monthly.ms_prob_stress,0.975,panel_a_cross_asset,pearson,SHY,HYG,-0.005315842638598033,-0.11888079512826982,-0.11356495248967179,Correlation decreased
markov_regime_monthly.ms_prob_stress,0.975,panel_a_cross_asset,pearson,SPY,TLT,-0.26600846270467154,-0.3887406557066393,-0.12273219300196775,Correlation decreased
markov_regime_monthly.ms_prob_stress,0.975,panel_a_cross_asset,pearson,HYG,GLD,0.11219875954827051,-0.010609180210758913,-0.12280793975902943,Correlation decreased
markov_regime_monthly.ms_prob_stress,0.975,panel_a_cross_asset,pearson,TLT,HYG,-0.06415994802442027,-0.21250063245047082,-0.14834068442605056,Correlation decreased
markov_regime_monthly.ms_prob_stress,0.975,panel_a_cross_asset,pearson,SHY,VNQ,-0.0691792374456314,-0.2184469833932259,-0.1492677459475945,Correlation decreased
markov_regime_monthly.ms_prob_stress,0.975,panel_a_cross_asset,pearson,TLT,VNQ,-0.035832917177811896,-0.29447204033085406,-0.25863912315304216,Correlation decreased
markov_regime_monthly.ms_prob_stress,0.975,panel_a_cross_asset,pearson,SHY,AGG,0.7398865168802722,0.4310426615742843,-0.3088438553059879,Correlation decreased
markov_regime_monthly.ms_prob_stress,0.975,panel_a_cross_asset,pearson,TLT,AGG,0.860701812008133,0.5488720611259468,-0.31182975088218623,Correlation decreased
markov_regime_monthly.ms_prob_stress,0.975,panel_b_international_equity,pearson,EWU,EWJ,0.6147936498533276,0.8444937240836307,0.22970007423030303,Moderate breakdown
markov_regime_monthly.ms_prob_stress,0.975,panel_b_international_equity,pearson,EWG,EWJ,0.630549826966301,0.8430930452646456,0.21254321829834455,Moderate breakdown
markov_regime_monthly.ms_prob_stress,0.975,panel_b_international_equity,pearson,SPY,EWJ,0.6538850889204612,0.8615231129839239,0.20763802406346277,Moderate breakdown
markov_regime_monthly.ms_prob_stress,0.975,panel_b_international_equity,pearson,EEM,EWJ,0.6439148311823725,0.8471080452262302,0.2031932140438577,Moderate breakdown
markov_regime_monthly.ms_prob_stress,0.975,panel_b_international_equity,pearson,SPY,EWU,0.7468394458788523,0.887608982016439,0.1407695361375867,Moderate breakdown
markov_regime_monthly.ms_prob_stress,0.975,panel_b_international_equity,pearson,EFA,EWJ,0.78620566413331,0.920323244681878,0.13411758054856804,Moderate breakdown
markov_regime_monthly.ms_prob_stress,0.975,panel_b_international_equity,pearson,EEM,EWU,0.745902535729923,0.8707553832580833,0.12485284752816028,Moderate breakdown
markov_regime_monthly.ms_prob_stress,0.975,panel_b_international_equity,pearson,EEM,EWG,0.7393514155543375,0.8556020932360934,0.1162506776817559,Moderate breakdown
markov_regime_monthly.ms_prob_stress,0.975,panel_b_international_equity,pearson,SPY,EWG,0.7585918348548337,0.8735898820245526,0.11499804716971884,Moderate breakdown
markov_regime_monthly.ms_prob_stress,0.975,panel_b_international_equity,pearson,SPY,EEM,0.7548665672658025,0.86899334681253,0.11412677954672756,Moderate breakdown
markov_regime_monthly.ms_prob_stress,0.975,panel_b_international_equity,pearson,SPY,EFA,0.8258015645706283,0.9251397032898513,0.09933813871922303,Small increase
markov_regime_monthly.ms_prob_stress,0.975,panel_b_international_equity,pearson,EFA,EEM,0.8181582228784776,0.9122986584978253,0.0941404356193477,Small increase
markov_regime_monthly.ms_prob_stress,0.975,panel_b_international_equity,pearson,EWG,EWU,0.8208982078806938,0.9070283414655788,0.08613013358488497,Small increase
markov_regime_monthly.ms_prob_stress,0.975,panel_b_international_equity,pearson,EFA,EWU,0.9022546358015429,0.955029900194683,0.052775264393140175,Small increase
markov_regime_monthly.ms_prob_stress,0.975,panel_b_international_equity,pearson,EFA,EWG,0.9124377024249138,0.9533138065873749,0.04087610416246101,Small increase
markov_regime_monthly.ms_prob_stress,0.975,etf_assets,pearson,EWJ,VNQ,0.46514143266550184,0.6822168762688895,0.21707544360338765,Moderate breakdown
markov_regime_monthly.ms_prob_stress,0.975,etf_assets,pearson,EEM,EWJ,0.6324698356036192,0.8471080452262302,0.21463820962261093,Moderate breakdown
markov_regime_monthly.ms_prob_stress,0.975,etf_assets,pearson,EWJ,EWU,0.6374630024122568,0.8444937240836307,0.20703072167137382,Moderate breakdown
markov_regime_monthly.ms_prob_stress,0.975,etf_assets,pearson,EWG,EWJ,0.6423988955648469,0.8430930452646456,0.2006941496997987,Moderate breakdown
markov_regime_monthly.ms_prob_stress,0.975,etf_assets,pearson,EWJ,SPY,0.6721238889268217,0.8615231129839239,0.1893992240571022,Moderate breakdown
markov_regime_monthly.ms_prob_stress,0.975,etf_assets,pearson,AGG,HYG,0.1266450256320022,0.3079719164042146,0.18132689077221242,Moderate breakdown
markov_regime_monthly.ms_prob_stress,0.975,etf_assets,pearson,EEM,VNQ,0.5627602776641896,0.7414655650910592,0.17870528742686964,Moderate breakdown
markov_regime_monthly.ms_prob_stress,0.975,etf_assets,pearson,AGG,SPY,-0.11126026759904178,0.06539727576396025,0.17665754336300205,Moderate breakdown
markov_regime_monthly.ms_prob_stress,0.975,etf_assets,pearson,EWU,VNQ,0.5640801167985412,0.7379758943076962,0.17389577750915497,Moderate breakdown
markov_regime_monthly.ms_prob_stress,0.975,etf_assets,pearson,EWG,VNQ,0.5447350767166009,0.709431512968024,0.16469643625142305,Moderate breakdown
markov_regime_monthly.ms_prob_stress,0.975,etf_assets,pearson,AGG,DBC,-0.10656655081700586,0.0540258158210471,0.16059236663805296,Moderate breakdown
markov_regime_monthly.ms_prob_stress,0.975,etf_assets,pearson,AGG,EFA,-0.06201747942093369,0.0962261666830381,0.1582436461039718,Moderate breakdown
markov_regime_monthly.ms_prob_stress,0.975,etf_assets,pearson,AGG,EWU,-0.08327550168446528,0.07350881514842657,0.15678431683289185,Moderate breakdown
markov_regime_monthly.ms_prob_stress,0.975,etf_assets,pearson,DBC,EWJ,0.289617378044753,0.44242592410628273,0.15280854606152972,Moderate breakdown
markov_regime_monthly.ms_prob_stress,0.975,etf_assets,pearson,EFA,VNQ,0.6044067749445091,0.7568749253313158,0.15246815038680672,Moderate breakdown
markov_regime_monthly.ms_prob_stress,0.975,etf_assets,pearson,USO,VNQ,0.16236017164734365,0.31369894037836377,0.15133876873102012,Moderate breakdown
markov_regime_monthly.ms_prob_stress,0.975,etf_assets,pearson,DBC,VNQ,0.21011617571490762,0.36134395206288983,0.1512277763479822,Moderate breakdown
markov_regime_monthly.ms_prob_stress,0.975,etf_assets,pearson,AGG,EWG,-0.06975986388471718,0.07892678073759055,0.14868664462230774,Moderate breakdown
markov_regime_monthly.ms_prob_stress,0.975,etf_assets,pearson,AGG,USO,-0.1346690248416102,0.01151399556511925,0.14618302040672945,Moderate breakdown
markov_regime_monthly.ms_prob_stress,0.975,etf_assets,pearson,EWJ,HYG,0.4805723960029085,0.6175534261014376,0.13698103009852908,Moderate breakdown
markov_regime_monthly.ms_prob_stress,0.975,etf_assets,pearson,SPY,VNQ,0.6692417833129027,0.8061654685246951,0.13692368521179232,Moderate breakdown
markov_regime_monthly.ms_prob_stress,0.975,etf_assets,pearson,AGG,EWJ,-0.019239094141862673,0.11641861922081027,0.13565771336267296,Moderate breakdown
markov_regime_monthly.ms_prob_stress,0.975,etf_assets,pearson,EFA,EWJ,0.7928649764857527,0.920323244681878,0.12745826819612527,Moderate breakdown
markov_regime_monthly.ms_prob_stress,0.975,etf_assets,pearson,EWU,SPY,0.7615641521714775,0.887608982016439,0.12604482984496146,Moderate breakdown
markov_regime_monthly.ms_prob_stress,0.975,etf_assets,pearson,DBC,SPY,0.3678374786072695,0.4806986630374826,0.11286118443021309,Moderate breakdown
markov_regime_monthly.ms_prob_stress,0.975,etf_assets,pearson,EWG,SPY,0.7669402898730547,0.8735898820245526,0.10664959215149783,Moderate breakdown
markov_regime_monthly.ms_prob_stress,0.975,etf_assets,pearson,EWJ,USO,0.2396542420929937,0.3435049637148214,0.10385072162182771,Moderate breakdown
markov_regime_monthly.ms_prob_stress,0.975,etf_assets,pearson,EEM,EWG,0.7552347578266241,0.8556020932360934,0.1003673354094693,Moderate breakdown
markov_regime_monthly.ms_prob_stress,0.975,etf_assets,pearson,EEM,SPY,0.7687007258678047,0.8689933468125298,0.10029262094472513,Moderate breakdown
markov_regime_monthly.ms_prob_stress,0.975,etf_assets,pearson,EEM,EWU,0.7751902467640902,0.8707553832580833,0.09556513649399312,Small increase
markov_regime_monthly.ms_prob_stress,0.975,etf_assets,pearson,SPY,USO,0.32309188772739195,0.4184841608937887,0.09539227316639676,Small increase
markov_regime_monthly.ms_prob_stress,0.975,etf_assets,pearson,EWG,USO,0.3022795161271387,0.3960073967386919,0.09372788061155318,Small increase
markov_regime_monthly.ms_prob_stress,0.975,etf_assets,pearson,DBC,EWG,0.38209873468404054,0.4740993250981799,0.09200059041413938,Small increase
markov_regime_monthly.ms_prob_stress,0.975,etf_assets,pearson,EFA,SPY,0.8352422760673394,0.9251397032898513,0.08989742722251193,Small increase
markov_regime_monthly.ms_prob_stress,0.975,etf_assets,pearson,AGG,EEM,-0.07228516701205362,0.012419714197542992,0.08470488120959661,Small increase
markov_regime_monthly.ms_prob_stress,0.975,etf_assets,pearson,DBC,EFA,0.42954745246555254,0.5138805383710371,0.08433308590548455,Small increase
markov_regime_monthly.ms_prob_stress,0.975,etf_assets,pearson,DBC,EWU,0.4481666731197749,0.5292000725940283,0.08103339947425342,Small increase
markov_regime_monthly.ms_prob_stress,0.975,etf_assets,pearson,EEM,EFA,0.8320766028655101,0.9122986584978254,0.08022205563231533,Small increase
markov_regime_monthly.ms_prob_stress,0.975,etf_assets,pearson,EFA,USO,0.35191108811230104,0.42649260827796187,0.07458152016566083,Small increase
markov_regime_monthly.ms_prob_stress,0.975,etf_assets,pearson,EWU,USO,0.3823772773359763,0.4563674616439432,0.07399018430796689,Small increase
markov_regime_monthly.ms_prob_stress,0.975,etf_assets,pearson,EEM,USO,0.3549661435915196,0.42874757218539905,0.07378142859387943,Small increase
markov_regime_monthly.ms_prob_stress,0.975,etf_assets,pearson,EWG,EWU,0.8386496583085479,0.9070283414655788,0.06837868315703088,Small increase
markov_regime_monthly.ms_prob_stress,0.975,etf_assets,pearson,EWU,HYG,0.5997331525052496,0.6607972863877309,0.06106413388248133,Small increase
markov_regime_monthly.ms_prob_stress,0.975,etf_assets,pearson,DBC,EEM,0.4404173141459428,0.4999193738355026,0.059502059689559794,Small increase
markov_regime_monthly.ms_prob_stress,0.975,etf_assets,pearson,DBC,HYG,0.3462132272076487,0.402085067396931,0.05587184018928232,Small increase
markov_regime_monthly.ms_prob_stress,0.975,etf_assets,pearson,EFA,HYG,0.6401734936574242,0.6832459045788352,0.04307241092141101,Small increase
markov_regime_monthly.ms_prob_stress,0.975,etf_assets,pearson,EEM,HYG,0.5863380961026735,0.626407048140511,0.040068952037837446,Small increase
markov_regime_monthly.ms_prob_stress,0.975,etf_assets,pearson,EFA,EWU,0.9189243185537628,0.955029900194683,0.03610558164092026,Small increase
markov_regime_monthly.ms_prob_stress,0.975,etf_assets,pearson,HYG,SPY,0.6622259912880237,0.6981303354319872,0.035904344143963485,Small increase
markov_regime_monthly.ms_prob_stress,0.975,etf_assets,pearson,EFA,EWG,0.9254669377029054,0.9533138065873749,0.02784686888446941,Small increase
markov_regime_monthly.ms_prob_stress,0.975,etf_assets,pearson,EWG,HYG,0.6031327299337005,0.6300784838542061,0.026945753920505577,Small increase
markov_regime_monthly.ms_prob_stress,0.975,etf_assets,pearson,HYG,VNQ,0.5189256931996236,0.5353755019261262,0.01644980872650259,Small increase
markov_regime_monthly.ms_prob_stress,0.975,etf_assets,pearson,GLD,TLT,0.1692954969043818,0.17792924824015463,0.008633751335772821,Small increase
markov_regime_monthly.ms_prob_stress,0.975,etf_assets,pearson,SHY,TLT,0.5673211548496233,0.5648520193628864,-0.002469135486736884,Correlation decreased
markov_regime_monthly.ms_prob_stress,0.975,etf_assets,pearson,HYG,USO,0.31706301326752023,0.3100912177987824,-0.006971795468737829,Correlation decreased
markov_regime_monthly.ms_prob_stress,0.975,etf_assets,pearson,AGG,GLD,0.23889731491829885,0.21176359618652119,-0.027133718731777667,Correlation decreased
markov_regime_monthly.ms_prob_stress,0.975,etf_assets,pearson,SHY,SPY,-0.23481092132610099,-0.26551498632703735,-0.030704065000936365,Correlation decreased
markov_regime_monthly.ms_prob_stress,0.975,etf_assets,pearson,GLD,SHY,0.23704748493672703,0.19751351424416666,-0.03953397069256037,Correlation decreased
markov_regime_monthly.ms_prob_stress,0.975,etf_assets,pearson,DBC,USO,0.8717750187477445,0.8254415476919913,-0.04633347105575325,Correlation decreased
markov_regime_monthly.ms_prob_stress,0.975,etf_assets,pearson,GLD,USO,0.2022589675934259,0.14996842145347586,-0.052290546139950045,Correlation decreased
markov_regime_monthly.ms_prob_stress,0.975,etf_assets,pearson,SHY,USO,-0.12236922008212917,-0.17675531955401372,-0.05438609947188455,Correlation decreased
markov_regime_monthly.ms_prob_stress,0.975,etf_assets,pearson,DBC,GLD,0.3719378196550089,0.31404638422885417,-0.057891435426154714,Correlation decreased
markov_regime_monthly.ms_prob_stress,0.975,etf_assets,pearson,EWJ,GLD,0.12607100103782426,0.06744504780755403,-0.05862595323027023,Correlation decreased
markov_regime_monthly.ms_prob_stress,0.975,etf_assets,pearson,GLD,SPY,0.08265962614975583,0.015342799413277881,-0.06731682673647796,Correlation decreased
markov_regime_monthly.ms_prob_stress,0.975,etf_assets,pearson,TLT,USO,-0.21461641085566438,-0.2826335649565706,-0.06801715410090622,Correlation decreased
markov_regime_monthly.ms_prob_stress,0.975,etf_assets,pearson,DBC,SHY,-0.0986901724146714,-0.18046345416836757,-0.08177328175369616,Correlation decreased
markov_regime_monthly.ms_prob_stress,0.975,etf_assets,pearson,DBC,TLT,-0.19704577805485268,-0.282802593762249,-0.0857568157073963,Correlation decreased
markov_regime_monthly.ms_prob_stress,0.975,etf_assets,pearson,AGG,VNQ,0.06768367767920062,-0.024303979292094144,-0.09198765697129477,Correlation decreased
markov_regime_monthly.ms_prob_stress,0.975,etf_assets,pearson,EWG,SHY,-0.14254403111385647,-0.24224130293943208,-0.09969727182557561,Correlation decreased
markov_regime_monthly.ms_prob_stress,0.975,etf_assets,pearson,EWU,SHY,-0.162854366762398,-0.2629878804772081,-0.10013351371481011,Correlation decreased
markov_regime_monthly.ms_prob_stress,0.975,etf_assets,pearson,EWG,GLD,0.19432627026060945,0.09281273129896483,-0.10151353896164461,Correlation decreased
markov_regime_monthly.ms_prob_stress,0.975,etf_assets,pearson,GLD,VNQ,0.11364311535893284,0.005380763167860695,-0.10826235219107215,Correlation decreased
markov_regime_monthly.ms_prob_stress,0.975,etf_assets,pearson,EWU,GLD,0.19601894729118982,0.08737651220939002,-0.1086424350817998,Correlation decreased
markov_regime_monthly.ms_prob_stress,0.975,etf_assets,pearson,HYG,SHY,-0.005315842638598007,-0.1188807951282698,-0.11356495248967179,Correlation decreased
markov_regime_monthly.ms_prob_stress,0.975,etf_assets,pearson,EWJ,SHY,-0.10098518924830993,-0.2174629525841118,-0.11647776333580187,Correlation decreased
markov_regime_monthly.ms_prob_stress,0.975,etf_assets,pearson,EFA,SHY,-0.151312128889578,-0.2721376814631912,-0.12082555257361316,Correlation decreased
markov_regime_monthly.ms_prob_stress,0.975,etf_assets,pearson,SPY,TLT,-0.26600846270467154,-0.3887406557066393,-0.12273219300196775,Correlation decreased
markov_regime_monthly.ms_prob_stress,0.975,etf_assets,pearson,GLD,HYG,0.11219875954827052,-0.010609180210758885,-0.1228079397590294,Correlation decreased
markov_regime_monthly.ms_prob_stress,0.975,etf_assets,pearson,EWG,TLT,-0.24584319434638902,-0.3691027557143633,-0.12325956136797428,Correlation decreased
markov_regime_monthly.ms_prob_stress,0.975,etf_assets,pearson,EEM,SHY,-0.18346612664718326,-0.30825332352626456,-0.1247871968790813,Correlation decreased
markov_regime_monthly.ms_prob_stress,0.975,etf_assets,pearson,EWU,TLT,-0.25601812454950923,-0.38573110148172507,-0.12971297693221584,Correlation decreased
markov_regime_monthly.ms_prob_stress,0.975,etf_assets,pearson,EWJ,TLT,-0.15811647630704054,-0.2879103196569786,-0.12979384334993807,Correlation decreased
markov_regime_monthly.ms_prob_stress,0.975,etf_assets,pearson,EFA,TLT,-0.24300227301858954,-0.37704292592935906,-0.13404065291076953,Correlation decreased
markov_regime_monthly.ms_prob_stress,0.975,etf_assets,pearson,EFA,GLD,0.2132443068309801,0.07645091591882863,-0.13679339091215148,Correlation decreased
markov_regime_monthly.ms_prob_stress,0.975,etf_assets,pearson,HYG,TLT,-0.06415994802442025,-0.21250063245047082,-0.14834068442605058,Correlation decreased
markov_regime_monthly.ms_prob_stress,0.975,etf_assets,pearson,SHY,VNQ,-0.0691792374456314,-0.2184469833932259,-0.1492677459475945,Correlation decreased
markov_regime_monthly.ms_prob_stress,0.975,etf_assets,pearson,EEM,TLT,-0.21478187776140487,-0.3708924392393795,-0.1561105614779746,Correlation decreased
markov_regime_monthly.ms_prob_stress,0.975,etf_assets,pearson,EEM,GLD,0.24099151843554167,0.07900983632316506,-0.16198168211237662,Correlation decreased
markov_regime_monthly.ms_prob_stress,0.975,etf_assets,pearson,TLT,VNQ,-0.035832917177811896,-0.29447204033085406,-0.25863912315304216,Correlation decreased
markov_regime_monthly.ms_prob_stress,0.975,etf_assets,pearson,AGG,SHY,0.7398865168802722,0.4310426615742843,-0.3088438553059879,Correlation decreased
markov_regime_monthly.ms_prob_stress,0.975,etf_assets,pearson,AGG,TLT,0.860701812008133,0.5488720611259468,-0.31182975088218623,Correlation decreased
