cutoff,universe,interpretation,n_pairs,share
0.5,etf_assets,Correlation decreased,38,0.4175824175824176
0.5,etf_assets,Moderate breakdown,31,0.34065934065934067
0.5,etf_assets,Small increase,22,0.24175824175824176
0.5,panel_a_cross_asset,Correlation decreased,22,0.6111111111111112
0.5,panel_a_cross_asset,Small increase,9,0.25
0.5,panel_a_cross_asset,Moderate breakdown,5,0.1388888888888889
0.5,panel_b_international_equity,Moderate breakdown,13,0.8666666666666667
0.5,panel_b_international_equity,Small increase,2,0.13333333333333333
0.75,etf_assets,Correlation decreased,37,0.4065934065934066
0.75,etf_assets,Moderate breakdown,36,0.3956043956043956
0.75,etf_assets,Small increase,18,0.1978021978021978
0.75,panel_a_cross_asset,Correlation decreased,20,0.5555555555555556
0.75,panel_a_cross_asset,Moderate breakdown,9,0.25
0.75,panel_a_cross_asset,Small increase,7,0.19444444444444445
0.75,panel_b_international_equity,Moderate breakdown,12,0.8
0.75,panel_b_international_equity,Small increase,3,0.2
0.9,etf_assets,Correlation decreased,38,0.4175824175824176
0.9,etf_assets,Small increase,27,0.2967032967032967
0.9,etf_assets,Moderate breakdown,26,0.2857142857142857
0.9,panel_a_cross_asset,Correlation decreased,23,0.6388888888888888
0.9,panel_a_cross_asset,Moderate breakdown,8,0.2222222222222222
0.9,panel_a_cross_asset,Small increase,5,0.1388888888888889
0.9,panel_b_international_equity,Moderate breakdown,10,0.6666666666666666
0.9,panel_b_international_equity,Small increase,5,0.3333333333333333
0.975,etf_assets,Correlation decreased,38,0.4175824175824176
0.975,etf_assets,Moderate breakdown,29,0.31868131868131866
0.975,etf_assets,Small increase,24,0.26373626373626374
0.975,panel_a_cross_asset,Correlation decreased,23,0.6388888888888888
0.975,panel_a_cross_asset,Moderate breakdown,8,0.2222222222222222
0.975,panel_a_cross_asset,Small increase,5,0.1388888888888889
0.975,panel_b_international_equity,Moderate breakdown,10,0.6666666666666666
0.975,panel_b_international_equity,Small increase,5,0.3333333333333333
