universe,asset_i,asset_j,corr_calm,corr_stress,delta_corr,bootstrap_se,ci_low,ci_high,p_boot_two_sided,q_value_bh,fisher_z_stat,p_fisher_z,significant_95,significant_fdr_05,direction
panel_a_cross_asset,SPY,SHY,-0.1869070912241416,-0.25864986681474117,-0.07174277559059958,0.06102558772025147,-0.18884665231777947,0.05107703708182744,0.23638180909545228,0.4052259584493468,-2.588641579242451,0.009635532820241694,False,False,inconclusive
panel_a_cross_asset,SPY,TLT,-0.22076159760762834,-0.358115148230485,-0.13735355062285667,0.05875949325576285,-0.25033770067335653,-0.019246406941265955,0.02148925537231384,0.06446776611694152,-5.150014877178712,2.6046579783003273e-07,True,False,decrease
panel_a_cross_asset,SPY,AGG,-0.06943235949303533,0.008135317993102978,0.07756767748613831,0.06896650998185014,-0.07073343228828936,0.19709720708318215,0.26686656671664166,0.43669074553632276,2.662300359102408,0.007760859192350591,False,False,inconclusive
panel_a_cross_asset,SPY,HYG,0.6654227417212283,0.6916471721723121,0.026224430451083802,0.042772251393399144,-0.056967287780721874,0.10978769844311932,0.5237381309345327,0.5892053973013492,1.6664597776163612,0.09562187310424164,False,False,inconclusive
panel_a_cross_asset,SPY,GLD,0.06067469655708664,0.04618151784872556,-0.01449317870836108,0.06611629846592298,-0.13867607708280796,0.11920714735471648,0.8210894552723638,0.8502034696937246,-0.4981522023263092,0.6183767689179929,False,False,inconclusive
panel_a_cross_asset,SPY,DBC,0.2939069000782118,0.46793410195307783,0.17402720187486603,0.050497713720081036,0.07758049653838857,0.2720774506586364,0.0004997501249375312,0.002570143499678732,7.01168673038848,2.3546195922880515e-12,True,True,increase
panel_a_cross_asset,SPY,USO,0.24668571616523535,0.4187066898545072,0.17202097368927186,0.05792060952651622,0.05864380137113019,0.2844399439540915,0.0034982508745627187,0.013993003498250877,6.657213418575998,2.7906782602079365e-11,True,True,increase
panel_a_cross_asset,SPY,VNQ,0.5849670924940005,0.7947946297541892,0.20982753726018877,0.032886569295551366,0.14726006269479494,0.27548870215318605,0.0004997501249375312,0.002570143499678732,14.2004677686311,9.10029304010889e-46,True,True,increase
panel_a_cross_asset,SHY,TLT,0.5824768555762146,0.5629767693272154,-0.019500086248999238,0.028785791313273912,-0.0788139564646027,0.035759986234761315,0.4947526236881559,0.5892053973013492,-0.9946889272578554,0.31988758145725427,False,False,inconclusive
panel_a_cross_asset,SHY,AGG,0.7521783522458916,0.5379344872407902,-0.2142438650051014,0.0863735632087294,-0.370346929259823,-0.04254909400779378,0.005997001499250375,0.021262096224614963,-12.910841444768435,3.9100479947092963e-38,True,True,decrease
panel_a_cross_asset,SHY,HYG,0.03579292922640195,-0.08463285712770298,-0.12042578635410492,0.07398781646508577,-0.25796502787715675,0.03427635695772818,0.10094952523738131,0.19127278466030143,-4.1348048254795415,3.5525642626791234e-05,False,False,inconclusive
panel_a_cross_asset,SHY,GLD,0.2331421523314795,0.2220033485985869,-0.01113880373289261,0.05109064827027434,-0.11706696915038464,0.08607881662180304,0.8265867066466767,0.8502034696937246,-0.4026138389390733,0.6872323273848565,False,False,inconclusive
panel_a_cross_asset,SHY,DBC,-0.10591929176581603,-0.1399516025623437,-0.03403231079652767,0.04480584039838438,-0.1261068176845105,0.05023581730812403,0.4407796101949025,0.5892053973013492,-1.1844029205390803,0.236253604673902,False,False,inconclusive
panel_a_cross_asset,SHY,USO,-0.12043691919855516,-0.1526676675672496,-0.032230748368694426,0.04136572852626973,-0.11508588141130952,0.04988917685689716,0.42778610694652675,0.5892053973013492,-1.1257328952577095,0.26027859552067256,False,False,inconclusive
panel_a_cross_asset,SHY,VNQ,0.10787588085499152,-0.1976218653091671,-0.3054977461641586,0.06533235374982069,-0.4325645338093557,-0.1769324635317593,0.0004997501249375312,0.002570143499678732,-10.574994596827127,3.891999331243718e-26,True,True,decrease
panel_a_cross_asset,TLT,AGG,0.8770451677374618,0.6472291279468727,-0.22981603979058907,0.07160890766564389,-0.3589766831301475,-0.0899692429159594,0.0009995002498750624,0.004497751124437781,-20.299863430940814,1.2894272862596768e-91,True,True,decrease
panel_a_cross_asset,TLT,HYG,-0.0034342077058873897,-0.17968759060390452,-0.17625338289801712,0.06284195317004553,-0.2964188009614705,-0.05187043451899653,0.006496751624187906,0.021262096224614963,-6.108285480223319,1.0070710123807227e-09,True,True,decrease
panel_a_cross_asset,TLT,GLD,0.19278545762689603,0.16037266827822377,-0.032412789348672255,0.04594811710248365,-0.1175052032257101,0.05914507182745221,0.4867566216891554,0.5892053973013492,-1.1467450983919931,0.25148698565160266,False,False,inconclusive
panel_a_cross_asset,TLT,DBC,-0.17213587244785475,-0.25971118240154806,-0.08757530995369331,0.039527918080156085,-0.164780514908253,-0.010952317538556614,0.026486756621689155,0.07334794141390842,-3.1507556509692694,0.001628486679880437,True,False,decrease
panel_a_cross_asset,TLT,USO,-0.18770371819325884,-0.26803902749449504,-0.0803353093012362,0.04360061259869793,-0.16795785527653667,0.0010797206578226522,0.06596701649175413,0.14842578710644677,-2.9061217424898107,0.0036593904163099785,False,False,inconclusive
panel_a_cross_asset,TLT,VNQ,0.1226038630781106,-0.25177637699950445,-0.37438024007761506,0.05253886863095618,-0.4715511024436593,-0.266835663427859,0.0004997501249375312,0.002570143499678732,-13.041895641895008,7.067764196669976e-39,True,True,decrease
panel_a_cross_asset,AGG,HYG,0.18501522483189453,0.25070745618498347,0.06569223135308894,0.08654065631606296,-0.11197799089761208,0.22202064745705435,0.46476761619190404,0.5892053973013492,2.3647127982817713,0.018044057822723576,False,False,inconclusive
panel_a_cross_asset,AGG,GLD,0.24886458539974898,0.21646266203094314,-0.032401923368805846,0.04470078542470251,-0.12120570327246714,0.05328241532897381,0.47976011994003,0.5892053973013492,-1.1741916893690714,0.24031825406174412,False,False,inconclusive
panel_a_cross_asset,AGG,DBC,-0.1001063768451013,-0.0015184880247548782,0.09858788882034643,0.05147884696821759,-0.008864432999734965,0.19303959808580148,0.05297351324337831,0.12713643178410794,3.3904101287945188,0.0006978813224779002,False,False,inconclusive
panel_a_cross_asset,AGG,USO,-0.13164791272351772,-0.03333182096798712,0.0983160917555306,0.05504542029951437,-0.018871647094691038,0.19821024090390665,0.07846076961519241,0.16615221800864277,3.3954816040710436,0.0006850797742072999,False,False,inconclusive
panel_a_cross_asset,AGG,VNQ,0.24028481160447332,-0.03660995834707358,-0.2768947699515469,0.06134730697482772,-0.3883253380575112,-0.15101534977863404,0.0004997501249375312,0.002570143499678732,-9.654731123023025,4.6938898889352e-22,True,True,decrease
panel_a_cross_asset,HYG,GLD,0.11421592124924483,0.02585293111151547,-0.08836299013772936,0.06456108427412197,-0.21062668877026794,0.039229747022773785,0.1744127936031984,0.3139430284857571,-3.045403307376865,0.002323684820480173,False,False,inconclusive
panel_a_cross_asset,HYG,DBC,0.2972284037546125,0.3936250250963796,0.09639662134176707,0.04822916779540468,0.001671499006281624,0.1899050027111562,0.04447776111944028,0.11437138573570359,3.756495502671067,0.0001723093665244033,True,False,increase
panel_a_cross_asset,HYG,USO,0.27032514102948996,0.32439877193845795,0.054073630908967996,0.05695889931565326,-0.05689966602200162,0.16348463669008698,0.33883058470764615,0.5082458770614692,2.0337761203456157,0.041974173249231396,False,False,inconclusive
panel_a_cross_asset,HYG,VNQ,0.4942331789542922,0.5359237814730569,0.04169060251876466,0.06266859208127865,-0.07930011171095815,0.16640205691236187,0.511744127936032,0.5892053973013492,1.9457644039289463,0.05168304631532916,False,False,inconclusive
panel_a_cross_asset,GLD,DBC,0.3413459297961859,0.355433874648699,0.014087944852513135,0.041486262552433796,-0.06817184410283834,0.09669067577216507,0.7231384307846077,0.7888782881286629,0.5495487712493901,0.582628904228071,False,False,inconclusive
panel_a_cross_asset,GLD,USO,0.1825490090889905,0.17970141545433563,-0.002847593634654866,0.04812549421903408,-0.0949037719713789,0.09660056813215154,0.9580209895052474,0.9580209895052474,-0.10090533314975846,0.9196256094782607,False,False,inconclusive
panel_a_cross_asset,GLD,VNQ,0.13981957671303208,0.03224528302506955,-0.10757429368796254,0.06416755801935548,-0.2313701424472606,0.01593376226719946,0.09045477261369315,0.1809095452273863,-3.718084324061525,0.00020073926895834945,False,False,inconclusive
panel_a_cross_asset,DBC,USO,0.8704296524261073,0.8412896197644062,-0.029140032661701065,0.028787095591473095,-0.0840854689537971,0.026460846207524265,0.33183408295852074,0.5082458770614692,-3.7453117147611894,0.0001801699301878559,False,False,inconclusive
panel_a_cross_asset,DBC,VNQ,0.10805770456018234,0.34079979359347456,0.23274208903329224,0.05250318515424717,0.1276459028169374,0.33234480424285734,0.0004997501249375312,0.002570143499678732,8.448782277895303,2.9435681932489944e-17,True,True,increase
panel_a_cross_asset,USO,VNQ,0.06709689340495072,0.2984375099949851,0.23134061659003435,0.05753829909829328,0.11881078393975666,0.340621118255931,0.0004997501249375312,0.002570143499678732,8.246220599345758,1.6348274911407823e-16,True,True,increase
panel_b_international_equity,SPY,EFA,0.8101975037372379,0.9090009621160792,0.0988034583788413,0.01734768866825535,0.06147353677417527,0.13097383989222458,0.0004997501249375312,0.0004997501249375312,13.508255660577952,1.3979456984777044e-41,True,True,increase
panel_b_international_equity,SPY,EEM,0.7311802065778712,0.8541645975752582,0.122984390997387,0.022835718101317185,0.07623069008582091,0.1685223706396668,0.0004997501249375312,0.0004997501249375312,11.656057647134588,2.1371026733664496e-31,True,True,increase
panel_b_international_equity,SPY,EWG,0.7302922345028348,0.8549716254651316,0.12467939096229685,0.02275270546532191,0.07754140492123186,0.16732969947488838,0.0004997501249375312,0.0004997501249375312,11.82391184604478,2.9368360490158737e-32,True,True,increase
panel_b_international_equity,SPY,EWU,0.717557958285799,0.867503205191775,0.149945246905976,0.024269346432978598,0.09639286894016433,0.19337712391450138,0.0004997501249375312,0.0004997501249375312,14.405081177457514,4.807526667695322e-47,True,True,increase
panel_b_international_equity,SPY,EWJ,0.6565810825594759,0.8164018281602884,0.1598207456008125,0.03330419573437032,0.09092882821828768,0.21853315949009242,0.0004997501249375312,0.0004997501249375312,12.309119242047052,8.090121393620809e-35,True,True,increase
panel_b_international_equity,EFA,EEM,0.799006811257882,0.9003682500951423,0.10136143883726034,0.01624063254781396,0.0676987236854592,0.13228147558877895,0.0004997501249375312,0.0004997501249375312,12.965441462609194,1.9212111303579884e-38,True,True,increase
panel_b_international_equity,EFA,EWG,0.9119397801057573,0.9494242460898038,0.03748446598404653,0.008024740827219632,0.02229633574368759,0.053625288897527525,0.0004997501249375312,0.0004997501249375312,9.835674156492502,7.903646451371344e-23,True,True,increase
panel_b_international_equity,EFA,EWU,0.907940172886485,0.9484306086174304,0.04049043573094546,0.009362782052861446,0.02124557589325387,0.0574569951061756,0.0004997501249375312,0.0004997501249375312,10.29057680222693,7.770945749333321e-25,True,True,increase
panel_b_international_equity,EFA,EWJ,0.7854463108577521,0.8892208853629886,0.10377457450523653,0.020518891170879214,0.06208927259280499,0.13995422991124384,0.0004997501249375312,0.0004997501249375312,12.295661864966029,9.55707319139332e-35,True,True,increase
panel_b_international_equity,EEM,EWG,0.7104506028614285,0.8410485637240211,0.13059796086259268,0.024250895406875677,0.08163744187249102,0.17482805364134701,0.0004997501249375312,0.0004997501249375312,11.538024270305614,8.485178012652887e-31,True,True,increase
panel_b_international_equity,EEM,EWU,0.7299770931135523,0.8582629425646713,0.12828584945111898,0.023243292247099614,0.08125098968018556,0.17123514562621672,0.0004997501249375312,0.0004997501249375312,12.270802167883154,1.2995938026113238e-34,True,True,increase
panel_b_international_equity,EEM,EWJ,0.5957931547786064,0.8016345541402223,0.20584139936161594,0.03426908467291056,0.12962626310582617,0.2657364065055749,0.0004997501249375312,0.0004997501249375312,14.276993520990002,3.0445536484625743e-46,True,True,increase
panel_b_international_equity,EWG,EWU,0.8119255639593216,0.8958225912909554,0.08389702733163384,0.017501916186276167,0.04847092153130948,0.11747523581097984,0.0004997501249375312,0.0004997501249375312,10.898830283744534,1.1674846233170975e-27,True,True,increase
panel_b_international_equity,EWG,EWJ,0.6131136778669679,0.7972887686196324,0.18417509075266447,0.031007155681695497,0.12067204940519194,0.23985880520436656,0.0004997501249375312,0.0004997501249375312,12.92874200959645,3.0984707665825157e-38,True,True,increase
panel_b_international_equity,EWU,EWJ,0.6046147831175844,0.7995037820237537,0.1948889989061693,0.0334172367921635,0.12145263584645351,0.2506241949150061,0.0004997501249375312,0.0004997501249375312,13.601017926709394,3.9489866764560404e-42,True,True,increase
etf_assets,SPY,SHY,-0.1869070912241416,-0.25864986681474117,-0.07174277559059958,0.06107937186603969,-0.19392442227218085,0.057234955879637756,0.23638180909545228,0.3361053848075962,-2.588641579242451,0.009635532820241694,False,False,inconclusive
etf_assets,SPY,TLT,-0.22076159760762834,-0.358115148230485,-0.13735355062285667,0.05874592650753072,-0.24569811313532638,-0.017181386765788762,0.017991004497751123,0.03341186549582351,-5.150014877178712,2.6046579783003273e-07,True,True,decrease
etf_assets,SPY,AGG,-0.06943235949303533,0.008135317993102978,0.07756767748613831,0.0704063023311369,-0.07587268998224887,0.20071584658423583,0.26686656671664166,0.36721191642984474,2.662300359102408,0.007760859192350591,False,False,inconclusive
etf_assets,SPY,HYG,0.6654227417212283,0.6916471721723121,0.026224430451083802,0.04266660644509605,-0.06003148438354312,0.10678532929836078,0.5397301349325337,0.5989688082787874,1.6664597776163612,0.09562187310424164,False,False,inconclusive
etf_assets,SPY,GLD,0.06067469655708664,0.04618151784872556,-0.01449317870836108,0.06413888827127782,-0.1403541910921789,0.11017037184929805,0.8210894552723638,0.858383308345827,-0.4981522023263092,0.6183767689179929,False,False,inconclusive
etf_assets,SPY,DBC,0.2939069000782118,0.46793410195307783,0.17402720187486603,0.0524289227848021,0.06736001500667035,0.2710844564167395,0.0024987506246876563,0.006890494146865962,7.01168673038848,2.3546195922880515e-12,True,True,increase
etf_assets,SPY,USO,0.24668571616523535,0.4187066898545072,0.17202097368927186,0.05875211035832939,0.05869468056033679,0.2845980372912246,0.0029985007496251873,0.007796101949025486,6.657213418575998,2.7906782602079365e-11,True,True,increase
etf_assets,SPY,VNQ,0.5849670924940005,0.7947946297541892,0.20982753726018877,0.03213272663387141,0.14792234421257205,0.27523927545978394,0.0004997501249375312,0.0015681814265281152,14.2004677686311,9.10029304010889e-46,True,True,increase
etf_assets,SPY,EFA,0.8101975037372379,0.9090009621160792,0.0988034583788413,0.018078331581339886,0.06271752553941078,0.13444374033207934,0.0004997501249375312,0.0015681814265281152,13.508255660577952,1.3979456984777044e-41,True,True,increase
etf_assets,SPY,EEM,0.7311802065778712,0.8541645975752582,0.122984390997387,0.022978544243034457,0.07742830945923156,0.16586812117528088,0.0004997501249375312,0.0015681814265281152,11.656057647134588,2.1371026733664496e-31,True,True,increase
etf_assets,SPY,EWG,0.7302922345028348,0.8549716254651316,0.12467939096229685,0.0230797077628386,0.07896520116109489,0.16832526692730254,0.0004997501249375312,0.0015681814265281152,11.82391184604478,2.9368360490158737e-32,True,True,increase
etf_assets,SPY,EWU,0.717557958285799,0.867503205191775,0.149945246905976,0.024866977369306355,0.09642053893335435,0.1936779904585411,0.0004997501249375312,0.0015681814265281152,14.405081177457514,4.807526667695322e-47,True,True,increase
etf_assets,SPY,EWJ,0.6565810825594759,0.8164018281602884,0.1598207456008125,0.03326490995640455,0.08894358696757294,0.21868480421767453,0.0004997501249375312,0.0015681814265281152,12.309119242047052,8.090121393620809e-35,True,True,increase
etf_assets,SHY,TLT,0.5824768555762146,0.5629767693272154,-0.019500086248999238,0.029414252045246888,-0.07755455554630888,0.03764702196873435,0.5007496251874063,0.5768128593930882,-0.9946889272578554,0.31988758145725427,False,False,inconclusive
etf_assets,SHY,AGG,0.7521783522458916,0.5379344872407902,-0.2142438650051014,0.08720959551688814,-0.36978077242930596,-0.04494570973875039,0.004497751124437781,0.009982813471313124,-12.910841444768435,3.9100479947092963e-38,True,True,decrease
etf_assets,SHY,HYG,0.03579292922640195,-0.08463285712770298,-0.12042578635410492,0.07556721718510946,-0.2656086323851535,0.031166012313798053,0.11494252873563218,0.1743295019157088,-4.1348048254795415,3.5525642626791234e-05,False,False,inconclusive
etf_assets,SHY,GLD,0.2331421523314795,0.2220033485985869,-0.01113880373289261,0.052211583499815396,-0.11591093876139864,0.08842740311001873,0.8300849575212393,0.858383308345827,-0.4026138389390733,0.6872323273848565,False,False,inconclusive
etf_assets,SHY,DBC,-0.10591929176581603,-0.1399516025623437,-0.03403231079652767,0.045078279480656354,-0.11988791525962073,0.05475663521878884,0.447776111944028,0.5506435971203588,-1.1844029205390803,0.236253604673902,False,False,inconclusive
etf_assets,SHY,USO,-0.12043691919855516,-0.1526676675672496,-0.032230748368694426,0.04107634677652958,-0.11476078009045679,0.04483359413673578,0.43478260869565216,0.5419892793329362,-1.1257328952577095,0.26027859552067256,False,False,inconclusive
etf_assets,SHY,VNQ,0.10787588085499152,-0.1976218653091671,-0.3054977461641586,0.06513954098536595,-0.4314862491346109,-0.17876904059181667,0.0004997501249375312,0.0015681814265281152,-10.574994596827127,3.891999331243718e-26,True,True,decrease
etf_assets,SHY,EFA,-0.09540892657442171,-0.2356278093559457,-0.140218882781524,0.06475600862633066,-0.26908964024483417,-0.013976347472821758,0.033483258370814596,0.059744637485178984,-4.950352067657346,7.407934800633706e-07,True,False,decrease
etf_assets,SHY,EEM,-0.1045810524921629,-0.2769529060349496,-0.1723718535427867,0.06601556098081739,-0.3009093516766411,-0.042437638512048015,0.0074962518740629685,0.015864160942784422,-6.149013368807508,7.796640808264588e-10,True,True,decrease
etf_assets,SHY,EWG,-0.09680982353540468,-0.21245937893876177,-0.11564955540335708,0.05720927601100967,-0.22770588414329093,0.0005225588187798965,0.04847576211894053,0.08483258370814592,-4.065833852397842,4.7861025407467696e-05,False,False,inconclusive
etf_assets,SHY,EWU,-0.08970417372715807,-0.24042424103605425,-0.1507200673088962,0.061262845346983286,-0.2726832051967606,-0.03381868829432659,0.014492753623188406,0.028060437866173297,-5.321820099406619,1.0273414354010413e-07,True,True,decrease
etf_assets,SHY,EWJ,-0.07849633888555457,-0.1765450556093782,-0.09804871672382362,0.05954662811393996,-0.2182739066215326,0.021431353638356375,0.10094952523738131,0.15570181011189319,-3.418920356610887,0.0006287012540063721,False,False,inconclusive
etf_assets,TLT,AGG,0.8770451677374618,0.6472291279468727,-0.22981603979058907,0.07311835702430626,-0.35796455502892227,-0.09032578978286811,0.0004997501249375312,0.0015681814265281152,-20.299863430940814,1.2894272862596768e-91,True,True,decrease
etf_assets,TLT,HYG,-0.0034342077058873897,-0.17968759060390452,-0.17625338289801712,0.06380019856473906,-0.29942529741779,-0.05029716395897492,0.00849575212393803,0.0175707600745082,-6.108285480223319,1.0070710123807227e-09,True,True,decrease
etf_assets,TLT,GLD,0.19278545762689603,0.16037266827822377,-0.032412789348672255,0.04541527359363272,-0.12090188560493914,0.055914609647650104,0.4732633683158421,0.559311253464177,-1.1467450983919931,0.25148698565160266,False,False,inconclusive
etf_assets,TLT,DBC,-0.17213587244785475,-0.25971118240154806,-0.08757530995369331,0.03950290805295699,-0.16201098299095143,-0.009999614172501104,0.02348825587206397,0.04274862568715642,-3.1507556509692694,0.001628486679880437,True,True,decrease
etf_assets,TLT,USO,-0.18770371819325884,-0.26803902749449504,-0.0803353093012362,0.043252619163034536,-0.1640303990391082,0.006838169796876674,0.06346826586706647,0.10313593203398301,-2.9061217424898107,0.0036593904163099785,False,False,inconclusive
etf_assets,TLT,VNQ,0.1226038630781106,-0.25177637699950445,-0.37438024007761506,0.053362286173940204,-0.47481212960716923,-0.26726524634150334,0.0004997501249375312,0.0015681814265281152,-13.041895641895008,7.067764196669976e-39,True,True,decrease
etf_assets,TLT,EFA,-0.19989855230480166,-0.34258012550449,-0.14268157319968836,0.05457514687397717,-0.25131642627447337,-0.038228114020615135,0.008995502248875561,0.018190904547726136,-5.291233291925742,1.2149426910102015e-07,True,True,decrease
etf_assets,TLT,EEM,-0.1419348838767806,-0.34107675825697026,-0.19914187438018965,0.05093393428894288,-0.2998966033173693,-0.10060310523857562,0.0004997501249375312,0.0015681814265281152,-7.279907980357142,3.34047953291054e-13,True,True,decrease
etf_assets,TLT,EWG,-0.20162877000947751,-0.339560608665057,-0.13793183865557948,0.05497305066452004,-0.24483554024443463,-0.03295810497583949,0.014492753623188406,0.028060437866173297,-5.112332702758973,3.182047568132083e-07,True,True,decrease
etf_assets,TLT,EWU,-0.20548245385393296,-0.35575793626065416,-0.1502754824067212,0.05122784750156081,-0.2514698291683167,-0.05236443916585926,0.00399800099950025,0.009328668998833917,-5.60601983883202,2.070322423713676e-08,True,True,decrease
etf_assets,TLT,EWJ,-0.1354203453231322,-0.2500505245526153,-0.11463017922948307,0.047136040102007004,-0.20831316047382553,-0.021354217610752922,0.015492253873063468,0.029370731301016157,-4.085633598365636,4.395669879978148e-05,True,True,decrease
etf_assets,AGG,HYG,0.18501522483189453,0.25070745618498347,0.06569223135308894,0.08977532502809162,-0.11822655528113182,0.22492207350563845,0.48575712143928035,0.5667166416791604,2.3647127982817713,0.018044057822723576,False,False,inconclusive
etf_assets,AGG,GLD,0.24886458539974898,0.21646266203094314,-0.032401923368805846,0.044883661079234735,-0.12280086838607777,0.05615031359737357,0.4642678660669665,0.5558996817380784,-1.1741916893690714,0.24031825406174412,False,False,inconclusive
etf_assets,AGG,DBC,-0.1001063768451013,-0.0015184880247548782,0.09858788882034643,0.05232886201372382,-0.007224765598620743,0.19245573190811482,0.0559720139930035,0.0961028919502513,3.3904101287945188,0.0006978813224779002,False,False,inconclusive
etf_assets,AGG,USO,-0.13164791272351772,-0.03333182096798712,0.0983160917555306,0.055740025553855474,-0.01696732560871493,0.20376200836717562,0.07946026986506746,0.12545451412224923,3.3954816040710436,0.0006850797742072999,False,False,inconclusive
etf_assets,AGG,VNQ,0.24028481160447332,-0.03660995834707358,-0.2768947699515469,0.06243682765167067,-0.3952515460283375,-0.14722093626129293,0.0004997501249375312,0.0015681814265281152,-9.654731123023025,4.6938898889352e-22,True,True,decrease
etf_assets,AGG,EFA,-0.018260766956323306,0.03989643518364585,0.05815720213996915,0.07081766319718541,-0.09378510907576014,0.17840642509135332,0.41629185407296354,0.5261466488977733,1.9940041540017568,0.046151600555582,False,False,inconclusive
etf_assets,AGG,EEM,0.0027724712270037815,-0.03247559156105296,-0.03524806278805674,0.06364113684624532,-0.1744320801233362,0.07792779550115306,0.567216391804098,0.6218878512550954,-1.208440519344153,0.22687786198620608,False,False,inconclusive
etf_assets,AGG,EWG,-0.033199078722666996,0.025079657276949087,0.05827873599961608,0.06725248751026966,-0.08134033070198404,0.17880484428055507,0.39480259870064965,0.5060145983346355,1.9979722854496087,0.04571966486477657,False,False,inconclusive
etf_assets,AGG,EWU,-0.03428388517260978,0.01562742392375666,0.049911309096366444,0.06771768073324315,-0.09351951068133098,0.16768212686252873,0.4622688655672164,0.5558996817380784,1.7111030934294582,0.087062083228077,False,False,inconclusive
etf_assets,AGG,EWJ,-0.004056122220716868,0.07153636174215079,0.07559248396286766,0.06482349004153026,-0.06671199229741422,0.18467751859361536,0.25537231384307846,0.35752123938030983,2.59495967916761,0.009460201629597213,False,False,inconclusive
etf_assets,HYG,GLD,0.11421592124924483,0.02585293111151547,-0.08836299013772936,0.06462463175595978,-0.21212048248059306,0.03729041793539031,0.17341329335332334,0.2586985195926627,-3.045403307376865,0.002323684820480173,False,False,inconclusive
etf_assets,HYG,DBC,0.2972284037546125,0.3936250250963796,0.09639662134176707,0.050563214069374335,-0.003088292039488829,0.19717427888442435,0.05997001499250375,0.10004997501249376,3.756495502671067,0.0001723093665244033,False,False,inconclusive
etf_assets,HYG,USO,0.27032514102948996,0.32439877193845795,0.054073630908967996,0.05916162768055789,-0.05660759646262605,0.1767657905647348,0.35932033983008493,0.4738862452831555,2.0337761203456157,0.041974173249231396,False,False,inconclusive
etf_assets,HYG,VNQ,0.4942331789542922,0.5359237814730569,0.04169060251876466,0.06356412083894218,-0.07878306103822649,0.17147675861914527,0.5167416291854073,0.5805368920478033,1.9457644039289463,0.05168304631532916,False,False,inconclusive
etf_assets,HYG,EFA,0.63509201748136,0.6737390545336102,0.038647037052250144,0.04467927405038258,-0.05273032932595549,0.1204468742674617,0.39030484757621187,0.5060145983346355,2.3187020868597306,0.020411195301489497,False,False,inconclusive
etf_assets,HYG,EEM,0.5981233316507973,0.6147812618098599,0.016657930159062584,0.04405938811901533,-0.06852787996001508,0.1038168252156184,0.7166416791604198,0.767228150630567,0.9031458318972361,0.36644850220437986,False,False,inconclusive
etf_assets,HYG,EWG,0.5690824764092516,0.6296786064427273,0.06059613003347575,0.04745278193036797,-0.027547002421951315,0.15055802475361005,0.20189905047476261,0.29163196179687934,3.246269348611763,0.0011692815426647633,False,False,inconclusive
etf_assets,HYG,EWU,0.5896871029167123,0.6479531461257397,0.058266043209027396,0.044633372724018516,-0.03342677184975123,0.1417784834532394,0.1854072963518241,0.27213006400025797,3.241390924915368,0.0011894794407854513,False,False,inconclusive
etf_assets,HYG,EWJ,0.48706036113419016,0.5836803010568765,0.09661993992268636,0.05070072061916085,-0.011654658629640508,0.18640404509216132,0.06046976511744128,0.10004997501249376,4.655182682623406,3.2369357369374066e-06,False,False,inconclusive
etf_assets,GLD,DBC,0.3413459297961859,0.355433874648699,0.014087944852513135,0.04121944069547135,-0.06610938661037243,0.09814269496431645,0.7371314342828585,0.779987913020234,0.5495487712493901,0.582628904228071,False,False,inconclusive
etf_assets,GLD,USO,0.1825490090889905,0.17970141545433563,-0.002847593634654866,0.04826411247476578,-0.09434739028904912,0.09485770085873409,0.9495252373813093,0.9615914265089678,-0.10090533314975846,0.9196256094782607,False,False,inconclusive
etf_assets,GLD,VNQ,0.13981957671303208,0.03224528302506955,-0.10757429368796254,0.06244763528449952,-0.22785525242932372,0.009984501003567521,0.079960019990005,0.12545451412224923,-3.718084324061525,0.00020073926895834945,False,False,inconclusive
etf_assets,GLD,EFA,0.18175519553963984,0.13655781740129222,-0.04519737813834762,0.07068484263084719,-0.18025190773240757,0.09620944039694972,0.5132433783108445,0.5805368920478033,-1.589604053303107,0.11192408285295521,False,False,inconclusive
etf_assets,GLD,EEM,0.21792578684025313,0.14295554777348252,-0.07497023906677061,0.06832162428869308,-0.20473604118523162,0.06068917874336082,0.2703648175912044,0.36721191642984474,-2.6573716351043566,0.00787525751765892,False,False,inconclusive
etf_assets,GLD,EWG,0.15291722280998996,0.14815695227468617,-0.004760270535303784,0.06686119492237225,-0.13546489078536245,0.12695980648770544,0.9510244877561219,0.9615914265089678,-0.16693089028233224,0.867424427229816,False,False,inconclusive
etf_assets,GLD,EWU,0.16926349515125852,0.13619773566200594,-0.03306575948925258,0.0720893265140242,-0.16640285109319367,0.1114082371144606,0.6341829085457271,0.687031484257871,-1.1604401727204907,0.24586963871023704,False,False,inconclusive
etf_assets,GLD,EWJ,0.1030495436758061,0.10092793664941858,-0.0021216070263875147,0.0599483804195166,-0.11517771349358431,0.11795620635398996,0.9805097451274363,0.9805097451274364,-0.07347767060985322,0.9414260123075753,False,False,inconclusive
etf_assets,DBC,USO,0.8704296524261073,0.8412896197644062,-0.029140032661701065,0.02857485828988131,-0.0818569340989052,0.025851480180004303,0.33833083458270863,0.45276626392686004,-3.7453117147611894,0.0001801699301878559,False,False,inconclusive
etf_assets,DBC,VNQ,0.10805770456018234,0.34079979359347456,0.23274208903329224,0.052833893174663416,0.1239790092931946,0.3290523275664005,0.0004997501249375312,0.0015681814265281152,8.448782277895303,2.9435681932489944e-17,True,True,increase
etf_assets,DBC,EFA,0.35058700181809926,0.5126691807365485,0.16208217891844928,0.04895703227504114,0.06081615071875073,0.25113755804111537,0.0024987506246876563,0.006890494146865962,6.862473138926266,6.7678467683980226e-12,True,True,increase
etf_assets,DBC,EEM,0.37256047533973885,0.5024069000547988,0.12984642471505997,0.04431985839704767,0.040229614945946554,0.2133580098018685,0.00399800099950025,0.009328668998833917,5.522287122880673,3.346150896815476e-08,True,True,increase
etf_assets,DBC,EWG,0.29354734867622106,0.4765011960052536,0.18295384732903253,0.05645916643401898,0.06396194304552018,0.28606821921462683,0.0029985007496251873,0.007796101949025486,7.403061181451988,1.3308039676153457e-13,True,True,increase
etf_assets,DBC,EWU,0.3684964789102399,0.5293855045603785,0.16088902565013857,0.044605415075106444,0.06895867645536542,0.2414507626219347,0.0014992503748125937,0.00440102529380471,6.943964512963958,3.812463101709166e-12,True,True,increase
etf_assets,DBC,EWJ,0.22741337233468795,0.41951842870411044,0.1921050563694225,0.04917619007221969,0.09259287444962316,0.28362777285908847,0.0004997501249375312,0.0015681814265281152,7.390833006431596,1.4591177969608573e-13,True,True,increase
etf_assets,USO,VNQ,0.06709689340495072,0.2984375099949851,0.23134061659003435,0.05874286478713564,0.1104795082456954,0.3429190705359431,0.0004997501249375312,0.0015681814265281152,8.246220599345758,1.6348274911407823e-16,True,True,increase
etf_assets,USO,EFA,0.27153317836820223,0.4342003803606054,0.16266720199240314,0.0575257673639056,0.05082647029071685,0.2716898145530243,0.004997501249375313,0.010827919373646511,6.393348065454913,1.6229225239959304e-10,True,True,increase
etf_assets,USO,EEM,0.28336247930731157,0.4331471377437237,0.14978465843641214,0.04959843596862116,0.05226950909044916,0.2477983300638989,0.0014992503748125937,0.00440102529380471,5.909647612595089,3.4284034002061827e-09,True,True,increase
etf_assets,USO,EWG,0.22037733070052767,0.4000292219709141,0.17965189127038644,0.06115574916174373,0.05656716503920498,0.29684915080739127,0.004497751124437781,0.009982813471313124,6.8419090914433225,7.814467646429274e-12,True,True,increase
etf_assets,USO,EWU,0.3006741955477711,0.4645917775810658,0.1639175820332947,0.053304402222916956,0.060849370450070384,0.26517630036589046,0.0034982508745627187,0.008603806205005607,6.610892665391449,3.8200940105906235e-11,True,True,increase
etf_assets,USO,EWJ,0.17496772650054856,0.34246568673110706,0.1674979602305585,0.056393320456502916,0.05400522374577974,0.2732923001682495,0.0034982508745627187,0.008603806205005607,6.172403504264771,6.725957888971085e-10,True,True,increase
etf_assets,VNQ,EFA,0.5264549857167814,0.7365382635554971,0.21008327783871572,0.03646746883378606,0.13813153108465648,0.28060172051823884,0.0004997501249375312,0.0015681814265281152,12.257388992275327,1.5336213537285673e-34,True,True,increase
etf_assets,VNQ,EEM,0.48703215341482353,0.7150177417652831,0.22798558835045957,0.0372384841334496,0.1526942963167172,0.30036511117593984,0.0004997501249375312,0.0015681814265281152,12.516884593877917,6.03580697460914e-36,True,True,increase
etf_assets,VNQ,EWG,0.4636424982592021,0.6856559344704719,0.2220134362112698,0.04068878020537125,0.1389939042751739,0.2985154680570026,0.0004997501249375312,0.0015681814265281152,11.57630244218533,5.433967608540996e-31,True,True,increase
etf_assets,VNQ,EWU,0.47911690777080285,0.7136147604187395,0.23449785264793666,0.04150524890920717,0.15035106836944415,0.3152447779318026,0.0004997501249375312,0.0015681814265281152,12.772562253467106,2.3334456112649773e-37,True,True,increase
etf_assets,VNQ,EWJ,0.42039947522364746,0.6416665585106179,0.22126708328697048,0.03907840453262298,0.13944006558014618,0.29356718445509206,0.0004997501249375312,0.0015681814265281152,10.721360832995932,8.080558165734751e-27,True,True,increase
etf_assets,EFA,EEM,0.799006811257882,0.9003682500951423,0.10136143883726034,0.01594131134486277,0.06948555643586198,0.13072983449689515,0.0004997501249375312,0.0015681814265281152,12.965441462609194,1.9212111303579884e-38,True,True,increase
etf_assets,EFA,EWG,0.9119397801057573,0.9494242460898038,0.03748446598404653,0.007890430385631487,0.021643805763493625,0.0522936568782626,0.0004997501249375312,0.0015681814265281152,9.835674156492502,7.903646451371344e-23,True,True,increase
etf_assets,EFA,EWU,0.907940172886485,0.9484306086174304,0.04049043573094546,0.009358956568612378,0.02036353715987727,0.05773668494738993,0.0004997501249375312,0.0015681814265281152,10.29057680222693,7.770945749333321e-25,True,True,increase
etf_assets,EFA,EWJ,0.7854463108577521,0.8892208853629886,0.10377457450523653,0.0202492219440789,0.06139303956405629,0.1390113990865493,0.0004997501249375312,0.0015681814265281152,12.295661864966029,9.55707319139332e-35,True,True,increase
etf_assets,EEM,EWG,0.7104506028614285,0.8410485637240211,0.13059796086259268,0.02395855939281112,0.08319910009710801,0.17618074832013708,0.0004997501249375312,0.0015681814265281152,11.538024270305614,8.485178012652887e-31,True,True,increase
etf_assets,EEM,EWU,0.7299770931135523,0.8582629425646713,0.12828584945111898,0.02330589605540779,0.08152048832913678,0.1711370027984782,0.0004997501249375312,0.0015681814265281152,12.270802167883154,1.2995938026113238e-34,True,True,increase
etf_assets,EEM,EWJ,0.5957931547786064,0.8016345541402223,0.20584139936161594,0.03358854559061471,0.13234071650908855,0.2641636748687391,0.0004997501249375312,0.0015681814265281152,14.276993520990002,3.0445536484625743e-46,True,True,increase
etf_assets,EWG,EWU,0.8119255639593216,0.8958225912909554,0.08389702733163384,0.017218432041784776,0.048215716523066963,0.11643853048708858,0.0004997501249375312,0.0015681814265281152,10.898830283744534,1.1674846233170975e-27,True,True,increase
etf_assets,EWG,EWJ,0.6131136778669679,0.7972887686196324,0.18417509075266447,0.030799971974712043,0.12112502397453481,0.23804813524735718,0.0004997501249375312,0.0015681814265281152,12.92874200959645,3.0984707665825157e-38,True,True,increase
etf_assets,EWU,EWJ,0.6046147831175844,0.7995037820237537,0.1948889989061693,0.03300290963729255,0.12533335549295768,0.25224211159356885,0.0004997501249375312,0.0015681814265281152,13.601017926709394,3.9489866764560404e-42,True,True,increase
