universe,n_assets,n_pairs,n_calm_days,n_stress_days,bootstrap_calm_days_min,bootstrap_calm_days_max,bootstrap_stress_days_min,bootstrap_stress_days_max,n_bootstrap,block_length,confidence_level,avg_delta_corr,avg_ci_low,avg_ci_high,avg_p_boot_two_sided,median_delta_corr,median_ci_low,median_ci_high,median_p_boot_two_sided,significant_increases_95,significant_decreases_95,significant_pairs_fdr_05,sensitivity_draws
panel_a_cross_asset,9,36,2443,2268,2214,2634,2077,2497,500,5,0.95,-0.024612721901907376,-0.05635164099704518,0.009804876611813259,0.16367265469061876,-0.02432005945535015,-0.05176604985183915,0.011849726673126448,0.15768463073852296,8,10,12,500
panel_b_international_equity,6,15,2443,2268,2176,2680,2031,2535,500,5,0.95,0.12446869830457316,0.0946655793054031,0.15160208885717444,0.001996007984031936,0.12467939096229685,0.09203402675423318,0.15028944867239993,0.001996007984031936,15,0,15,500
etf_assets,14,91,2443,2268,2215,2684,2027,2496,500,5,0.95,0.029053945299775768,-0.006279681400997267,0.05990307500779038,0.08582834331337326,0.049911309096366444,-0.002931964629058305,0.09347837991975007,0.04590818363273453,39,20,54,500
panel_a_cross_asset,9,36,2443,2268,1918,2960,1751,2793,2000,21,0.95,-0.024612721901907376,-0.06573961783598431,0.01922328266599094,0.2673663168415792,-0.02432005945535015,-0.0596244142842643,0.01989124066838399,0.21739130434782608,6,8,11,2000
panel_b_international_equity,6,15,2443,2268,1883,2963,1748,2828,2000,21,0.95,0.12446869830457316,0.08350819766590421,0.15714208469049823,0.0004997501249375312,0.12467939096229685,0.08173265891876255,0.16204011831989534,0.0004997501249375312,15,0,15,2000
etf_assets,14,91,2443,2268,1922,2977,1734,2789,2000,21,0.95,0.029053945299775768,-0.011822056531598398,0.06816512014480096,0.1584207896051974,0.049911309096366444,-0.00499033337366614,0.10040453042767444,0.06296851574212893,35,16,50,2000
panel_a_cross_asset,9,36,2443,2268,1695,3342,1369,3016,500,63,0.95,-0.024612721901907376,-0.07378630042827201,0.031224357839984906,0.36327345309381237,-0.02432005945535015,-0.06621679550337362,0.03073558106660801,0.3313373253493014,5,6,9,500
panel_b_international_equity,6,15,2443,2268,1576,3411,1300,3135,500,63,0.95,0.12446869830457316,0.06918908010872994,0.15967938797724315,0.001996007984031936,0.12467939096229685,0.06620260012121039,0.16747369132719417,0.001996007984031936,15,0,15,500
etf_assets,14,91,2443,2268,1498,3194,1517,3213,500,63,0.95,0.029053945299775768,-0.013006917699882232,0.07124939850507205,0.21357285429141717,0.049911309096366444,0.0018245927210395147,0.09906294596142523,0.04790419161676647,35,10,40,500
