universe,method,regime,asset_i,asset_j,correlation
panel_a_cross_asset,pearson,calm,SPY,SHY,-0.1869070912241415
panel_a_cross_asset,pearson,calm,SPY,TLT,-0.22076159760762895
panel_a_cross_asset,pearson,calm,SPY,AGG,-0.06943235949303533
panel_a_cross_asset,pearson,calm,SPY,HYG,0.6654227417212304
panel_a_cross_asset,pearson,calm,SPY,GLD,0.06067469655708676
panel_a_cross_asset,pearson,calm,SPY,DBC,0.2939069000782122
panel_a_cross_asset,pearson,calm,SPY,USO,0.24668571616523544
panel_a_cross_asset,pearson,calm,SPY,VNQ,0.5849670924940005
panel_a_cross_asset,pearson,calm,SHY,TLT,0.5824768555762136
panel_a_cross_asset,pearson,calm,SHY,AGG,0.7521783522458897
panel_a_cross_asset,pearson,calm,SHY,HYG,0.03579292922640197
panel_a_cross_asset,pearson,calm,SHY,GLD,0.23314215233147942
panel_a_cross_asset,pearson,calm,SHY,DBC,-0.10591929176581583
panel_a_cross_asset,pearson,calm,SHY,USO,-0.12043691919855529
panel_a_cross_asset,pearson,calm,SHY,VNQ,0.1078758808549913
panel_a_cross_asset,pearson,calm,TLT,AGG,0.8770451677374608
panel_a_cross_asset,pearson,calm,TLT,HYG,-0.003434207705887234
panel_a_cross_asset,pearson,calm,TLT,GLD,0.19278545762689647
panel_a_cross_asset,pearson,calm,TLT,DBC,-0.17213587244785478
panel_a_cross_asset,pearson,calm,TLT,USO,-0.1877037181932591
panel_a_cross_asset,pearson,calm,TLT,VNQ,0.12260386307811046
panel_a_cross_asset,pearson,calm,AGG,HYG,0.1850152248318944
panel_a_cross_asset,pearson,calm,AGG,GLD,0.24886458539974965
panel_a_cross_asset,pearson,calm,AGG,DBC,-0.10010637684510128
panel_a_cross_asset,pearson,calm,AGG,USO,-0.13164791272351747
panel_a_cross_asset,pearson,calm,AGG,VNQ,0.24028481160447251
panel_a_cross_asset,pearson,calm,HYG,GLD,0.11421592124924528
panel_a_cross_asset,pearson,calm,HYG,DBC,0.2972284037546129
panel_a_cross_asset,pearson,calm,HYG,USO,0.27032514102949
panel_a_cross_asset,pearson,calm,HYG,VNQ,0.4942331789542913
panel_a_cross_asset,pearson,calm,GLD,DBC,0.3413459297961862
panel_a_cross_asset,pearson,calm,GLD,USO,0.18254900908899085
panel_a_cross_asset,pearson,calm,GLD,VNQ,0.13981957671303177
panel_a_cross_asset,pearson,calm,DBC,USO,0.8704296524261066
panel_a_cross_asset,pearson,calm,DBC,VNQ,0.10805770456018222
panel_a_cross_asset,pearson,calm,USO,VNQ,0.0670968934049508
panel_a_cross_asset,pearson,stress,SPY,SHY,-0.2586498668147405
panel_a_cross_asset,pearson,stress,SPY,TLT,-0.35811514823048407
panel_a_cross_asset,pearson,stress,SPY,AGG,0.008135317993103037
panel_a_cross_asset,pearson,stress,SPY,HYG,0.6916471721723121
panel_a_cross_asset,pearson,stress,SPY,GLD,0.046181517848725546
panel_a_cross_asset,pearson,stress,SPY,DBC,0.4679341019530781
panel_a_cross_asset,pearson,stress,SPY,USO,0.41870668985450765
panel_a_cross_asset,pearson,stress,SPY,VNQ,0.7947946297541886
panel_a_cross_asset,pearson,stress,SHY,TLT,0.5629767693272153
panel_a_cross_asset,pearson,stress,SHY,AGG,0.5379344872407904
panel_a_cross_asset,pearson,stress,SHY,HYG,-0.08463285712770278
panel_a_cross_asset,pearson,stress,SHY,GLD,0.22200334859858709
panel_a_cross_asset,pearson,stress,SHY,DBC,-0.1399516025623439
panel_a_cross_asset,pearson,stress,SHY,USO,-0.15266766756724956
panel_a_cross_asset,pearson,stress,SHY,VNQ,-0.1976218653091675
panel_a_cross_asset,pearson,stress,TLT,AGG,0.6472291279468726
panel_a_cross_asset,pearson,stress,TLT,HYG,-0.17968759060390396
panel_a_cross_asset,pearson,stress,TLT,GLD,0.16037266827822363
panel_a_cross_asset,pearson,stress,TLT,DBC,-0.2597111824015478
panel_a_cross_asset,pearson,stress,TLT,USO,-0.2680390274944943
panel_a_cross_asset,pearson,stress,TLT,VNQ,-0.25177637699950417
panel_a_cross_asset,pearson,stress,AGG,HYG,0.2507074561849841
panel_a_cross_asset,pearson,stress,AGG,GLD,0.21646266203094336
panel_a_cross_asset,pearson,stress,AGG,DBC,-0.0015184880247549172
panel_a_cross_asset,pearson,stress,AGG,USO,-0.03333182096798704
panel_a_cross_asset,pearson,stress,AGG,VNQ,-0.03660995834707342
panel_a_cross_asset,pearson,stress,HYG,GLD,0.02585293111151539
panel_a_cross_asset,pearson,stress,HYG,DBC,0.39362502509637964
panel_a_cross_asset,pearson,stress,HYG,USO,0.32439877193845784
panel_a_cross_asset,pearson,stress,HYG,VNQ,0.5359237814730582
panel_a_cross_asset,pearson,stress,GLD,DBC,0.3554338746486993
panel_a_cross_asset,pearson,stress,GLD,USO,0.17970141545433546
panel_a_cross_asset,pearson,stress,GLD,VNQ,0.032245283025069606
panel_a_cross_asset,pearson,stress,DBC,USO,0.8412896197644066
panel_a_cross_asset,pearson,stress,DBC,VNQ,0.3407997935934748
panel_a_cross_asset,pearson,stress,USO,VNQ,0.29843750999498525
panel_a_cross_asset,pearson,stress_minus_calm,SPY,SHY,-0.071742775590599
panel_a_cross_asset,pearson,stress_minus_calm,SPY,TLT,-0.13735355062285512
panel_a_cross_asset,pearson,stress_minus_calm,SPY,AGG,0.07756767748613837
panel_a_cross_asset,pearson,stress_minus_calm,SPY,HYG,0.026224430451081693
panel_a_cross_asset,pearson,stress_minus_calm,SPY,GLD,-0.014493178708361212
panel_a_cross_asset,pearson,stress_minus_calm,SPY,DBC,0.17402720187486592
panel_a_cross_asset,pearson,stress_minus_calm,SPY,USO,0.17202097368927222
panel_a_cross_asset,pearson,stress_minus_calm,SPY,VNQ,0.2098275372601881
panel_a_cross_asset,pearson,stress_minus_calm,SHY,TLT,-0.01950008624899835
panel_a_cross_asset,pearson,stress_minus_calm,SHY,AGG,-0.2142438650050993
panel_a_cross_asset,pearson,stress_minus_calm,SHY,HYG,-0.12042578635410475
panel_a_cross_asset,pearson,stress_minus_calm,SHY,GLD,-0.011138803732892333
panel_a_cross_asset,pearson,stress_minus_calm,SHY,DBC,-0.034032310796528076
panel_a_cross_asset,pearson,stress_minus_calm,SHY,USO,-0.03223074836869427
panel_a_cross_asset,pearson,stress_minus_calm,SHY,VNQ,-0.3054977461641588
panel_a_cross_asset,pearson,stress_minus_calm,TLT,AGG,-0.22981603979058818
panel_a_cross_asset,pearson,stress_minus_calm,TLT,HYG,-0.17625338289801673
panel_a_cross_asset,pearson,stress_minus_calm,TLT,GLD,-0.03241278934867284
panel_a_cross_asset,pearson,stress_minus_calm,TLT,DBC,-0.087575309953693
panel_a_cross_asset,pearson,stress_minus_calm,TLT,USO,-0.08033530930123522
panel_a_cross_asset,pearson,stress_minus_calm,TLT,VNQ,-0.3743802400776146
panel_a_cross_asset,pearson,stress_minus_calm,AGG,HYG,0.06569223135308969
panel_a_cross_asset,pearson,stress_minus_calm,AGG,GLD,-0.03240192336880629
panel_a_cross_asset,pearson,stress_minus_calm,AGG,DBC,0.09858788882034636
panel_a_cross_asset,pearson,stress_minus_calm,AGG,USO,0.09831609175553044
panel_a_cross_asset,pearson,stress_minus_calm,AGG,VNQ,-0.27689476995154594
panel_a_cross_asset,pearson,stress_minus_calm,HYG,GLD,-0.08836299013772989
panel_a_cross_asset,pearson,stress_minus_calm,HYG,DBC,0.09639662134176674
panel_a_cross_asset,pearson,stress_minus_calm,HYG,USO,0.05407363090896783
panel_a_cross_asset,pearson,stress_minus_calm,HYG,VNQ,0.041690602518766884
panel_a_cross_asset,pearson,stress_minus_calm,GLD,DBC,0.014087944852513079
panel_a_cross_asset,pearson,stress_minus_calm,GLD,USO,-0.002847593634655393
panel_a_cross_asset,pearson,stress_minus_calm,GLD,VNQ,-0.10757429368796217
panel_a_cross_asset,pearson,stress_minus_calm,DBC,USO,-0.029140032661699955
panel_a_cross_asset,pearson,stress_minus_calm,DBC,VNQ,0.23274208903329258
panel_a_cross_asset,pearson,stress_minus_calm,USO,VNQ,0.23134061659003446
panel_b_international_equity,pearson,calm,SPY,EFA,0.8101975037372352
panel_b_international_equity,pearson,calm,SPY,EEM,0.731180206577872
panel_b_international_equity,pearson,calm,SPY,EWG,0.7302922345028334
panel_b_international_equity,pearson,calm,SPY,EWU,0.7175579582857999
panel_b_international_equity,pearson,calm,SPY,EWJ,0.6565810825594771
panel_b_international_equity,pearson,calm,EFA,EEM,0.7990068112578806
panel_b_international_equity,pearson,calm,EFA,EWG,0.911939780105757
panel_b_international_equity,pearson,calm,EFA,EWU,0.9079401728864841
panel_b_international_equity,pearson,calm,EFA,EWJ,0.7854463108577509
panel_b_international_equity,pearson,calm,EEM,EWG,0.7104506028614282
panel_b_international_equity,pearson,calm,EEM,EWU,0.7299770931135536
panel_b_international_equity,pearson,calm,EEM,EWJ,0.5957931547786071
panel_b_international_equity,pearson,calm,EWG,EWU,0.811925563959322
panel_b_international_equity,pearson,calm,EWG,EWJ,0.613113677866968
panel_b_international_equity,pearson,calm,EWU,EWJ,0.6046147831175855
panel_b_international_equity,pearson,stress,SPY,EFA,0.9090009621160807
panel_b_international_equity,pearson,stress,SPY,EEM,0.8541645975752598
panel_b_international_equity,pearson,stress,SPY,EWG,0.8549716254651335
panel_b_international_equity,pearson,stress,SPY,EWU,0.8675032051917735
panel_b_international_equity,pearson,stress,SPY,EWJ,0.816401828160291
panel_b_international_equity,pearson,stress,EFA,EEM,0.9003682500951439
panel_b_international_equity,pearson,stress,EFA,EWG,0.9494242460898052
panel_b_international_equity,pearson,stress,EFA,EWU,0.9484306086174344
panel_b_international_equity,pearson,stress,EFA,EWJ,0.8892208853629913
panel_b_international_equity,pearson,stress,EEM,EWG,0.841048563724021
panel_b_international_equity,pearson,stress,EEM,EWU,0.8582629425646715
panel_b_international_equity,pearson,stress,EEM,EWJ,0.801634554140222
panel_b_international_equity,pearson,stress,EWG,EWU,0.8958225912909565
panel_b_international_equity,pearson,stress,EWG,EWJ,0.7972887686196295
panel_b_international_equity,pearson,stress,EWU,EWJ,0.7995037820237534
panel_b_international_equity,pearson,stress_minus_calm,SPY,EFA,0.09880345837884552
panel_b_international_equity,pearson,stress_minus_calm,SPY,EEM,0.12298439099738778
panel_b_international_equity,pearson,stress_minus_calm,SPY,EWG,0.12467939096230007
panel_b_international_equity,pearson,stress_minus_calm,SPY,EWU,0.14994524690597355
panel_b_international_equity,pearson,stress_minus_calm,SPY,EWJ,0.15982074560081394
panel_b_international_equity,pearson,stress_minus_calm,EFA,EEM,0.10136143883726323
panel_b_international_equity,pearson,stress_minus_calm,EFA,EWG,0.0374844659840482
panel_b_international_equity,pearson,stress_minus_calm,EFA,EWU,0.04049043573095035
panel_b_international_equity,pearson,stress_minus_calm,EFA,EWJ,0.10377457450524041
panel_b_international_equity,pearson,stress_minus_calm,EEM,EWG,0.1305979608625928
panel_b_international_equity,pearson,stress_minus_calm,EEM,EWU,0.12828584945111787
panel_b_international_equity,pearson,stress_minus_calm,EEM,EWJ,0.20584139936161494
panel_b_international_equity,pearson,stress_minus_calm,EWG,EWU,0.08389702733163451
panel_b_international_equity,pearson,stress_minus_calm,EWG,EWJ,0.18417509075266147
panel_b_international_equity,pearson,stress_minus_calm,EWU,EWJ,0.19488899890616784
etf_assets,pearson,calm,AGG,DBC,-0.10010637684510128
etf_assets,pearson,calm,AGG,EEM,0.002772471227003815
etf_assets,pearson,calm,AGG,EFA,-0.01826076695632307
etf_assets,pearson,calm,AGG,EWG,-0.03319907872266658
etf_assets,pearson,calm,AGG,EWJ,-0.004056122220716888
etf_assets,pearson,calm,AGG,EWU,-0.03428388517261003
etf_assets,pearson,calm,AGG,GLD,0.24886458539974965
etf_assets,pearson,calm,AGG,HYG,0.1850152248318944
etf_assets,pearson,calm,AGG,SHY,0.7521783522458897
etf_assets,pearson,calm,AGG,SPY,-0.06943235949303528
etf_assets,pearson,calm,AGG,TLT,0.8770451677374608
etf_assets,pearson,calm,AGG,USO,-0.13164791272351747
etf_assets,pearson,calm,AGG,VNQ,0.24028481160447251
etf_assets,pearson,calm,DBC,EEM,0.37256047533973835
etf_assets,pearson,calm,DBC,EFA,0.3505870018180994
etf_assets,pearson,calm,DBC,EWG,0.29354734867622084
etf_assets,pearson,calm,DBC,EWJ,0.22741337233468803
etf_assets,pearson,calm,DBC,EWU,0.3684964789102404
etf_assets,pearson,calm,DBC,GLD,0.34134592979618616
etf_assets,pearson,calm,DBC,HYG,0.297228403754613
etf_assets,pearson,calm,DBC,SHY,-0.10591929176581583
etf_assets,pearson,calm,DBC,SPY,0.2939069000782122
etf_assets,pearson,calm,DBC,TLT,-0.17213587244785478
etf_assets,pearson,calm,DBC,USO,0.8704296524261066
etf_assets,pearson,calm,DBC,VNQ,0.10805770456018222
etf_assets,pearson,calm,EEM,EFA,0.7990068112578806
etf_assets,pearson,calm,EEM,EWG,0.7104506028614282
etf_assets,pearson,calm,EEM,EWJ,0.5957931547786071
etf_assets,pearson,calm,EEM,EWU,0.7299770931135536
etf_assets,pearson,calm,EEM,GLD,0.21792578684025346
etf_assets,pearson,calm,EEM,HYG,0.5981233316507967
etf_assets,pearson,calm,EEM,SHY,-0.10458105249216271
etf_assets,pearson,calm,EEM,SPY,0.7311802065778719
etf_assets,pearson,calm,EEM,TLT,-0.14193488387678058
etf_assets,pearson,calm,EEM,USO,0.2833624793073124
etf_assets,pearson,calm,EEM,VNQ,0.4870321534148231
etf_assets,pearson,calm,EFA,EWG,0.911939780105757
etf_assets,pearson,calm,EFA,EWJ,0.7854463108577509
etf_assets,pearson,calm,EFA,EWU,0.9079401728864841
etf_assets,pearson,calm,EFA,GLD,0.18175519553963967
etf_assets,pearson,calm,EFA,HYG,0.635092017481359
etf_assets,pearson,calm,EFA,SHY,-0.0954089265744215
etf_assets,pearson,calm,EFA,SPY,0.8101975037372354
etf_assets,pearson,calm,EFA,TLT,-0.19989855230480183
etf_assets,pearson,calm,EFA,USO,0.27153317836820207
etf_assets,pearson,calm,EFA,VNQ,0.5264549857167791
etf_assets,pearson,calm,EWG,EWJ,0.613113677866968
etf_assets,pearson,calm,EWG,EWU,0.811925563959322
etf_assets,pearson,calm,EWG,GLD,0.15291722280998998
etf_assets,pearson,calm,EWG,HYG,0.5690824764092512
etf_assets,pearson,calm,EWG,SHY,-0.09680982353540445
etf_assets,pearson,calm,EWG,SPY,0.7302922345028334
etf_assets,pearson,calm,EWG,TLT,-0.2016287700094781
etf_assets,pearson,calm,EWG,USO,0.22037733070052715
etf_assets,pearson,calm,EWG,VNQ,0.46364249825920173
etf_assets,pearson,calm,EWJ,EWU,0.6046147831175855
etf_assets,pearson,calm,EWJ,GLD,0.10304954367580635
etf_assets,pearson,calm,EWJ,HYG,0.487060361134191
etf_assets,pearson,calm,EWJ,SHY,-0.07849633888555456
etf_assets,pearson,calm,EWJ,SPY,0.6565810825594771
etf_assets,pearson,calm,EWJ,TLT,-0.13542034532313263
etf_assets,pearson,calm,EWJ,USO,0.1749677265005489
etf_assets,pearson,calm,EWJ,VNQ,0.4203994752236479
etf_assets,pearson,calm,EWU,GLD,0.1692634951512588
etf_assets,pearson,calm,EWU,HYG,0.5896871029167114
etf_assets,pearson,calm,EWU,SHY,-0.08970417372715837
etf_assets,pearson,calm,EWU,SPY,0.7175579582857999
etf_assets,pearson,calm,EWU,TLT,-0.20548245385393302
etf_assets,pearson,calm,EWU,USO,0.3006741955477716
etf_assets,pearson,calm,EWU,VNQ,0.4791169077708032
etf_assets,pearson,calm,GLD,HYG,0.1142159212492453
etf_assets,pearson,calm,GLD,SHY,0.23314215233147936
etf_assets,pearson,calm,GLD,SPY,0.06067469655708674
etf_assets,pearson,calm,GLD,TLT,0.19278545762689647
etf_assets,pearson,calm,GLD,USO,0.18254900908899085
etf_assets,pearson,calm,GLD,VNQ,0.13981957671303177
etf_assets,pearson,calm,HYG,SHY,0.03579292922640198
etf_assets,pearson,calm,HYG,SPY,0.6654227417212304
etf_assets,pearson,calm,HYG,TLT,-0.003434207705887234
etf_assets,pearson,calm,HYG,USO,0.27032514102949
etf_assets,pearson,calm,HYG,VNQ,0.4942331789542913
etf_assets,pearson,calm,SHY,SPY,-0.18690709122414148
etf_assets,pearson,calm,SHY,TLT,0.5824768555762136
etf_assets,pearson,calm,SHY,USO,-0.12043691919855529
etf_assets,pearson,calm,SHY,VNQ,0.1078758808549913
etf_assets,pearson,calm,SPY,TLT,-0.22076159760762895
etf_assets,pearson,calm,SPY,USO,0.24668571616523544
etf_assets,pearson,calm,SPY,VNQ,0.5849670924940005
etf_assets,pearson,calm,TLT,USO,-0.1877037181932591
etf_assets,pearson,calm,TLT,VNQ,0.12260386307811046
etf_assets,pearson,calm,USO,VNQ,0.0670968934049508
etf_assets,pearson,stress,AGG,DBC,-0.0015184880247549172
etf_assets,pearson,stress,AGG,EEM,-0.03247559156105282
etf_assets,pearson,stress,AGG,EFA,0.039896435183645815
etf_assets,pearson,stress,AGG,EWG,0.02507965727694916
etf_assets,pearson,stress,AGG,EWJ,0.07153636174215075
etf_assets,pearson,stress,AGG,EWU,0.015627423923756645
etf_assets,pearson,stress,AGG,GLD,0.21646266203094336
etf_assets,pearson,stress,AGG,HYG,0.2507074561849841
etf_assets,pearson,stress,AGG,SHY,0.5379344872407903
etf_assets,pearson,stress,AGG,SPY,0.008135317993103042
etf_assets,pearson,stress,AGG,TLT,0.6472291279468726
etf_assets,pearson,stress,AGG,USO,-0.03333182096798704
etf_assets,pearson,stress,AGG,VNQ,-0.03660995834707342
etf_assets,pearson,stress,DBC,EEM,0.502406900054799
etf_assets,pearson,stress,DBC,EFA,0.5126691807365487
etf_assets,pearson,stress,DBC,EWG,0.4765011960052531
etf_assets,pearson,stress,DBC,EWJ,0.41951842870410994
etf_assets,pearson,stress,DBC,EWU,0.5293855045603778
etf_assets,pearson,stress,DBC,GLD,0.3554338746486992
etf_assets,pearson,stress,DBC,HYG,0.39362502509637964
etf_assets,pearson,stress,DBC,SHY,-0.13995160256234396
etf_assets,pearson,stress,DBC,SPY,0.4679341019530781
etf_assets,pearson,stress,DBC,TLT,-0.2597111824015478
etf_assets,pearson,stress,DBC,USO,0.8412896197644066
etf_assets,pearson,stress,DBC,VNQ,0.3407997935934748
etf_assets,pearson,stress,EEM,EFA,0.9003682500951439
etf_assets,pearson,stress,EEM,EWG,0.841048563724021
etf_assets,pearson,stress,EEM,EWJ,0.801634554140222
etf_assets,pearson,stress,EEM,EWU,0.8582629425646715
etf_assets,pearson,stress,EEM,GLD,0.14295554777348243
etf_assets,pearson,stress,EEM,HYG,0.6147812618098591
etf_assets,pearson,stress,EEM,SHY,-0.2769529060349509
etf_assets,pearson,stress,EEM,SPY,0.8541645975752598
etf_assets,pearson,stress,EEM,TLT,-0.34107675825697026
etf_assets,pearson,stress,EEM,USO,0.43314713774372277
etf_assets,pearson,stress,EEM,VNQ,0.7150177417652835
etf_assets,pearson,stress,EFA,EWG,0.9494242460898052
etf_assets,pearson,stress,EFA,EWJ,0.8892208853629913
etf_assets,pearson,stress,EFA,EWU,0.9484306086174344
etf_assets,pearson,stress,EFA,GLD,0.1365578174012925
etf_assets,pearson,stress,EFA,HYG,0.67373905453361
etf_assets,pearson,stress,EFA,SHY,-0.23562780935594593
etf_assets,pearson,stress,EFA,SPY,0.9090009621160807
etf_assets,pearson,stress,EFA,TLT,-0.3425801255044901
etf_assets,pearson,stress,EFA,USO,0.4342003803606061
etf_assets,pearson,stress,EFA,VNQ,0.7365382635554963
etf_assets,pearson,stress,EWG,EWJ,0.7972887686196295
etf_assets,pearson,stress,EWG,EWU,0.8958225912909565
etf_assets,pearson,stress,EWG,GLD,0.14815695227468648
etf_assets,pearson,stress,EWG,HYG,0.6296786064427288
etf_assets,pearson,stress,EWG,SHY,-0.21245937893876166
etf_assets,pearson,stress,EWG,SPY,0.8549716254651335
etf_assets,pearson,stress,EWG,TLT,-0.33956060866505633
etf_assets,pearson,stress,EWG,USO,0.4000292219709136
etf_assets,pearson,stress,EWG,VNQ,0.6856559344704742
etf_assets,pearson,stress,EWJ,EWU,0.7995037820237534
etf_assets,pearson,stress,EWJ,GLD,0.10092793664941858
etf_assets,pearson,stress,EWJ,HYG,0.5836803010568763
etf_assets,pearson,stress,EWJ,SHY,-0.17654505560937797
etf_assets,pearson,stress,EWJ,SPY,0.8164018281602912
etf_assets,pearson,stress,EWJ,TLT,-0.2500505245526142
etf_assets,pearson,stress,EWJ,USO,0.3424656867311056
etf_assets,pearson,stress,EWJ,VNQ,0.6416665585106183
etf_assets,pearson,stress,EWU,GLD,0.1361977356620056
etf_assets,pearson,stress,EWU,HYG,0.6479531461257393
etf_assets,pearson,stress,EWU,SHY,-0.24042424103605356
etf_assets,pearson,stress,EWU,SPY,0.8675032051917735
etf_assets,pearson,stress,EWU,TLT,-0.3557579362606536
etf_assets,pearson,stress,EWU,USO,0.4645917775810644
etf_assets,pearson,stress,EWU,VNQ,0.7136147604187391
etf_assets,pearson,stress,GLD,HYG,0.025852931111515386
etf_assets,pearson,stress,GLD,SHY,0.2220033485985871
etf_assets,pearson,stress,GLD,SPY,0.046181517848725574
etf_assets,pearson,stress,GLD,TLT,0.16037266827822358
etf_assets,pearson,stress,GLD,USO,0.17970141545433546
etf_assets,pearson,stress,GLD,VNQ,0.032245283025069606
etf_assets,pearson,stress,HYG,SHY,-0.08463285712770283
etf_assets,pearson,stress,HYG,SPY,0.6916471721723121
etf_assets,pearson,stress,HYG,TLT,-0.179687590603904
etf_assets,pearson,stress,HYG,USO,0.32439877193845784
etf_assets,pearson,stress,HYG,VNQ,0.5359237814730582
etf_assets,pearson,stress,SHY,SPY,-0.2586498668147405
etf_assets,pearson,stress,SHY,TLT,0.5629767693272153
etf_assets,pearson,stress,SHY,USO,-0.15266766756724956
etf_assets,pearson,stress,SHY,VNQ,-0.1976218653091675
etf_assets,pearson,stress,SPY,TLT,-0.35811514823048407
etf_assets,pearson,stress,SPY,USO,0.41870668985450765
etf_assets,pearson,stress,SPY,VNQ,0.7947946297541886
etf_assets,pearson,stress,TLT,USO,-0.2680390274944943
etf_assets,pearson,stress,TLT,VNQ,-0.25177637699950417
etf_assets,pearson,stress,USO,VNQ,0.29843750999498525
etf_assets,pearson,stress_minus_calm,AGG,DBC,0.09858788882034636
etf_assets,pearson,stress_minus_calm,AGG,EEM,-0.03524806278805664
etf_assets,pearson,stress_minus_calm,AGG,EFA,0.05815720213996889
etf_assets,pearson,stress_minus_calm,AGG,EWG,0.058278735999615736
etf_assets,pearson,stress_minus_calm,AGG,EWJ,0.07559248396286763
etf_assets,pearson,stress_minus_calm,AGG,EWU,0.04991130909636668
etf_assets,pearson,stress_minus_calm,AGG,GLD,-0.03240192336880629
etf_assets,pearson,stress_minus_calm,AGG,HYG,0.06569223135308969
etf_assets,pearson,stress_minus_calm,AGG,SHY,-0.2142438650050994
etf_assets,pearson,stress_minus_calm,AGG,SPY,0.07756767748613833
etf_assets,pearson,stress_minus_calm,AGG,TLT,-0.22981603979058818
etf_assets,pearson,stress_minus_calm,AGG,USO,0.09831609175553044
etf_assets,pearson,stress_minus_calm,AGG,VNQ,-0.27689476995154594
etf_assets,pearson,stress_minus_calm,DBC,EEM,0.1298464247150607
etf_assets,pearson,stress_minus_calm,DBC,EFA,0.16208217891844928
etf_assets,pearson,stress_minus_calm,DBC,EWG,0.18295384732903225
etf_assets,pearson,stress_minus_calm,DBC,EWJ,0.1921050563694219
etf_assets,pearson,stress_minus_calm,DBC,EWU,0.1608890256501374
etf_assets,pearson,stress_minus_calm,DBC,GLD,0.014087944852513024
etf_assets,pearson,stress_minus_calm,DBC,HYG,0.09639662134176663
etf_assets,pearson,stress_minus_calm,DBC,SHY,-0.03403231079652813
etf_assets,pearson,stress_minus_calm,DBC,SPY,0.17402720187486592
etf_assets,pearson,stress_minus_calm,DBC,TLT,-0.087575309953693
etf_assets,pearson,stress_minus_calm,DBC,USO,-0.029140032661699955
etf_assets,pearson,stress_minus_calm,DBC,VNQ,0.23274208903329258
etf_assets,pearson,stress_minus_calm,EEM,EFA,0.10136143883726323
etf_assets,pearson,stress_minus_calm,EEM,EWG,0.1305979608625928
etf_assets,pearson,stress_minus_calm,EEM,EWJ,0.20584139936161494
etf_assets,pearson,stress_minus_calm,EEM,EWU,0.12828584945111787
etf_assets,pearson,stress_minus_calm,EEM,GLD,-0.07497023906677103
etf_assets,pearson,stress_minus_calm,EEM,HYG,0.016657930159062473
etf_assets,pearson,stress_minus_calm,EEM,SHY,-0.17237185354278817
etf_assets,pearson,stress_minus_calm,EEM,SPY,0.1229843909973879
etf_assets,pearson,stress_minus_calm,EEM,TLT,-0.19914187438018968
etf_assets,pearson,stress_minus_calm,EEM,USO,0.14978465843641037
etf_assets,pearson,stress_minus_calm,EEM,VNQ,0.22798558835046046
etf_assets,pearson,stress_minus_calm,EFA,EWG,0.0374844659840482
etf_assets,pearson,stress_minus_calm,EFA,EWJ,0.10377457450524041
etf_assets,pearson,stress_minus_calm,EFA,EWU,0.04049043573095035
etf_assets,pearson,stress_minus_calm,EFA,GLD,-0.04519737813834718
etf_assets,pearson,stress_minus_calm,EFA,HYG,0.03864703705225103
etf_assets,pearson,stress_minus_calm,EFA,SHY,-0.14021888278152445
etf_assets,pearson,stress_minus_calm,EFA,SPY,0.0988034583788453
etf_assets,pearson,stress_minus_calm,EFA,TLT,-0.14268157319968824
etf_assets,pearson,stress_minus_calm,EFA,USO,0.16266720199240403
etf_assets,pearson,stress_minus_calm,EFA,VNQ,0.21008327783871728
etf_assets,pearson,stress_minus_calm,EWG,EWJ,0.18417509075266147
etf_assets,pearson,stress_minus_calm,EWG,EWU,0.08389702733163451
etf_assets,pearson,stress_minus_calm,EWG,GLD,-0.004760270535303507
etf_assets,pearson,stress_minus_calm,EWG,HYG,0.060596130033477524
etf_assets,pearson,stress_minus_calm,EWG,SHY,-0.11564955540335721
etf_assets,pearson,stress_minus_calm,EWG,SPY,0.12467939096230007
etf_assets,pearson,stress_minus_calm,EWG,TLT,-0.13793183865557823
etf_assets,pearson,stress_minus_calm,EWG,USO,0.17965189127038647
etf_assets,pearson,stress_minus_calm,EWG,VNQ,0.2220134362112725
etf_assets,pearson,stress_minus_calm,EWJ,EWU,0.19488899890616784
etf_assets,pearson,stress_minus_calm,EWJ,GLD,-0.0021216070263877645
etf_assets,pearson,stress_minus_calm,EWJ,HYG,0.0966199399226853
etf_assets,pearson,stress_minus_calm,EWJ,SHY,-0.09804871672382341
etf_assets,pearson,stress_minus_calm,EWJ,SPY,0.15982074560081405
etf_assets,pearson,stress_minus_calm,EWJ,TLT,-0.11463017922948154
etf_assets,pearson,stress_minus_calm,EWJ,USO,0.16749796023055671
etf_assets,pearson,stress_minus_calm,EWJ,VNQ,0.22126708328697037
etf_assets,pearson,stress_minus_calm,EWU,GLD,-0.033065759489253194
etf_assets,pearson,stress_minus_calm,EWU,HYG,0.05826604320902784
etf_assets,pearson,stress_minus_calm,EWU,SHY,-0.1507200673088952
etf_assets,pearson,stress_minus_calm,EWU,SPY,0.14994524690597355
etf_assets,pearson,stress_minus_calm,EWU,TLT,-0.1502754824067206
etf_assets,pearson,stress_minus_calm,EWU,USO,0.16391758203329282
etf_assets,pearson,stress_minus_calm,EWU,VNQ,0.23449785264793588
etf_assets,pearson,stress_minus_calm,GLD,HYG,-0.08836299013772991
etf_assets,pearson,stress_minus_calm,GLD,SHY,-0.01113880373289225
etf_assets,pearson,stress_minus_calm,GLD,SPY,-0.014493178708361164
etf_assets,pearson,stress_minus_calm,GLD,TLT,-0.032412789348672894
etf_assets,pearson,stress_minus_calm,GLD,USO,-0.002847593634655393
etf_assets,pearson,stress_minus_calm,GLD,VNQ,-0.10757429368796217
etf_assets,pearson,stress_minus_calm,HYG,SHY,-0.12042578635410481
etf_assets,pearson,stress_minus_calm,HYG,SPY,0.026224430451081693
etf_assets,pearson,stress_minus_calm,HYG,TLT,-0.17625338289801676
etf_assets,pearson,stress_minus_calm,HYG,USO,0.05407363090896783
etf_assets,pearson,stress_minus_calm,HYG,VNQ,0.041690602518766884
etf_assets,pearson,stress_minus_calm,SHY,SPY,-0.07174277559059902
etf_assets,pearson,stress_minus_calm,SHY,TLT,-0.01950008624899835
etf_assets,pearson,stress_minus_calm,SHY,USO,-0.03223074836869427
etf_assets,pearson,stress_minus_calm,SHY,VNQ,-0.3054977461641588
etf_assets,pearson,stress_minus_calm,SPY,TLT,-0.13735355062285512
etf_assets,pearson,stress_minus_calm,SPY,USO,0.17202097368927222
etf_assets,pearson,stress_minus_calm,SPY,VNQ,0.2098275372601881
etf_assets,pearson,stress_minus_calm,TLT,USO,-0.08033530930123522
etf_assets,pearson,stress_minus_calm,TLT,VNQ,-0.3743802400776146
etf_assets,pearson,stress_minus_calm,USO,VNQ,0.23134061659003446
