universe,method,regime_calm,asset_i,asset_j,corr_calm,regime_stress,corr_stress,delta_corr,interpretation
etf_assets,pearson,calm,EWU,VNQ,0.4791169077708032,stress,0.7136147604187391,0.23449785264793588,Moderate breakdown
etf_assets,pearson,calm,DBC,VNQ,0.10805770456018222,stress,0.3407997935934748,0.23274208903329258,Moderate breakdown
etf_assets,pearson,calm,USO,VNQ,0.0670968934049508,stress,0.29843750999498525,0.23134061659003446,Moderate breakdown
etf_assets,pearson,calm,EEM,VNQ,0.4870321534148231,stress,0.7150177417652835,0.22798558835046046,Moderate breakdown
etf_assets,pearson,calm,EWG,VNQ,0.46364249825920173,stress,0.6856559344704742,0.2220134362112725,Moderate breakdown
etf_assets,pearson,calm,EWJ,VNQ,0.4203994752236479,stress,0.6416665585106183,0.22126708328697037,Moderate breakdown
etf_assets,pearson,calm,EFA,VNQ,0.5264549857167791,stress,0.7365382635554963,0.21008327783871728,Moderate breakdown
etf_assets,pearson,calm,SPY,VNQ,0.5849670924940005,stress,0.7947946297541886,0.2098275372601881,Moderate breakdown
etf_assets,pearson,calm,EEM,EWJ,0.5957931547786071,stress,0.801634554140222,0.20584139936161494,Moderate breakdown
etf_assets,pearson,calm,EWJ,EWU,0.6046147831175855,stress,0.7995037820237534,0.19488899890616784,Moderate breakdown
etf_assets,pearson,calm,DBC,EWJ,0.22741337233468803,stress,0.41951842870410994,0.1921050563694219,Moderate breakdown
etf_assets,pearson,calm,EWG,EWJ,0.613113677866968,stress,0.7972887686196295,0.18417509075266147,Moderate breakdown
etf_assets,pearson,calm,DBC,EWG,0.29354734867622084,stress,0.4765011960052531,0.18295384732903225,Moderate breakdown
etf_assets,pearson,calm,EWG,USO,0.22037733070052715,stress,0.4000292219709136,0.17965189127038647,Moderate breakdown
etf_assets,pearson,calm,DBC,SPY,0.2939069000782122,stress,0.4679341019530781,0.17402720187486592,Moderate breakdown
etf_assets,pearson,calm,SPY,USO,0.24668571616523544,stress,0.41870668985450765,0.17202097368927222,Moderate breakdown
etf_assets,pearson,calm,EWJ,USO,0.1749677265005489,stress,0.3424656867311056,0.16749796023055671,Moderate breakdown
etf_assets,pearson,calm,EWU,USO,0.3006741955477716,stress,0.4645917775810644,0.16391758203329282,Moderate breakdown
etf_assets,pearson,calm,EFA,USO,0.27153317836820207,stress,0.4342003803606061,0.16266720199240403,Moderate breakdown
etf_assets,pearson,calm,DBC,EFA,0.3505870018180994,stress,0.5126691807365487,0.16208217891844928,Moderate breakdown
etf_assets,pearson,calm,DBC,EWU,0.3684964789102404,stress,0.5293855045603778,0.1608890256501374,Moderate breakdown
etf_assets,pearson,calm,EWJ,SPY,0.6565810825594771,stress,0.8164018281602912,0.15982074560081405,Moderate breakdown
etf_assets,pearson,calm,EWU,SPY,0.7175579582857999,stress,0.8675032051917735,0.14994524690597355,Moderate breakdown
etf_assets,pearson,calm,EEM,USO,0.2833624793073124,stress,0.43314713774372277,0.14978465843641037,Moderate breakdown
etf_assets,pearson,calm,EEM,EWG,0.7104506028614282,stress,0.841048563724021,0.1305979608625928,Moderate breakdown
etf_assets,pearson,calm,DBC,EEM,0.37256047533973835,stress,0.502406900054799,0.1298464247150607,Moderate breakdown
etf_assets,pearson,calm,EEM,EWU,0.7299770931135536,stress,0.8582629425646715,0.12828584945111787,Moderate breakdown
etf_assets,pearson,calm,EWG,SPY,0.7302922345028334,stress,0.8549716254651335,0.12467939096230007,Moderate breakdown
etf_assets,pearson,calm,EEM,SPY,0.7311802065778719,stress,0.8541645975752598,0.1229843909973879,Moderate breakdown
etf_assets,pearson,calm,EFA,EWJ,0.7854463108577509,stress,0.8892208853629913,0.10377457450524041,Moderate breakdown
etf_assets,pearson,calm,EEM,EFA,0.7990068112578806,stress,0.9003682500951439,0.10136143883726323,Moderate breakdown
etf_assets,pearson,calm,EFA,SPY,0.8101975037372354,stress,0.9090009621160807,0.0988034583788453,Small increase
etf_assets,pearson,calm,AGG,DBC,-0.10010637684510128,stress,-0.0015184880247549172,0.09858788882034636,Small increase
etf_assets,pearson,calm,AGG,USO,-0.13164791272351747,stress,-0.03333182096798704,0.09831609175553044,Small increase
etf_assets,pearson,calm,EWJ,HYG,0.487060361134191,stress,0.5836803010568763,0.0966199399226853,Small increase
etf_assets,pearson,calm,DBC,HYG,0.297228403754613,stress,0.39362502509637964,0.09639662134176663,Small increase
etf_assets,pearson,calm,EWG,EWU,0.811925563959322,stress,0.8958225912909565,0.08389702733163451,Small increase
etf_assets,pearson,calm,AGG,SPY,-0.06943235949303528,stress,0.008135317993103042,0.07756767748613833,Small increase
etf_assets,pearson,calm,AGG,EWJ,-0.004056122220716888,stress,0.07153636174215075,0.07559248396286763,Small increase
etf_assets,pearson,calm,AGG,HYG,0.1850152248318944,stress,0.2507074561849841,0.06569223135308969,Small increase
etf_assets,pearson,calm,EWG,HYG,0.5690824764092512,stress,0.6296786064427288,0.060596130033477524,Small increase
etf_assets,pearson,calm,AGG,EWG,-0.03319907872266658,stress,0.02507965727694916,0.058278735999615736,Small increase
etf_assets,pearson,calm,EWU,HYG,0.5896871029167114,stress,0.6479531461257393,0.05826604320902784,Small increase
etf_assets,pearson,calm,AGG,EFA,-0.01826076695632307,stress,0.039896435183645815,0.05815720213996889,Small increase
etf_assets,pearson,calm,HYG,USO,0.27032514102949,stress,0.32439877193845784,0.05407363090896783,Small increase
etf_assets,pearson,calm,AGG,EWU,-0.03428388517261003,stress,0.015627423923756645,0.04991130909636668,Small increase
etf_assets,pearson,calm,HYG,VNQ,0.4942331789542913,stress,0.5359237814730582,0.041690602518766884,Small increase
etf_assets,pearson,calm,EFA,EWU,0.9079401728864841,stress,0.9484306086174344,0.04049043573095035,Small increase
etf_assets,pearson,calm,EFA,HYG,0.635092017481359,stress,0.67373905453361,0.03864703705225103,Small increase
etf_assets,pearson,calm,EFA,EWG,0.911939780105757,stress,0.9494242460898052,0.0374844659840482,Small increase
etf_assets,pearson,calm,HYG,SPY,0.6654227417212304,stress,0.6916471721723121,0.026224430451081693,Small increase
etf_assets,pearson,calm,EEM,HYG,0.5981233316507967,stress,0.6147812618098591,0.016657930159062473,Small increase
etf_assets,pearson,calm,DBC,GLD,0.34134592979618616,stress,0.3554338746486992,0.014087944852513024,Small increase
etf_assets,pearson,calm,EWJ,GLD,0.10304954367580635,stress,0.10092793664941858,-0.0021216070263877645,Correlation decreased
etf_assets,pearson,calm,GLD,USO,0.18254900908899085,stress,0.17970141545433546,-0.002847593634655393,Correlation decreased
etf_assets,pearson,calm,EWG,GLD,0.15291722280998998,stress,0.14815695227468648,-0.004760270535303507,Correlation decreased
etf_assets,pearson,calm,GLD,SHY,0.23314215233147936,stress,0.2220033485985871,-0.01113880373289225,Correlation decreased
etf_assets,pearson,calm,GLD,SPY,0.06067469655708674,stress,0.046181517848725574,-0.014493178708361164,Correlation decreased
etf_assets,pearson,calm,SHY,TLT,0.5824768555762136,stress,0.5629767693272153,-0.01950008624899835,Correlation decreased
etf_assets,pearson,calm,DBC,USO,0.8704296524261066,stress,0.8412896197644066,-0.029140032661699955,Correlation decreased
etf_assets,pearson,calm,SHY,USO,-0.12043691919855529,stress,-0.15266766756724956,-0.03223074836869427,Correlation decreased
etf_assets,pearson,calm,AGG,GLD,0.24886458539974965,stress,0.21646266203094336,-0.03240192336880629,Correlation decreased
etf_assets,pearson,calm,GLD,TLT,0.19278545762689647,stress,0.16037266827822358,-0.032412789348672894,Correlation decreased
etf_assets,pearson,calm,EWU,GLD,0.1692634951512588,stress,0.1361977356620056,-0.033065759489253194,Correlation decreased
etf_assets,pearson,calm,DBC,SHY,-0.10591929176581583,stress,-0.13995160256234396,-0.03403231079652813,Correlation decreased
etf_assets,pearson,calm,AGG,EEM,0.002772471227003815,stress,-0.03247559156105282,-0.03524806278805664,Correlation decreased
etf_assets,pearson,calm,EFA,GLD,0.18175519553963967,stress,0.1365578174012925,-0.04519737813834718,Correlation decreased
etf_assets,pearson,calm,SHY,SPY,-0.18690709122414148,stress,-0.2586498668147405,-0.07174277559059902,Correlation decreased
etf_assets,pearson,calm,EEM,GLD,0.21792578684025346,stress,0.14295554777348243,-0.07497023906677103,Correlation decreased
etf_assets,pearson,calm,TLT,USO,-0.1877037181932591,stress,-0.2680390274944943,-0.08033530930123522,Correlation decreased
etf_assets,pearson,calm,DBC,TLT,-0.17213587244785478,stress,-0.2597111824015478,-0.087575309953693,Correlation decreased
etf_assets,pearson,calm,GLD,HYG,0.1142159212492453,stress,0.025852931111515386,-0.08836299013772991,Correlation decreased
etf_assets,pearson,calm,EWJ,SHY,-0.07849633888555456,stress,-0.17654505560937797,-0.09804871672382341,Correlation decreased
etf_assets,pearson,calm,GLD,VNQ,0.13981957671303177,stress,0.032245283025069606,-0.10757429368796217,Correlation decreased
etf_assets,pearson,calm,EWJ,TLT,-0.13542034532313263,stress,-0.2500505245526142,-0.11463017922948154,Correlation decreased
etf_assets,pearson,calm,EWG,SHY,-0.09680982353540445,stress,-0.21245937893876166,-0.11564955540335721,Correlation decreased
etf_assets,pearson,calm,HYG,SHY,0.03579292922640198,stress,-0.08463285712770283,-0.12042578635410481,Correlation decreased
etf_assets,pearson,calm,SPY,TLT,-0.22076159760762895,stress,-0.35811514823048407,-0.13735355062285512,Correlation decreased
etf_assets,pearson,calm,EWG,TLT,-0.2016287700094781,stress,-0.33956060866505633,-0.13793183865557823,Correlation decreased
etf_assets,pearson,calm,EFA,SHY,-0.0954089265744215,stress,-0.23562780935594593,-0.14021888278152445,Correlation decreased
etf_assets,pearson,calm,EFA,TLT,-0.19989855230480183,stress,-0.3425801255044901,-0.14268157319968824,Correlation decreased
etf_assets,pearson,calm,EWU,TLT,-0.20548245385393302,stress,-0.3557579362606536,-0.1502754824067206,Correlation decreased
etf_assets,pearson,calm,EWU,SHY,-0.08970417372715837,stress,-0.24042424103605356,-0.1507200673088952,Correlation decreased
etf_assets,pearson,calm,EEM,SHY,-0.10458105249216271,stress,-0.2769529060349509,-0.17237185354278817,Correlation decreased
etf_assets,pearson,calm,HYG,TLT,-0.003434207705887234,stress,-0.179687590603904,-0.17625338289801676,Correlation decreased
etf_assets,pearson,calm,EEM,TLT,-0.14193488387678058,stress,-0.34107675825697026,-0.19914187438018968,Correlation decreased
etf_assets,pearson,calm,AGG,SHY,0.7521783522458897,stress,0.5379344872407903,-0.2142438650050994,Correlation decreased
etf_assets,pearson,calm,AGG,TLT,0.8770451677374608,stress,0.6472291279468726,-0.22981603979058818,Correlation decreased
etf_assets,pearson,calm,AGG,VNQ,0.24028481160447251,stress,-0.03660995834707342,-0.27689476995154594,Correlation decreased
etf_assets,pearson,calm,SHY,VNQ,0.1078758808549913,stress,-0.1976218653091675,-0.3054977461641588,Correlation decreased
etf_assets,pearson,calm,TLT,VNQ,0.12260386307811046,stress,-0.25177637699950417,-0.3743802400776146,Correlation decreased
