basket,label,assets,n_assets,n_pairs,n_calm_days,n_stress_days,stress_share,avg_corr_calm,avg_corr_stress,avg_corr_diff,median_corr_diff,share_pairs_increased,share_pairs_moderate_or_stronger
broad_4_agg_dbc,markov_p050,"SPY, AGG, DBC, VNQ",4,6,2738,2268,0.45305633240111864,0.1735901863555924,0.26225453189167774,0.08866434553608542,0.13858548667129295,0.8333333333333334,0.5
panel_a_full,markov_p050,"SPY, SHY, TLT, AGG, HYG, GLD, DBC, USO, VNQ",9,36,2443,2268,0.4814264487369985,0.19490669011051806,0.1702924085184542,-0.024614281592063858,-0.02431687155743345,0.3888888888888889,0.1388888888888889
with_gold_5_agg,markov_p050,"SPY, AGG, GLD, DBC, VNQ",5,10,2738,2268,0.45305633240111864,0.18806255515995682,0.22238517390105503,0.034322618741098154,0.03191873483371727,0.5,0.3
with_gold_5_hyg,markov_p050,"SPY, HYG, GLD, DBC, VNQ",5,10,2443,2268,0.4814264487369985,0.3099876004984335,0.368443585769038,0.05845598527060454,0.033957822358996304,0.7,0.3
with_gold_5_shy,markov_p050,"SPY, SHY, GLD, DBC, VNQ",5,10,2738,2268,0.45305633240111864,0.16233328815139486,0.16632233525670065,0.003989047105305776,-0.040322343859099954,0.4,0.3
with_gold_5_tlt,markov_p050,"SPY, TLT, GLD, DBC, VNQ",5,10,2738,2268,0.45305633240111864,0.14996784415353323,0.13281589124825283,-0.017151952905280404,-0.040322343859099954,0.3,0.3
broad_4_agg_dbc,markov_p0975,"SPY, AGG, DBC, VNQ",4,6,4059,947,0.18917299240910906,0.18047972775901047,0.29055453265299674,0.11007480489398624,0.14506593142594765,0.8333333333333334,0.8333333333333334
panel_a_full,markov_p0975,"SPY, SHY, TLT, AGG, HYG, GLD, DBC, USO, VNQ",9,36,3764,947,0.20101889195499895,0.1855139571903389,0.15975030951150712,-0.025763647678831762,-0.042933720874156825,0.3611111111111111,0.2222222222222222
with_gold_5_agg,markov_p0975,"SPY, AGG, GLD, DBC, VNQ",5,10,4059,947,0.18917299240910906,0.1915837105717974,0.2289860738914494,0.037402363319652056,0.06088732231900351,0.5,0.5
with_gold_5_hyg,markov_p0975,"SPY, HYG, GLD, DBC, VNQ",5,10,3764,947,0.20101889195499895,0.3454999670042344,0.3607959754979346,0.015296008493700141,0.026177076435232982,0.6,0.3
with_gold_5_shy,markov_p0975,"SPY, SHY, GLD, DBC, VNQ",5,10,4059,947,0.18917299240910906,0.166762618337278,0.1516066120790596,-0.015156006258218436,-0.05968793517748808,0.3,0.3
with_gold_5_tlt,markov_p0975,"SPY, TLT, GLD, DBC, VNQ",5,10,4059,947,0.18917299240910906,0.15058632068208708,0.11948919888754723,-0.03109712179453985,-0.08463203763325605,0.4,0.3
broad_4_agg_dbc,raw_vix_drawdown,"SPY, AGG, DBC, VNQ",4,6,4198,808,0.1614063124250899,0.1952874668996711,0.28785647160629013,0.09256900470661905,0.13400346048543044,0.8333333333333334,0.6666666666666666
panel_a_full,raw_vix_drawdown,"SPY, SHY, TLT, AGG, HYG, GLD, DBC, USO, VNQ",9,36,3928,783,0.16620675015920186,0.1999681944431052,0.13904220938442113,-0.06092598505868406,-0.05220937049753703,0.3333333333333333,0.19444444444444445
with_gold_5_agg,raw_vix_drawdown,"SPY, AGG, GLD, DBC, VNQ",5,10,4198,808,0.1614063124250899,0.1964780702165579,0.23104659775215713,0.03456852753559927,0.01631688737755088,0.5,0.4
with_gold_5_hyg,raw_vix_drawdown,"SPY, HYG, GLD, DBC, VNQ",5,10,3928,783,0.16620675015920186,0.3380600616623266,0.3742315364277289,0.036171474765402264,0.003031129083232331,0.5,0.3
with_gold_5_shy,raw_vix_drawdown,"SPY, SHY, GLD, DBC, VNQ",5,10,4198,808,0.1614063124250899,0.17953124659439224,0.13394888159116763,-0.04558236500322459,-0.040655652494150624,0.3,0.3
with_gold_5_tlt,raw_vix_drawdown,"SPY, TLT, GLD, DBC, VNQ",5,10,4198,808,0.1614063124250899,0.15049699668554245,0.11594112485999888,-0.03455587182554357,-0.040655652494150624,0.3,0.3
broad_4_agg_dbc,vix_only_q0975,"SPY, AGG, DBC, VNQ",4,6,4765,241,0.04814222932481023,0.2028243916232428,0.3271986674449775,0.12437427582173466,0.16373714751498214,0.8333333333333334,0.8333333333333334
panel_a_full,vix_only_q0975,"SPY, SHY, TLT, AGG, HYG, GLD, DBC, USO, VNQ",9,36,4491,220,0.04669921460411802,0.18366074696436901,0.13577765908068595,-0.047883087883683055,-0.087439576391799,0.4166666666666667,0.3333333333333333
with_gold_5_agg,vix_only_q0975,"SPY, AGG, GLD, DBC, VNQ",5,10,4765,241,0.04814222932481023,0.20039097321102878,0.2236312809651379,0.023240307754109155,0.031274640463988604,0.5,0.5
with_gold_5_hyg,vix_only_q0975,"SPY, HYG, GLD, DBC, VNQ",5,10,4491,220,0.04669921460411802,0.3434982234945093,0.36735315601949403,0.023854932524984638,0.09347974310742158,0.6,0.5
with_gold_5_shy,vix_only_q0975,"SPY, SHY, GLD, DBC, VNQ",5,10,4765,241,0.04814222932481023,0.17827010601428261,0.08821194323398698,-0.09005816278029563,-0.1373292534339117,0.3,0.3
with_gold_5_tlt,vix_only_q0975,"SPY, TLT, GLD, DBC, VNQ",5,10,4765,241,0.04814222932481023,0.14617290635076097,0.09141594949344205,-0.05475695685731889,-0.10458935911919093,0.3,0.3
