basket,label,asset_i,asset_j,corr_calm,corr_stress,delta_corr,increased,moderate_or_stronger
panel_a_full,markov_p050,SPY,SHY,-0.18689249859390034,-0.2586353938859214,-0.07174289529202105,False,False
panel_a_full,markov_p050,SPY,TLT,-0.22076108841923797,-0.358114503464543,-0.13735341504530502,False,False
panel_a_full,markov_p050,SPY,AGG,-0.06943280912707653,0.008131587731621601,0.07756439685869813,True,False
panel_a_full,markov_p050,SPY,HYG,0.6654214434007997,0.6916448439444293,0.026223400543629594,True,False
panel_a_full,markov_p050,SPY,GLD,0.060675109712962694,0.0461820348160235,-0.014493074896939191,False,False
panel_a_full,markov_p050,SPY,DBC,0.2939078221742928,0.4679342511149448,0.174026428940652,True,True
panel_a_full,markov_p050,SPY,USO,0.246686118708354,0.41870687695935865,0.17202075825100466,True,True
panel_a_full,markov_p050,SPY,VNQ,0.5849669786424303,0.7947950335221042,0.20982805487967393,True,True
panel_a_full,markov_p050,SHY,TLT,0.5824633848680159,0.5629698662335234,-0.019493518634492446,False,False
panel_a_full,markov_p050,SHY,AGG,0.7521934028078684,0.5379265889627594,-0.21426681384510904,False,False
panel_a_full,markov_p050,SHY,HYG,0.035823283004581735,-0.08462204574018499,-0.12044532874476672,False,False
panel_a_full,markov_p050,SHY,GLD,0.2331672646373247,0.22202216350903844,-0.011145101128286261,False,False
panel_a_full,markov_p050,SHY,DBC,-0.10589968995188394,-0.13992881123750772,-0.034029121285623784,False,False
panel_a_full,markov_p050,SHY,USO,-0.12042591156438463,-0.15265518667741937,-0.032229275113034736,False,False
panel_a_full,markov_p050,SHY,VNQ,0.1078819752708855,-0.19762558076592476,-0.30550755603681023,False,False
panel_a_full,markov_p050,TLT,AGG,0.877048284695711,0.6472310037319623,-0.22981728096374865,False,False
panel_a_full,markov_p050,TLT,HYG,-0.003433835860467834,-0.1796870426161166,-0.17625320675564876,False,False
panel_a_full,markov_p050,TLT,GLD,0.192785395062323,0.16037078889989206,-0.03241460616243094,False,False
panel_a_full,markov_p050,TLT,DBC,-0.1721365037096222,-0.2597113012892322,-0.08757479757961001,False,False
panel_a_full,markov_p050,TLT,USO,-0.1877045531013663,-0.26803857766866773,-0.08033402456730143,False,False
panel_a_full,markov_p050,TLT,VNQ,0.12260709580712462,-0.2517770466109102,-0.37438414241803486,False,False
panel_a_full,markov_p050,AGG,HYG,0.1850132702139321,0.25070402696039434,0.06569075674646224,True,False
panel_a_full,markov_p050,AGG,GLD,0.24886242074719778,0.21646327922771208,-0.0323991415194857,False,False
panel_a_full,markov_p050,AGG,DBC,-0.10011330892924643,-0.0015214105823119395,0.09859189834693449,True,False
panel_a_full,markov_p050,AGG,USO,-0.13165327673535704,-0.03333395965852625,0.09831931707683078,True,False
panel_a_full,markov_p050,AGG,VNQ,0.24028450236339238,-0.036612692313793514,-0.2768971946771859,False,False
panel_a_full,markov_p050,HYG,GLD,0.11422007607724786,0.025852359210004613,-0.08836771686724325,False,False
panel_a_full,markov_p050,HYG,DBC,0.2972308169708231,0.39362512215977924,0.09639430518895614,True,False
panel_a_full,markov_p050,HYG,USO,0.27032637621375705,0.32439930829674735,0.0540729320829903,True,False
panel_a_full,markov_p050,HYG,VNQ,0.4942303132544822,0.5359225574288452,0.04169224417436301,True,False
panel_a_full,markov_p050,GLD,DBC,0.34134569166007017,0.3554341056295843,0.014088413969514102,True,False
panel_a_full,markov_p050,GLD,USO,0.18254900908899085,0.17970141545433546,-0.002847593634655393,False,False
panel_a_full,markov_p050,GLD,VNQ,0.13981979405420583,0.032245127987163356,-0.10757466606704247,False,False
panel_a_full,markov_p050,DBC,USO,0.8704296837791476,0.8412894592987732,-0.029140224480374455,False,False
panel_a_full,markov_p050,DBC,VNQ,0.10805795903702013,0.3408004218775016,0.23274246284048145,True,True
panel_a_full,markov_p050,USO,VNQ,0.06709684771825265,0.298438036218913,0.23134118850066038,True,True
panel_a_full,markov_p0975,SPY,SHY,-0.23481092132610099,-0.26551498632703746,-0.030704065000936476,False,False
panel_a_full,markov_p0975,SPY,TLT,-0.26600846270467154,-0.3887406557066393,-0.12273219300196775,False,False
panel_a_full,markov_p0975,SPY,AGG,-0.11126026759904178,0.06539727576396019,0.176657543363002,True,True
panel_a_full,markov_p0975,SPY,HYG,0.6622259912880238,0.6981303354319872,0.035904344143963374,True,False
panel_a_full,markov_p0975,SPY,GLD,0.08265962614975579,0.015342799413277885,-0.0673168267364779,False,False
panel_a_full,markov_p0975,SPY,DBC,0.3678374786072695,0.48069866303748243,0.11286118443021292,True,True
panel_a_full,markov_p0975,SPY,USO,0.32309188772739195,0.4184841608937887,0.09539227316639676,True,False
panel_a_full,markov_p0975,SPY,VNQ,0.6692417833129027,0.8061654685246951,0.13692368521179232,True,True
panel_a_full,markov_p0975,SHY,TLT,0.5673211548496233,0.5648520193628864,-0.002469135486736884,False,False
panel_a_full,markov_p0975,SHY,AGG,0.7398865168802722,0.4310426615742843,-0.3088438553059879,False,False
panel_a_full,markov_p0975,SHY,HYG,-0.005315842638598033,-0.11888079512826982,-0.11356495248967179,False,False
panel_a_full,markov_p0975,SHY,GLD,0.23704748493672706,0.19751351424416666,-0.0395339706925604,False,False
panel_a_full,markov_p0975,SHY,DBC,-0.0986901724146714,-0.18046345416836757,-0.08177328175369616,False,False
panel_a_full,markov_p0975,SHY,USO,-0.12236922008212917,-0.17675531955401372,-0.05438609947188455,False,False
panel_a_full,markov_p0975,SHY,VNQ,-0.0691792374456314,-0.2184469833932259,-0.1492677459475945,False,False
panel_a_full,markov_p0975,TLT,AGG,0.860701812008133,0.5488720611259468,-0.31182975088218623,False,False
panel_a_full,markov_p0975,TLT,HYG,-0.06415994802442027,-0.21250063245047082,-0.14834068442605056,False,False
panel_a_full,markov_p0975,TLT,GLD,0.16929549690438178,0.17792924824015463,0.008633751335772849,True,False
panel_a_full,markov_p0975,TLT,DBC,-0.19704577805485268,-0.28280259376224903,-0.08575681570739635,False,False
panel_a_full,markov_p0975,TLT,USO,-0.21461641085566438,-0.2826335649565706,-0.06801715410090622,False,False
panel_a_full,markov_p0975,TLT,VNQ,-0.035832917177811896,-0.29447204033085406,-0.25863912315304216,False,False
panel_a_full,markov_p0975,AGG,HYG,0.1266450256320022,0.3079719164042146,0.18132689077221242,True,True
panel_a_full,markov_p0975,AGG,GLD,0.23889731491829885,0.21176359618652119,-0.027133718731777667,False,False
panel_a_full,markov_p0975,AGG,DBC,-0.10656655081700586,0.0540258158210471,0.16059236663805296,True,True
panel_a_full,markov_p0975,AGG,USO,-0.1346690248416102,0.01151399556511925,0.14618302040672945,True,True
panel_a_full,markov_p0975,AGG,VNQ,0.06768367767920062,-0.024303979292094144,-0.09198765697129477,False,False
panel_a_full,markov_p0975,HYG,GLD,0.11219875954827051,-0.010609180210758913,-0.12280793975902943,False,False
panel_a_full,markov_p0975,HYG,DBC,0.34621322720764874,0.40208506739693095,0.05587184018928221,True,False
panel_a_full,markov_p0975,HYG,USO,0.31706301326752023,0.3100912177987824,-0.006971795468737829,False,False
panel_a_full,markov_p0975,HYG,VNQ,0.5189256931996236,0.5353755019261262,0.01644980872650259,True,False
panel_a_full,markov_p0975,GLD,DBC,0.3719378196550089,0.31404638422885417,-0.057891435426154714,False,False
panel_a_full,markov_p0975,GLD,USO,0.2022589675934259,0.14996842145347586,-0.052290546139950045,False,False
panel_a_full,markov_p0975,GLD,VNQ,0.11364311535893284,0.005380763167860695,-0.10826235219107215,False,False
panel_a_full,markov_p0975,DBC,USO,0.8717750187477445,0.8254415476919913,-0.04633347105575325,False,False
panel_a_full,markov_p0975,DBC,VNQ,0.21011617571490762,0.36134395206288983,0.1512277763479822,True,True
panel_a_full,markov_p0975,USO,VNQ,0.16236017164734365,0.31369894037836377,0.15133876873102012,True,True
panel_a_full,raw_vix_drawdown,SPY,SHY,-0.14601599145588445,-0.3584394992133966,-0.21242350775751212,False,False
panel_a_full,raw_vix_drawdown,SPY,TLT,-0.22411889789836625,-0.44707484269894354,-0.2229559448005773,False,False
panel_a_full,raw_vix_drawdown,SPY,AGG,-0.04608762450720631,0.02489333321274848,0.07098095771995479,True,False
panel_a_full,raw_vix_drawdown,SPY,HYG,0.6686207564569528,0.6875284754608239,0.018907719003871004,True,False
panel_a_full,raw_vix_drawdown,SPY,GLD,0.07332425135137317,0.033603827631270226,-0.03972042372010295,False,False
panel_a_full,raw_vix_drawdown,SPY,DBC,0.3503320734595759,0.5135889432569603,0.16325686979738435,True,True
panel_a_full,raw_vix_drawdown,SPY,USO,0.29655313461531213,0.4444391746366947,0.14788604002138256,True,True
panel_a_full,raw_vix_drawdown,SPY,VNQ,0.6786237342160382,0.8121772581354891,0.13355352391945097,True,True
panel_a_full,raw_vix_drawdown,SHY,TLT,0.5765335600996917,0.540056769181224,-0.03647679091846767,False,False
panel_a_full,raw_vix_drawdown,SHY,AGG,0.7562685689691211,0.3660448573491238,-0.3902237116199973,False,False
panel_a_full,raw_vix_drawdown,SHY,HYG,0.06540680798408793,-0.1969094262873835,-0.26231623427147144,False,False
panel_a_full,raw_vix_drawdown,SHY,GLD,0.2900455976331237,0.08216452848255917,-0.20788106915056453,False,False
panel_a_full,raw_vix_drawdown,SHY,DBC,-0.07018197425772313,-0.23189957197595706,-0.16171759771823394,False,False
panel_a_full,raw_vix_drawdown,SHY,USO,-0.10333780709280953,-0.19911665853928137,-0.09577885144647184,False,False
panel_a_full,raw_vix_drawdown,SHY,VNQ,-0.01414537611048671,-0.29719409288199183,-0.2830487167715051,False,False
panel_a_full,raw_vix_drawdown,TLT,AGG,0.8459289104491785,0.5244218121251509,-0.3215070983240276,False,False
panel_a_full,raw_vix_drawdown,TLT,HYG,-0.02440929076752478,-0.2695288566585916,-0.24511956589106682,False,False
panel_a_full,raw_vix_drawdown,TLT,GLD,0.1964599344848904,0.11852160018785109,-0.07793833429703932,False,False
panel_a_full,raw_vix_drawdown,TLT,DBC,-0.19344526517966165,-0.29583675201931947,-0.10239148683965782,False,False
panel_a_full,raw_vix_drawdown,TLT,USO,-0.21723025279106792,-0.2795520592339784,-0.06232180644291049,False,False
panel_a_full,raw_vix_drawdown,TLT,VNQ,-0.0181070281014985,-0.35940582193053483,-0.34129879382903633,False,False
panel_a_full,raw_vix_drawdown,AGG,HYG,0.1911826358734331,0.28197647715772495,0.09079384128429185,True,False
panel_a_full,raw_vix_drawdown,AGG,GLD,0.26734771509962085,0.16286410036030152,-0.10448361473931933,False,False
panel_a_full,raw_vix_drawdown,AGG,DBC,-0.08687192814999097,0.05355608594547725,0.1404280140954682,True,True
panel_a_full,raw_vix_drawdown,AGG,USO,-0.12451626286780507,0.018179053832721368,0.14269531670052643,True,True
panel_a_full,raw_vix_drawdown,AGG,VNQ,0.09556340227233945,-0.06600363954793241,-0.16156704182027187,False,False
panel_a_full,raw_vix_drawdown,HYG,GLD,0.10559858854703902,-0.014081339870184275,-0.11967992841722329,False,False
panel_a_full,raw_vix_drawdown,HYG,DBC,0.3279900295240125,0.42035134050352807,0.09236131097951555,True,False
panel_a_full,raw_vix_drawdown,HYG,USO,0.2864850461117345,0.3253992661011555,0.03891421998942102,True,False
panel_a_full,raw_vix_drawdown,HYG,VNQ,0.5440135155532928,0.5171294112794322,-0.026884104273860565,False,False
panel_a_full,raw_vix_drawdown,GLD,DBC,0.3557517611380785,0.34290630030067215,-0.012845460837406342,False,False
panel_a_full,raw_vix_drawdown,GLD,USO,0.19474137920956508,0.16404406439381033,-0.030697314815754745,False,False
panel_a_full,raw_vix_drawdown,GLD,VNQ,0.07801251062344239,0.035281748160600285,-0.0427307624628421,False,False
panel_a_full,raw_vix_drawdown,DBC,USO,0.8768444149754132,0.8151564364431813,-0.06168797853223196,False,False
panel_a_full,raw_vix_drawdown,DBC,VNQ,0.19833339575346073,0.39382939941869677,0.19549600366523603,True,True
panel_a_full,raw_vix_drawdown,USO,VNQ,0.1473609747310344,0.3424478351394577,0.1950868604084233,True,True
panel_a_full,vix_only_q0975,SPY,SHY,-0.1774951624176204,-0.4449390810868226,-0.26744391866920225,False,False
panel_a_full,vix_only_q0975,SPY,TLT,-0.27651318444126477,-0.46600697854126577,-0.189493794100001,False,False
panel_a_full,vix_only_q0975,SPY,AGG,-0.05899144615599735,0.07941754014854444,0.1384089863045418,True,True
panel_a_full,vix_only_q0975,SPY,HYG,0.6408807509685487,0.744725974610398,0.10384522364184934,True,True
panel_a_full,vix_only_q0975,SPY,GLD,0.08011567191413062,-0.06372516772481734,-0.14384083963894795,False,False
panel_a_full,vix_only_q0975,SPY,DBC,0.3717681410391553,0.5693376333829575,0.19756949234380222,True,True
panel_a_full,vix_only_q0975,SPY,USO,0.31179623222895947,0.552370267194579,0.24057403496561958,True,True
panel_a_full,vix_only_q0975,SPY,VNQ,0.7255567603528374,0.8430335753502624,0.1174768149974249,True,True
panel_a_full,vix_only_q0975,SHY,TLT,0.5601286584455701,0.5918617799328177,0.031733121487247606,True,False
panel_a_full,vix_only_q0975,SHY,AGG,0.7086889960404085,0.27694998275119886,-0.4317390132892096,False,False
panel_a_full,vix_only_q0975,SHY,HYG,0.03759019350430143,-0.32443645848437225,-0.3620266519886737,False,False
panel_a_full,vix_only_q0975,SHY,GLD,0.24514724016479175,0.11622164739030205,-0.1289255927744897,False,False
panel_a_full,vix_only_q0975,SHY,DBC,-0.07607088619563866,-0.38114999465599586,-0.3050791084603572,False,False
panel_a_full,vix_only_q0975,SHY,USO,-0.09786103722920374,-0.34320751138879835,-0.2453464741595946,False,False
panel_a_full,vix_only_q0975,SHY,VNQ,-0.08818291683257098,-0.3266433876473383,-0.23846047081476732,False,False
panel_a_full,vix_only_q0975,TLT,AGG,0.8055752063355601,0.46512037510348136,-0.34045483123207876,False,False
panel_a_full,vix_only_q0975,TLT,HYG,-0.07522284081578107,-0.31003986435717573,-0.23481702354139466,False,False
panel_a_full,vix_only_q0975,TLT,GLD,0.1756106178536915,0.16120794798889082,-0.014402669864800682,False,False
panel_a_full,vix_only_q0975,TLT,DBC,-0.21188369126380946,-0.31007366594283675,-0.09818997467902729,False,False
panel_a_full,vix_only_q0975,TLT,USO,-0.22432152176097447,-0.31212447205919003,-0.08780295029821555,False,False
panel_a_full,vix_only_q0975,TLT,VNQ,-0.10896212571895944,-0.3855705387163841,-0.27660841299742467,False,False
panel_a_full,vix_only_q0975,AGG,HYG,0.1767022554598753,0.3421854712897888,0.16548321582991352,True,True
panel_a_full,vix_only_q0975,AGG,GLD,0.23614329622498142,0.19747279621991387,-0.038670500005067554,False,False
panel_a_full,vix_only_q0975,AGG,DBC,-0.08014721271917524,0.12558981771484443,0.20573703043401967,True,True
panel_a_full,vix_only_q0975,AGG,USO,-0.11271266339524282,0.08935855433544501,0.2020712177306878,True,True
panel_a_full,vix_only_q0975,AGG,VNQ,0.03155270252094974,-0.0555234999644327,-0.08707620248538243,False,False
panel_a_full,vix_only_q0975,HYG,GLD,0.09088256406127974,-0.09015881747062426,-0.18104138153190402,False,False
panel_a_full,vix_only_q0975,HYG,DBC,0.31828179877914026,0.5081825907401936,0.1899007919610533,True,True
panel_a_full,vix_only_q0975,HYG,USO,0.25073079347805716,0.45795386728885845,0.2072230738108013,True,True
panel_a_full,vix_only_q0975,HYG,VNQ,0.5077877955469253,0.5909020581199191,0.08311426257299381,True,False
panel_a_full,vix_only_q0975,GLD,DBC,0.3662239032888445,0.2579902225761557,-0.1082336807126888,False,False
panel_a_full,vix_only_q0975,GLD,USO,0.1959904949641285,0.09127986468109373,-0.10471063028303476,False,False
panel_a_full,vix_only_q0975,GLD,VNQ,0.09286945319415245,-0.12041447002322435,-0.2132839232173768,False,False
panel_a_full,vix_only_q0975,DBC,USO,0.8471698042799696,0.8561130288229243,0.008943224542954709,True,False
panel_a_full,vix_only_q0975,DBC,VNQ,0.24061539580007962,0.43365796063372,0.19304256483364035,True,True
panel_a_full,vix_only_q0975,USO,VNQ,0.18234285321718438,0.4710766786916836,0.2887338254744992,True,True
broad_4_agg_dbc,markov_p050,SPY,AGG,-0.05784816367102966,0.008131587731621601,0.06597975140265126,True,False
broad_4_agg_dbc,markov_p050,SPY,DBC,0.2733526059180745,0.4679342511149448,0.19458164519687032,True,True
broad_4_agg_dbc,markov_p050,SPY,VNQ,0.5871906700545212,0.7947950335221042,0.20760436346758304,True,True
broad_4_agg_dbc,markov_p050,AGG,DBC,-0.0841107387280275,-0.0015214105823119395,0.08258932814571557,True,False
broad_4_agg_dbc,markov_p050,AGG,VNQ,0.22389134076298936,-0.036612692313793514,-0.2605040330767829,False,False
broad_4_agg_dbc,markov_p050,DBC,VNQ,0.0990654037970265,0.3408004218775016,0.2417350180804751,True,True
broad_4_agg_dbc,markov_p0975,SPY,AGG,-0.10313750446310652,0.06539727576396019,0.1685347802270667,True,True
broad_4_agg_dbc,markov_p0975,SPY,DBC,0.3504611180187122,0.48069866303748243,0.13023754501877022,True,True
broad_4_agg_dbc,markov_p0975,SPY,VNQ,0.667074933909122,0.8061654685246951,0.13909053461557308,True,True
broad_4_agg_dbc,markov_p0975,AGG,DBC,-0.09701551241527515,0.0540258158210471,0.15104132823632224,True,True
broad_4_agg_dbc,markov_p0975,AGG,VNQ,0.06817580472029267,-0.024303979292094144,-0.09247978401238681,False,False
broad_4_agg_dbc,markov_p0975,DBC,VNQ,0.19731952678431774,0.36134395206288983,0.16402442527857208,True,True
broad_4_agg_dbc,raw_vix_drawdown,SPY,AGG,-0.04083952194530827,0.023865131377147006,0.06470465332245529,True,False
broad_4_agg_dbc,raw_vix_drawdown,SPY,DBC,0.3343439044820893,0.5121751715025497,0.17783126702046037,True,True
broad_4_agg_dbc,raw_vix_drawdown,SPY,VNQ,0.6760555379939066,0.8115645985072597,0.1355090605133531,True,True
broad_4_agg_dbc,raw_vix_drawdown,AGG,DBC,-0.07984574719544028,0.05265211326206751,0.13249786045750778,True,True
broad_4_agg_dbc,raw_vix_drawdown,AGG,VNQ,0.09550978913772915,-0.06614657795938103,-0.16165636709711018,False,False
broad_4_agg_dbc,raw_vix_drawdown,DBC,VNQ,0.18650083892505012,0.39302839294809816,0.20652755402304804,True,True
broad_4_agg_dbc,vix_only_q0975,SPY,AGG,-0.055067660365553696,0.076894986279057,0.1319626466446107,True,True
broad_4_agg_dbc,vix_only_q0975,SPY,DBC,0.35987595355658875,0.556145154531186,0.1962692009745972,True,True
broad_4_agg_dbc,vix_only_q0975,SPY,VNQ,0.7234779988945405,0.8401445010275299,0.11666650213298946,True,True
broad_4_agg_dbc,vix_only_q0975,AGG,DBC,-0.07478895045154389,0.12072269793380969,0.19551164838535356,True,True
broad_4_agg_dbc,vix_only_q0975,AGG,VNQ,0.03326193608188113,-0.05687149660893519,-0.09013343269081632,False,False
broad_4_agg_dbc,vix_only_q0975,DBC,VNQ,0.2301870720235441,0.4261561615072176,0.19596908948367348,True,True
with_gold_5_agg,markov_p050,SPY,AGG,-0.05784816367102966,0.008131587731621601,0.06597975140265126,True,False
with_gold_5_agg,markov_p050,SPY,GLD,0.0804510624834426,0.0461820348160235,-0.03426902766741909,False,False
with_gold_5_agg,markov_p050,SPY,DBC,0.2733526059180745,0.4679342511149448,0.19458164519687032,True,True
with_gold_5_agg,markov_p050,SPY,VNQ,0.5871906700545212,0.7947950335221042,0.20760436346758304,True,True
with_gold_5_agg,markov_p050,AGG,GLD,0.2186055609629288,0.21646327922771208,-0.0021422817352167167,False,False
with_gold_5_agg,markov_p050,AGG,DBC,-0.0841107387280275,-0.0015214105823119395,0.08258932814571557,True,False
with_gold_5_agg,markov_p050,AGG,VNQ,0.22389134076298936,-0.036612692313793514,-0.2605040330767829,False,False
with_gold_5_agg,markov_p050,GLD,DBC,0.4018097656803651,0.3554341056295843,-0.04637566005078081,False,False
with_gold_5_agg,markov_p050,GLD,VNQ,0.13821804433927762,0.032245127987163356,-0.10597291635211425,False,False
with_gold_5_agg,markov_p050,DBC,VNQ,0.0990654037970265,0.3408004218775016,0.2417350180804751,True,True
with_gold_5_agg,markov_p0975,SPY,AGG,-0.10313750446310652,0.06539727576396019,0.1685347802270667,True,True
with_gold_5_agg,markov_p0975,SPY,GLD,0.09253708190648037,0.015342799413277885,-0.07719428249320248,False,False
with_gold_5_agg,markov_p0975,SPY,DBC,0.3504611180187122,0.48069866303748243,0.13023754501877022,True,True
with_gold_5_agg,markov_p0975,SPY,VNQ,0.667074933909122,0.8061654685246951,0.13909053461557308,True,True
with_gold_5_agg,markov_p0975,AGG,GLD,0.22022649656728438,0.21176359618652119,-0.008462900380763194,False,False
with_gold_5_agg,markov_p0975,AGG,DBC,-0.09701551241527515,0.0540258158210471,0.15104132823632224,True,True
with_gold_5_agg,markov_p0975,AGG,VNQ,0.06817580472029267,-0.024303979292094144,-0.09247978401238681,False,False
with_gold_5_agg,markov_p0975,GLD,DBC,0.4061161770021638,0.31404638422885417,-0.09206979277330962,False,False
with_gold_5_agg,markov_p0975,GLD,VNQ,0.1140789836879824,0.005380763167860695,-0.10869822052012171,False,False
with_gold_5_agg,markov_p0975,DBC,VNQ,0.19731952678431774,0.36134395206288983,0.16402442527857208,True,True
with_gold_5_agg,raw_vix_drawdown,SPY,AGG,-0.04083952194530827,0.023865131377147006,0.06470465332245529,True,False
with_gold_5_agg,raw_vix_drawdown,SPY,GLD,0.07869308361759407,0.03741872179805547,-0.0412743618195386,False,False
with_gold_5_agg,raw_vix_drawdown,SPY,DBC,0.3343439044820893,0.5121751715025497,0.17783126702046037,True,True
with_gold_5_agg,raw_vix_drawdown,SPY,VNQ,0.6760555379939066,0.8115645985072597,0.1355090605133531,True,True
with_gold_5_agg,raw_vix_drawdown,AGG,GLD,0.2521579630819095,0.15581139375384262,-0.0963465693280669,False,False
with_gold_5_agg,raw_vix_drawdown,AGG,DBC,-0.07984574719544028,0.05265211326206751,0.13249786045750778,True,True
with_gold_5_agg,raw_vix_drawdown,AGG,VNQ,0.09550978913772915,-0.06614657795938103,-0.16165636709711018,False,False
with_gold_5_agg,raw_vix_drawdown,GLD,DBC,0.3844003170391574,0.35232943847180387,-0.03207087856735352,False,False
with_gold_5_agg,raw_vix_drawdown,GLD,VNQ,0.07780453702889124,0.037767593860128595,-0.04003694316876265,False,False
with_gold_5_agg,raw_vix_drawdown,DBC,VNQ,0.18650083892505012,0.39302839294809816,0.20652755402304804,True,True
with_gold_5_agg,vix_only_q0975,SPY,AGG,-0.055067660365553696,0.076894986279057,0.1319626466446107,True,True
with_gold_5_agg,vix_only_q0975,SPY,GLD,0.0821309028950705,-0.06459476869490657,-0.14672567158997707,False,False
with_gold_5_agg,vix_only_q0975,SPY,DBC,0.35987595355658875,0.556145154531186,0.1962692009745972,True,True
with_gold_5_agg,vix_only_q0975,SPY,VNQ,0.7234779988945405,0.8401445010275299,0.11666650213298946,True,True
with_gold_5_agg,vix_only_q0975,AGG,GLD,0.2276556950803915,0.17353847387537924,-0.05411722120501225,False,False
with_gold_5_agg,vix_only_q0975,AGG,DBC,-0.07478895045154389,0.12072269793380969,0.19551164838535356,True,True
with_gold_5_agg,vix_only_q0975,AGG,VNQ,0.03326193608188113,-0.05687149660893519,-0.09013343269081632,False,False
with_gold_5_agg,vix_only_q0975,GLD,DBC,0.38668799754380023,0.280140803784314,-0.10654719375948624,False,False
with_gold_5_agg,vix_only_q0975,GLD,VNQ,0.09048878685156865,-0.11596370398327231,-0.20645249083484096,False,False
with_gold_5_agg,vix_only_q0975,DBC,VNQ,0.2301870720235441,0.4261561615072176,0.19596908948367348,True,True
with_gold_5_tlt,markov_p050,SPY,TLT,-0.208626980054506,-0.358114503464543,-0.149487523410037,False,False
with_gold_5_tlt,markov_p050,SPY,GLD,0.0804510624834426,0.0461820348160235,-0.03426902766741909,False,False
with_gold_5_tlt,markov_p050,SPY,DBC,0.2733526059180745,0.4679342511149448,0.19458164519687032,True,True
with_gold_5_tlt,markov_p050,SPY,VNQ,0.5871906700545212,0.7947950335221042,0.20760436346758304,True,True
with_gold_5_tlt,markov_p050,TLT,GLD,0.1681930214403805,0.16037078889989206,-0.007822232540488444,False,False
with_gold_5_tlt,markov_p050,TLT,DBC,-0.15582072386296145,-0.2597113012892322,-0.10389057742627075,False,False
with_gold_5_tlt,markov_p050,TLT,VNQ,0.11584557173971194,-0.2517770466109102,-0.36762261835062215,False,False
with_gold_5_tlt,markov_p050,GLD,DBC,0.4018097656803651,0.3554341056295843,-0.04637566005078081,False,False
with_gold_5_tlt,markov_p050,GLD,VNQ,0.13821804433927762,0.032245127987163356,-0.10597291635211425,False,False
with_gold_5_tlt,markov_p050,DBC,VNQ,0.0990654037970265,0.3408004218775016,0.2417350180804751,True,True
with_gold_5_tlt,markov_p0975,SPY,TLT,-0.2577432847324631,-0.3887406557066393,-0.13099737097417619,False,False
with_gold_5_tlt,markov_p0975,SPY,GLD,0.09253708190648037,0.015342799413277885,-0.07719428249320248,False,False
with_gold_5_tlt,markov_p0975,SPY,DBC,0.3504611180187122,0.48069866303748243,0.13023754501877022,True,True
with_gold_5_tlt,markov_p0975,SPY,VNQ,0.667074933909122,0.8061654685246951,0.13909053461557308,True,True
with_gold_5_tlt,markov_p0975,TLT,GLD,0.15507372150166354,0.17792924824015463,0.02285552673849109,True,False
with_gold_5_tlt,markov_p0975,TLT,DBC,-0.18598739850505816,-0.28280259376224903,-0.09681519525719087,False,False
with_gold_5_tlt,markov_p0975,TLT,VNQ,-0.033067652752049974,-0.29447204033085406,-0.2614043875788041,False,False
with_gold_5_tlt,markov_p0975,GLD,DBC,0.4061161770021638,0.31404638422885417,-0.09206979277330962,False,False
with_gold_5_tlt,markov_p0975,GLD,VNQ,0.1140789836879824,0.005380763167860695,-0.10869822052012171,False,False
with_gold_5_tlt,markov_p0975,DBC,VNQ,0.19731952678431774,0.36134395206288983,0.16402442527857208,True,True
with_gold_5_tlt,raw_vix_drawdown,SPY,TLT,-0.21682162712383174,-0.4474032299949719,-0.23058160287114016,False,False
with_gold_5_tlt,raw_vix_drawdown,SPY,GLD,0.07869308361759407,0.03741872179805547,-0.0412743618195386,False,False
with_gold_5_tlt,raw_vix_drawdown,SPY,DBC,0.3343439044820893,0.5121751715025497,0.17783126702046037,True,True
with_gold_5_tlt,raw_vix_drawdown,SPY,VNQ,0.6760555379939066,0.8115645985072597,0.1355090605133531,True,True
with_gold_5_tlt,raw_vix_drawdown,TLT,GLD,0.1836492510056424,0.11543115672846345,-0.06821809427717894,False,False
with_gold_5_tlt,raw_vix_drawdown,TLT,DBC,-0.1839099861786641,-0.294055046041146,-0.11014505986248191,False,False
with_gold_5_tlt,raw_vix_drawdown,TLT,VNQ,-0.015745889934410767,-0.35884554918025224,-0.34309965924584146,False,False
with_gold_5_tlt,raw_vix_drawdown,GLD,DBC,0.3844003170391574,0.35232943847180387,-0.03207087856735352,False,False
with_gold_5_tlt,raw_vix_drawdown,GLD,VNQ,0.07780453702889124,0.037767593860128595,-0.04003694316876265,False,False
with_gold_5_tlt,raw_vix_drawdown,DBC,VNQ,0.18650083892505012,0.39302839294809816,0.20652755402304804,True,True
with_gold_5_tlt,vix_only_q0975,SPY,TLT,-0.2705063891461845,-0.4654272042986835,-0.19492081515249898,False,False
with_gold_5_tlt,vix_only_q0975,SPY,GLD,0.0821309028950705,-0.06459476869490657,-0.14672567158997707,False,False
with_gold_5_tlt,vix_only_q0975,SPY,DBC,0.35987595355658875,0.556145154531186,0.1962692009745972,True,True
with_gold_5_tlt,vix_only_q0975,SPY,VNQ,0.7234779988945405,0.8401445010275299,0.11666650213298946,True,True
with_gold_5_tlt,vix_only_q0975,TLT,GLD,0.16829078287698895,0.1477950365738131,-0.020495746303175855,False,False
with_gold_5_tlt,vix_only_q0975,TLT,DBC,-0.2033773298503343,-0.3060088543292299,-0.10263152447889562,False,False
with_gold_5_tlt,vix_only_q0975,TLT,VNQ,-0.10552671213797336,-0.38422763118354775,-0.27870091904557437,False,False
with_gold_5_tlt,vix_only_q0975,GLD,DBC,0.38668799754380023,0.280140803784314,-0.10654719375948624,False,False
with_gold_5_tlt,vix_only_q0975,GLD,VNQ,0.09048878685156865,-0.11596370398327231,-0.20645249083484096,False,False
with_gold_5_tlt,vix_only_q0975,DBC,VNQ,0.2301870720235441,0.4261561615072176,0.19596908948367348,True,True
with_gold_5_shy,markov_p050,SPY,SHY,-0.16792936821130588,-0.2586353938859214,-0.0907060256746155,False,False
with_gold_5_shy,markov_p050,SPY,GLD,0.0804510624834426,0.0461820348160235,-0.03426902766741909,False,False
with_gold_5_shy,markov_p050,SPY,DBC,0.2733526059180745,0.4679342511149448,0.19458164519687032,True,True
with_gold_5_shy,markov_p050,SPY,VNQ,0.5871906700545212,0.7947950335221042,0.20760436346758304,True,True
with_gold_5_shy,markov_p050,SHY,GLD,0.20336743883101022,0.22202216350903844,0.01865472467802823,True,False
with_gold_5_shy,markov_p050,SHY,DBC,-0.08974929746967768,-0.13992881123750772,-0.050179513767830045,False,False
with_gold_5_shy,markov_p050,SHY,VNQ,0.0975565560912145,-0.19762558076592476,-0.29518213685713923,False,False
with_gold_5_shy,markov_p050,GLD,DBC,0.4018097656803651,0.3554341056295843,-0.04637566005078081,False,False
with_gold_5_shy,markov_p050,GLD,VNQ,0.13821804433927762,0.032245127987163356,-0.10597291635211425,False,False
with_gold_5_shy,markov_p050,DBC,VNQ,0.0990654037970265,0.3408004218775016,0.2417350180804751,True,True
with_gold_5_shy,markov_p0975,SPY,SHY,-0.2233333984652638,-0.26551498632703746,-0.04218158786177367,False,False
with_gold_5_shy,markov_p0975,SPY,GLD,0.09253708190648037,0.015342799413277885,-0.07719428249320248,False,False
with_gold_5_shy,markov_p0975,SPY,DBC,0.3504611180187122,0.48069866303748243,0.13023754501877022,True,True
with_gold_5_shy,markov_p0975,SPY,VNQ,0.667074933909122,0.8061654685246951,0.13909053461557308,True,True
with_gold_5_shy,markov_p0975,SHY,GLD,0.2184290794038278,0.19751351424416666,-0.020915565159661142,False,False
with_gold_5_shy,markov_p0975,SHY,DBC,-0.09079589968325896,-0.18046345416836757,-0.0896675544851086,False,False
with_gold_5_shy,markov_p0975,SHY,VNQ,-0.06426141919130339,-0.2184469833932259,-0.15418556420192253,False,False
with_gold_5_shy,markov_p0975,GLD,DBC,0.4061161770021638,0.31404638422885417,-0.09206979277330962,False,False
with_gold_5_shy,markov_p0975,GLD,VNQ,0.1140789836879824,0.005380763167860695,-0.10869822052012171,False,False
with_gold_5_shy,markov_p0975,DBC,VNQ,0.19731952678431774,0.36134395206288983,0.16402442527857208,True,True
with_gold_5_shy,raw_vix_drawdown,SPY,SHY,-0.137671039414577,-0.35898869525045674,-0.22131765583587973,False,False
with_gold_5_shy,raw_vix_drawdown,SPY,GLD,0.07869308361759407,0.03741872179805547,-0.0412743618195386,False,False
with_gold_5_shy,raw_vix_drawdown,SPY,DBC,0.3343439044820893,0.5121751715025497,0.17783126702046037,True,True
with_gold_5_shy,raw_vix_drawdown,SPY,VNQ,0.6760555379939066,0.8115645985072597,0.1355090605133531,True,True
with_gold_5_shy,raw_vix_drawdown,SHY,GLD,0.2713630963322112,0.08066085338678197,-0.1907022429454292,False,False
with_gold_5_shy,raw_vix_drawdown,SHY,DBC,-0.06521516927741451,-0.2291623250459167,-0.16394715576850216,False,False
with_gold_5_shy,raw_vix_drawdown,SHY,VNQ,-0.010962640782986217,-0.29730493426662774,-0.28634229348364154,False,False
with_gold_5_shy,raw_vix_drawdown,GLD,DBC,0.3844003170391574,0.35232943847180387,-0.03207087856735352,False,False
with_gold_5_shy,raw_vix_drawdown,GLD,VNQ,0.07780453702889124,0.037767593860128595,-0.04003694316876265,False,False
with_gold_5_shy,raw_vix_drawdown,DBC,VNQ,0.18650083892505012,0.39302839294809816,0.20652755402304804,True,True
with_gold_5_shy,vix_only_q0975,SPY,SHY,-0.1705764976555974,-0.44534169006779,-0.2747651924121926,False,False
with_gold_5_shy,vix_only_q0975,SPY,GLD,0.0821309028950705,-0.06459476869490657,-0.14672567158997707,False,False
with_gold_5_shy,vix_only_q0975,SPY,DBC,0.35987595355658875,0.556145154531186,0.1962692009745972,True,True
with_gold_5_shy,vix_only_q0975,SPY,VNQ,0.7234779988945405,0.8401445010275299,0.11666650213298946,True,True
with_gold_5_shy,vix_only_q0975,SHY,GLD,0.23531621659980725,0.10738338132196093,-0.12793283527784632,False,False
with_gold_5_shy,vix_only_q0975,SHY,DBC,-0.07136053782425014,-0.37316397849524685,-0.30180344067099674,False,False
with_gold_5_shy,vix_only_q0975,SHY,VNQ,-0.08352683274224634,-0.3287864285911227,-0.24525959584887638,False,False
with_gold_5_shy,vix_only_q0975,GLD,DBC,0.38668799754380023,0.280140803784314,-0.10654719375948624,False,False
with_gold_5_shy,vix_only_q0975,GLD,VNQ,0.09048878685156865,-0.11596370398327231,-0.20645249083484096,False,False
with_gold_5_shy,vix_only_q0975,DBC,VNQ,0.2301870720235441,0.4261561615072176,0.19596908948367348,True,True
with_gold_5_hyg,markov_p050,SPY,HYG,0.6654214434007997,0.6916448439444293,0.026223400543629594,True,False
with_gold_5_hyg,markov_p050,SPY,GLD,0.060675109712962694,0.0461820348160235,-0.014493074896939191,False,False
with_gold_5_hyg,markov_p050,SPY,DBC,0.2939078221742928,0.4679342511149448,0.174026428940652,True,True
with_gold_5_hyg,markov_p050,SPY,VNQ,0.5849669786424303,0.7947950335221042,0.20982805487967393,True,True
with_gold_5_hyg,markov_p050,HYG,GLD,0.11422007607724786,0.025852359210004613,-0.08836771686724325,False,False
with_gold_5_hyg,markov_p050,HYG,DBC,0.2972308169708231,0.39362512215977924,0.09639430518895614,True,False
with_gold_5_hyg,markov_p050,HYG,VNQ,0.4942303132544822,0.5359225574288452,0.04169224417436301,True,False
with_gold_5_hyg,markov_p050,GLD,DBC,0.34134569166007017,0.3554341056295843,0.014088413969514102,True,False
with_gold_5_hyg,markov_p050,GLD,VNQ,0.13981979405420583,0.032245127987163356,-0.10757466606704247,False,False
with_gold_5_hyg,markov_p050,DBC,VNQ,0.10805795903702013,0.3408004218775016,0.23274246284048145,True,True
with_gold_5_hyg,markov_p0975,SPY,HYG,0.6622259912880238,0.6981303354319872,0.035904344143963374,True,False
with_gold_5_hyg,markov_p0975,SPY,GLD,0.08265962614975579,0.015342799413277885,-0.0673168267364779,False,False
with_gold_5_hyg,markov_p0975,SPY,DBC,0.3678374786072695,0.48069866303748243,0.11286118443021292,True,True
with_gold_5_hyg,markov_p0975,SPY,VNQ,0.6692417833129027,0.8061654685246951,0.13692368521179232,True,True
with_gold_5_hyg,markov_p0975,HYG,GLD,0.11219875954827051,-0.010609180210758913,-0.12280793975902943,False,False
with_gold_5_hyg,markov_p0975,HYG,DBC,0.34621322720764874,0.40208506739693095,0.05587184018928221,True,False
with_gold_5_hyg,markov_p0975,HYG,VNQ,0.5189256931996236,0.5353755019261262,0.01644980872650259,True,False
with_gold_5_hyg,markov_p0975,GLD,DBC,0.3719378196550089,0.31404638422885417,-0.057891435426154714,False,False
with_gold_5_hyg,markov_p0975,GLD,VNQ,0.11364311535893284,0.005380763167860695,-0.10826235219107215,False,False
with_gold_5_hyg,markov_p0975,DBC,VNQ,0.21011617571490762,0.36134395206288983,0.1512277763479822,True,True
with_gold_5_hyg,raw_vix_drawdown,SPY,HYG,0.6686207564569528,0.6875284754608239,0.018907719003871004,True,False
with_gold_5_hyg,raw_vix_drawdown,SPY,GLD,0.07332425135137317,0.033603827631270226,-0.03972042372010295,False,False
with_gold_5_hyg,raw_vix_drawdown,SPY,DBC,0.3503320734595759,0.5135889432569603,0.16325686979738435,True,True
with_gold_5_hyg,raw_vix_drawdown,SPY,VNQ,0.6786237342160382,0.8121772581354891,0.13355352391945097,True,True
with_gold_5_hyg,raw_vix_drawdown,HYG,GLD,0.10559858854703902,-0.014081339870184275,-0.11967992841722329,False,False
with_gold_5_hyg,raw_vix_drawdown,HYG,DBC,0.3279900295240125,0.42035134050352807,0.09236131097951555,True,False
with_gold_5_hyg,raw_vix_drawdown,HYG,VNQ,0.5440135155532928,0.5171294112794322,-0.026884104273860565,False,False
with_gold_5_hyg,raw_vix_drawdown,GLD,DBC,0.3557517611380785,0.34290630030067215,-0.012845460837406342,False,False
with_gold_5_hyg,raw_vix_drawdown,GLD,VNQ,0.07801251062344239,0.035281748160600285,-0.0427307624628421,False,False
with_gold_5_hyg,raw_vix_drawdown,DBC,VNQ,0.19833339575346073,0.39382939941869677,0.19549600366523603,True,True
with_gold_5_hyg,vix_only_q0975,SPY,HYG,0.6408807509685487,0.744725974610398,0.10384522364184934,True,True
with_gold_5_hyg,vix_only_q0975,SPY,GLD,0.08011567191413062,-0.06372516772481734,-0.14384083963894795,False,False
with_gold_5_hyg,vix_only_q0975,SPY,DBC,0.3717681410391553,0.5693376333829575,0.19756949234380222,True,True
with_gold_5_hyg,vix_only_q0975,SPY,VNQ,0.7255567603528374,0.8430335753502624,0.1174768149974249,True,True
with_gold_5_hyg,vix_only_q0975,HYG,GLD,0.09088256406127974,-0.09015881747062426,-0.18104138153190402,False,False
with_gold_5_hyg,vix_only_q0975,HYG,DBC,0.31828179877914026,0.5081825907401936,0.1899007919610533,True,True
with_gold_5_hyg,vix_only_q0975,HYG,VNQ,0.5077877955469253,0.5909020581199191,0.08311426257299381,True,False
with_gold_5_hyg,vix_only_q0975,GLD,DBC,0.3662239032888445,0.2579902225761557,-0.1082336807126888,False,False
with_gold_5_hyg,vix_only_q0975,GLD,VNQ,0.09286945319415245,-0.12041447002322435,-0.2132839232173768,False,False
with_gold_5_hyg,vix_only_q0975,DBC,VNQ,0.24061539580007962,0.43365796063372,0.19304256483364035,True,True
