label_source,vix_quantile,universe,method,n_assets,n_pairs,n_calm_days,n_stress_days,stress_day_share,first_date,last_date,avg_vix_calm,avg_vix_stress,avg_corr_calm,avg_corr_stress,avg_corr_diff,median_corr_calm,median_corr_stress,median_corr_diff,p10_corr_diff,p90_corr_diff,min_corr_stress,max_corr_stress
vix_quotes.close_trailing_252d_quantile,0.9,etf_assets,pearson,14,91,4120,591,0.12545107195924432,2007-04-12,2025-12-30,18.396762135885293,30.50592218679825,0.2996538105734098,0.29398643781861794,-0.0056673727547918605,0.2750625495551246,0.35787685933779867,0.06625122344671724,-0.27621303692792404,0.17690047670939882,-0.45489787355575184,0.964385479980947
vix_quotes.close_trailing_252d_quantile,0.9,panel_a_cross_asset,pearson,9,36,4120,591,0.12545107195924432,2007-04-12,2025-12-30,18.396762135885293,30.50592218679825,0.19173938380149058,0.13800787645785276,-0.05373150734363779,0.17237933687675489,0.11476368330037676,-0.048036566056677964,-0.28226443497997644,0.1548100637019911,-0.4461893392873319,0.8256182045781354
vix_quotes.close_trailing_252d_quantile,0.9,panel_b_international_equity,pearson,6,15,5077,638,0.1116360454943132,2003-04-15,2025-12-30,17.652824501036093,29.53249217574499,0.7661757836377816,0.8916933146286083,0.1255175309908268,0.7650351548243599,0.8863337296508911,0.11608935907169593,0.07123163712450993,0.1934267137321411,0.8383984339040293,0.9640445614302166
vix_quotes.close_trailing_252d_quantile,0.95,etf_assets,pearson,14,91,4355,356,0.07556781999575461,2007-04-12,2025-12-30,18.783451206456917,33.76890451720591,0.29528587769376397,0.3046695042585852,0.009383626564821244,0.2595573422408108,0.42940590150021535,0.0835522191694002,-0.2554405145421909,0.18948579997878823,-0.4539411247069475,0.9681644335018198
vix_quotes.close_trailing_252d_quantile,0.95,panel_a_cross_asset,pearson,9,36,4355,356,0.07556781999575461,2007-04-12,2025-12-30,18.783451206456917,33.76890451720591,0.18521288641758568,0.14294750140014745,-0.042265385017438185,0.17472108484758725,0.12745747419341352,-0.06183607269520347,-0.28303027275548776,0.1938710596063838,-0.4539411247069475,0.8512325519309442
vix_quotes.close_trailing_252d_quantile,0.95,panel_b_international_equity,pearson,6,15,5327,388,0.0678915135608049,2003-04-15,2025-12-30,17.997296789293557,32.45752578174945,0.7750092831882228,0.9001440340877239,0.125134750899501,0.7717972507203978,0.8967220733555576,0.11821326010940769,0.07082716114699113,0.19502338638641287,0.8554784774377192,0.9676127258137709
vix_quotes.close_trailing_252d_quantile,0.975,etf_assets,pearson,14,91,4491,220,0.04669921460411802,2007-04-12,2025-12-30,19.116851481953912,36.226727303591645,0.2978900553689333,0.2989044951119993,0.0010144397430659495,0.25073079347805716,0.43365796063372,0.08782872702814748,-0.27660841299742467,0.1928912360463722,-0.49859883774875985,0.9689465038887762
vix_quotes.close_trailing_252d_quantile,0.975,panel_a_cross_asset,pearson,9,36,4491,220,0.04669921460411802,2007-04-12,2025-12-30,19.116851481953912,36.226727303591645,0.18366074696436901,0.13577765908068595,-0.047883087883683055,0.1761564366567834,0.12090573255257324,-0.087439576391799,-0.29084376072889095,0.20390412408235375,-0.46600697854126577,0.8561130288229243
vix_quotes.close_trailing_252d_quantile,0.975,panel_b_international_equity,pearson,6,15,5473,242,0.04234470691163605,2003-04-15,2025-12-30,18.288355563167418,34.59896695318301,0.788800748066578,0.90152825212835,0.11272750406177208,0.7890402357476082,0.8969288720735976,0.10837899638952209,0.06293493508393984,0.18142182249946828,0.8555309885816202,0.9682633600105843
vix_quotes.close_trailing_252d_quantile,0.99,etf_assets,pearson,14,91,4592,119,0.02526002971768202,2007-04-12,2025-12-30,19.42628048998969,38.80823531271029,0.2981240707327596,0.28548472145223125,-0.012639349280528346,0.2448818443799598,0.4720168277474563,0.043161780197769284,-0.2994518949828055,0.21529723389092553,-0.5500406629656335,0.9723676024626239
vix_quotes.close_trailing_252d_quantile,0.99,panel_a_cross_asset,pearson,9,36,4592,119,0.02526002971768202,2007-04-12,2025-12-30,19.42628048998969,38.80823531271029,0.18023421789778743,0.12315267553901843,-0.05708154235876897,0.17937643965349054,0.1260482399340615,-0.08698649745213616,-0.3148487254287353,0.2181502608636336,-0.5500406629656335,0.8701694024297969
vix_quotes.close_trailing_252d_quantile,0.99,panel_b_international_equity,pearson,6,15,5583,132,0.023097112860892388,2003-04-15,2025-12-30,18.557049973002904,36.82659091371478,0.7962938177280279,0.9026742886795763,0.10638047095154855,0.7952019606651567,0.9059576251676387,0.09991985247482005,0.06198683341576246,0.1607957858851451,0.8433931074146519,0.9721741170073208
