label_source,vix_quantile,universe,method,asset_i,asset_j,corr_calm,corr_stress,delta_corr,interpretation
vix_quotes.close_trailing_252d_quantile,0.9,panel_a_cross_asset,pearson,USO,VNQ,0.17202479433395945,0.35787685933779867,0.18585206500383922,Moderate breakdown
vix_quotes.close_trailing_252d_quantile,0.9,panel_a_cross_asset,pearson,DBC,VNQ,0.2240215191337219,0.4009219958431207,0.17690047670939882,Moderate breakdown
vix_quotes.close_trailing_252d_quantile,0.9,panel_a_cross_asset,pearson,SPY,DBC,0.36346151511500596,0.5275653218874437,0.1641038067724377,Moderate breakdown
vix_quotes.close_trailing_252d_quantile,0.9,panel_a_cross_asset,pearson,AGG,DBC,-0.08270463399683418,0.08002373635192073,0.16272837034875492,Moderate breakdown
vix_quotes.close_trailing_252d_quantile,0.9,panel_a_cross_asset,pearson,SPY,USO,0.30822307869837134,0.4551148357535986,0.14689175705522728,Moderate breakdown
vix_quotes.close_trailing_252d_quantile,0.9,panel_a_cross_asset,pearson,AGG,USO,-0.11342697833864039,0.030580183245110557,0.14400716158375096,Moderate breakdown
vix_quotes.close_trailing_252d_quantile,0.9,panel_a_cross_asset,pearson,SPY,VNQ,0.7038435799511957,0.8256182045781354,0.12177462462693966,Moderate breakdown
vix_quotes.close_trailing_252d_quantile,0.9,panel_a_cross_asset,pearson,HYG,DBC,0.3274957497062927,0.43697919713609534,0.10948344742980265,Moderate breakdown
vix_quotes.close_trailing_252d_quantile,0.9,panel_a_cross_asset,pearson,AGG,HYG,0.19043080302479726,0.29877010905836787,0.10833930603357061,Moderate breakdown
vix_quotes.close_trailing_252d_quantile,0.9,panel_a_cross_asset,pearson,SPY,AGG,-0.0532781306382229,0.04571731962153322,0.09899545025975612,Small increase
vix_quotes.close_trailing_252d_quantile,0.9,panel_a_cross_asset,pearson,HYG,USO,0.2750625495551246,0.34131377300184185,0.06625122344671724,Small increase
vix_quotes.close_trailing_252d_quantile,0.9,panel_a_cross_asset,pearson,SPY,HYG,0.6453384114093127,0.7101840921009036,0.06484568069159091,Small increase
vix_quotes.close_trailing_252d_quantile,0.9,panel_a_cross_asset,pearson,HYG,VNQ,0.5048687684380808,0.5581509225980489,0.053282154159968065,Small increase
vix_quotes.close_trailing_252d_quantile,0.9,panel_a_cross_asset,pearson,SHY,TLT,0.5635425315032533,0.5678506345639212,0.004308103060667867,Small increase
vix_quotes.close_trailing_252d_quantile,0.9,panel_a_cross_asset,pearson,TLT,GLD,0.1727338794195503,0.16992997149123465,-0.002803907928315641,Correlation decreased
vix_quotes.close_trailing_252d_quantile,0.9,panel_a_cross_asset,pearson,GLD,VNQ,0.07088321201039462,0.029012252435037623,-0.041870959575357,Correlation decreased
vix_quotes.close_trailing_252d_quantile,0.9,panel_a_cross_asset,pearson,GLD,DBC,0.3634891956507306,0.3174887771898542,-0.046000418460876435,Correlation decreased
vix_quotes.close_trailing_252d_quantile,0.9,panel_a_cross_asset,pearson,SPY,GLD,0.0707309167751496,0.02361801430415714,-0.047112902470992465,Correlation decreased
vix_quotes.close_trailing_252d_quantile,0.9,panel_a_cross_asset,pearson,AGG,GLD,0.24264128954236905,0.1936810599000056,-0.04896022964236346,Correlation decreased
vix_quotes.close_trailing_252d_quantile,0.9,panel_a_cross_asset,pearson,TLT,USO,-0.22363088812506957,-0.2752992023327348,-0.05166831420766524,Correlation decreased
vix_quotes.close_trailing_252d_quantile,0.9,panel_a_cross_asset,pearson,DBC,USO,0.8688829770849819,0.8086608942950118,-0.0602220827899701,Correlation decreased
vix_quotes.close_trailing_252d_quantile,0.9,panel_a_cross_asset,pearson,GLD,USO,0.2001686877157172,0.13821954230279035,-0.06194914541292684,Correlation decreased
vix_quotes.close_trailing_252d_quantile,0.9,panel_a_cross_asset,pearson,AGG,VNQ,0.04270091863162494,-0.030225009732582936,-0.07292592836420787,Correlation decreased
vix_quotes.close_trailing_252d_quantile,0.9,panel_a_cross_asset,pearson,TLT,DBC,-0.20741736232015653,-0.2825791428921192,-0.07516178057196268,Correlation decreased
vix_quotes.close_trailing_252d_quantile,0.9,panel_a_cross_asset,pearson,HYG,GLD,0.09034098379838194,-0.024489890250741202,-0.11483087404912315,Correlation decreased
vix_quotes.close_trailing_252d_quantile,0.9,panel_a_cross_asset,pearson,SHY,USO,-0.09026529127654877,-0.25763171403134266,-0.1673664227547939,Correlation decreased
vix_quotes.close_trailing_252d_quantile,0.9,panel_a_cross_asset,pearson,SHY,GLD,0.26709655546477307,0.09130782429796318,-0.17578873116680988,Correlation decreased
vix_quotes.close_trailing_252d_quantile,0.9,panel_a_cross_asset,pearson,SPY,TLT,-0.2512301307044452,-0.4461893392873319,-0.19495920858288668,Correlation decreased
vix_quotes.close_trailing_252d_quantile,0.9,panel_a_cross_asset,pearson,TLT,HYG,-0.051779607217863344,-0.2795345518588117,-0.22775494464094836,Correlation decreased
vix_quotes.close_trailing_252d_quantile,0.9,panel_a_cross_asset,pearson,SHY,DBC,-0.06277648646214101,-0.3063226920011776,-0.2435462055390366,Correlation decreased
vix_quotes.close_trailing_252d_quantile,0.9,panel_a_cross_asset,pearson,SHY,VNQ,-0.05259199154248866,-0.31582973862626035,-0.2632377470837717,Correlation decreased
vix_quotes.close_trailing_252d_quantile,0.9,panel_a_cross_asset,pearson,SPY,SHY,-0.14277948260304718,-0.41899251953097133,-0.27621303692792415,Correlation decreased
vix_quotes.close_trailing_252d_quantile,0.9,panel_a_cross_asset,pearson,TLT,VNQ,-0.06954827721972309,-0.3578641102517519,-0.2883158330320288,Correlation decreased
vix_quotes.close_trailing_252d_quantile,0.9,panel_a_cross_asset,pearson,TLT,AGG,0.8242072498827321,0.5144575333967454,-0.3097497164859867,Correlation decreased
vix_quotes.close_trailing_252d_quantile,0.9,panel_a_cross_asset,pearson,SHY,HYG,0.07042298875882304,-0.28081475507520814,-0.35123774383403117,Correlation decreased
vix_quotes.close_trailing_252d_quantile,0.9,panel_a_cross_asset,pearson,SHY,AGG,0.7414349216944979,0.3210131636630935,-0.42042175803140436,Correlation decreased
vix_quotes.close_trailing_252d_quantile,0.9,panel_b_international_equity,pearson,EWU,EWJ,0.6301511099546515,0.8428800918163706,0.21272898186171907,Moderate breakdown
vix_quotes.close_trailing_252d_quantile,0.9,panel_b_international_equity,pearson,SPY,EWJ,0.665440125250813,0.8594045312215731,0.19396440597076015,Moderate breakdown
vix_quotes.close_trailing_252d_quantile,0.9,panel_b_international_equity,pearson,EEM,EWJ,0.6547892360254106,0.8474094113996231,0.1926201753742125,Moderate breakdown
vix_quotes.close_trailing_252d_quantile,0.9,panel_b_international_equity,pearson,EWG,EWJ,0.6494029567965153,0.8383984339040293,0.18899547710751408,Moderate breakdown
vix_quotes.close_trailing_252d_quantile,0.9,panel_b_international_equity,pearson,EEM,EWU,0.7460385801934667,0.8863337296508911,0.14029514945742438,Moderate breakdown
vix_quotes.close_trailing_252d_quantile,0.9,panel_b_international_equity,pearson,EEM,EWG,0.7446323981668205,0.8691504834731208,0.12451808530630037,Moderate breakdown
vix_quotes.close_trailing_252d_quantile,0.9,panel_b_international_equity,pearson,SPY,EWU,0.763746424820417,0.8879623452028722,0.12421592038245521,Moderate breakdown
vix_quotes.close_trailing_252d_quantile,0.9,panel_b_international_equity,pearson,EFA,EWJ,0.7964664506343444,0.9125558097060403,0.11608935907169593,Moderate breakdown
vix_quotes.close_trailing_252d_quantile,0.9,panel_b_international_equity,pearson,SPY,EWG,0.7723550612650685,0.8782748952267108,0.10591983396164228,Moderate breakdown
vix_quotes.close_trailing_252d_quantile,0.9,panel_b_international_equity,pearson,SPY,EEM,0.7650351548243599,0.8676717073006572,0.10263655247629733,Moderate breakdown
vix_quotes.close_trailing_252d_quantile,0.9,panel_b_international_equity,pearson,EWG,EWU,0.822313065410466,0.9231866584105137,0.10087359300004772,Moderate breakdown
vix_quotes.close_trailing_252d_quantile,0.9,panel_b_international_equity,pearson,EFA,EEM,0.8227508167508825,0.9190581020027904,0.0963072852519079,Small increase
vix_quotes.close_trailing_252d_quantile,0.9,panel_b_international_equity,pearson,SPY,EFA,0.8394291152538965,0.9246702275566449,0.08524111230274833,Small increase
vix_quotes.close_trailing_252d_quantile,0.9,panel_b_international_equity,pearson,EFA,EWU,0.9021525744245322,0.9640445614302166,0.061891987005684324,Small increase
vix_quotes.close_trailing_252d_quantile,0.9,panel_b_international_equity,pearson,EFA,EWG,0.9179336847950805,0.9543987311270727,0.03646504633199221,Small increase
vix_quotes.close_trailing_252d_quantile,0.9,etf_assets,pearson,EWJ,VNQ,0.49787004586411115,0.694547566254127,0.1966775203900158,Moderate breakdown
vix_quotes.close_trailing_252d_quantile,0.9,etf_assets,pearson,EEM,EWJ,0.6555521705932423,0.8501390841944024,0.1945869136011601,Moderate breakdown
vix_quotes.close_trailing_252d_quantile,0.9,etf_assets,pearson,EWG,VNQ,0.5595607530623442,0.7503270328682456,0.19076627980590144,Moderate breakdown
vix_quotes.close_trailing_252d_quantile,0.9,etf_assets,pearson,EWJ,HYG,0.4601955575293814,0.6478947879801806,0.18769923045079923,Moderate breakdown
vix_quotes.close_trailing_252d_quantile,0.9,etf_assets,pearson,EWU,VNQ,0.5872150051127644,0.7747776195863105,0.18756261447354616,Moderate breakdown
vix_quotes.close_trailing_252d_quantile,0.9,etf_assets,pearson,USO,VNQ,0.17202479433395945,0.35787685933779867,0.18585206500383922,Moderate breakdown
vix_quotes.close_trailing_252d_quantile,0.9,etf_assets,pearson,EWJ,EWU,0.6612617754601325,0.8450197533920092,0.18375797793187665,Moderate breakdown
vix_quotes.close_trailing_252d_quantile,0.9,etf_assets,pearson,DBC,EWJ,0.2967073800815708,0.47649555442484687,0.17978817434327604,Moderate breakdown
vix_quotes.close_trailing_252d_quantile,0.9,etf_assets,pearson,EEM,VNQ,0.5936737621939424,0.7719485220427974,0.178274759848855,Moderate breakdown
vix_quotes.close_trailing_252d_quantile,0.9,etf_assets,pearson,DBC,VNQ,0.2240215191337219,0.4009219958431207,0.17690047670939882,Moderate breakdown
vix_quotes.close_trailing_252d_quantile,0.9,etf_assets,pearson,EWJ,SPY,0.6897263157158303,0.8653752031392276,0.17564888742339724,Moderate breakdown
vix_quotes.close_trailing_252d_quantile,0.9,etf_assets,pearson,EWG,EWJ,0.6718029968182608,0.840163205930085,0.16836020911182414,Moderate breakdown
vix_quotes.close_trailing_252d_quantile,0.9,etf_assets,pearson,DBC,SPY,0.36346151511500596,0.5275653218874435,0.16410380677243758,Moderate breakdown
vix_quotes.close_trailing_252d_quantile,0.9,etf_assets,pearson,AGG,DBC,-0.08270463399683418,0.08002373635192073,0.16272837034875492,Moderate breakdown
vix_quotes.close_trailing_252d_quantile,0.9,etf_assets,pearson,EFA,VNQ,0.6298780648596318,0.7828873679151176,0.15300930305548577,Moderate breakdown
vix_quotes.close_trailing_252d_quantile,0.9,etf_assets,pearson,SPY,USO,0.30822307869837134,0.4551148357535986,0.14689175705522728,Moderate breakdown
vix_quotes.close_trailing_252d_quantile,0.9,etf_assets,pearson,AGG,USO,-0.11342697833864039,0.030580183245110557,0.14400716158375096,Moderate breakdown
vix_quotes.close_trailing_252d_quantile,0.9,etf_assets,pearson,EWJ,USO,0.23232920287700612,0.37003996784155835,0.13771076496455223,Moderate breakdown
vix_quotes.close_trailing_252d_quantile,0.9,etf_assets,pearson,SPY,VNQ,0.7038435799511957,0.8256182045781354,0.12177462462693966,Moderate breakdown
vix_quotes.close_trailing_252d_quantile,0.9,etf_assets,pearson,EWU,HYG,0.5704154358716554,0.6908266872339777,0.12041125136232222,Moderate breakdown
vix_quotes.close_trailing_252d_quantile,0.9,etf_assets,pearson,EEM,EWU,0.7718172367281971,0.8915139166650501,0.11969667993685296,Moderate breakdown
vix_quotes.close_trailing_252d_quantile,0.9,etf_assets,pearson,DBC,EFA,0.4300558267460599,0.5438319836606234,0.11377615691456344,Moderate breakdown
vix_quotes.close_trailing_252d_quantile,0.9,etf_assets,pearson,DBC,EWU,0.4479483519211666,0.5613565931058442,0.11340824118467757,Moderate breakdown
vix_quotes.close_trailing_252d_quantile,0.9,etf_assets,pearson,EEM,EWG,0.7602962046431999,0.8730691314533994,0.11277292681019946,Moderate breakdown
vix_quotes.close_trailing_252d_quantile,0.9,etf_assets,pearson,DBC,HYG,0.3274957497062927,0.43697919713609545,0.10948344742980276,Moderate breakdown
vix_quotes.close_trailing_252d_quantile,0.9,etf_assets,pearson,AGG,HYG,0.19043080302479726,0.29877010905836787,0.10833930603357061,Moderate breakdown
vix_quotes.close_trailing_252d_quantile,0.9,etf_assets,pearson,EWU,SPY,0.780667267366054,0.8888999228632561,0.10823265549720218,Moderate breakdown
vix_quotes.close_trailing_252d_quantile,0.9,etf_assets,pearson,EFA,USO,0.34320525608410485,0.45099893345840925,0.1077936773743044,Moderate breakdown
vix_quotes.close_trailing_252d_quantile,0.9,etf_assets,pearson,EWG,USO,0.3041332495987855,0.4115133589884502,0.10738010938966469,Moderate breakdown
vix_quotes.close_trailing_252d_quantile,0.9,etf_assets,pearson,AGG,EWU,-0.04002623815279539,0.06323028813886086,0.10325652629165626,Moderate breakdown
vix_quotes.close_trailing_252d_quantile,0.9,etf_assets,pearson,EFA,EWJ,0.8113522800414432,0.9140585087361128,0.10270622869466961,Moderate breakdown
vix_quotes.close_trailing_252d_quantile,0.9,etf_assets,pearson,EWU,USO,0.37585814686532787,0.47820277463855215,0.10234462777322428,Moderate breakdown
vix_quotes.close_trailing_252d_quantile,0.9,etf_assets,pearson,EFA,HYG,0.6097958194209039,0.7108092414535397,0.10101342203263586,Moderate breakdown
vix_quotes.close_trailing_252d_quantile,0.9,etf_assets,pearson,AGG,SPY,-0.053278130638222926,0.04571731962153322,0.09899545025975615,Small increase
vix_quotes.close_trailing_252d_quantile,0.9,etf_assets,pearson,EWG,SPY,0.7836998726994094,0.8794329435873438,0.09573307088793437,Small increase
vix_quotes.close_trailing_252d_quantile,0.9,etf_assets,pearson,DBC,EWG,0.39164005496183657,0.4854959475494691,0.09385589258763255,Small increase
vix_quotes.close_trailing_252d_quantile,0.9,etf_assets,pearson,AGG,EFA,-0.012696587073643852,0.0807223489104745,0.09341893598411835,Small increase
vix_quotes.close_trailing_252d_quantile,0.9,etf_assets,pearson,EEM,SPY,0.7809810129621069,0.8724115985386894,0.09143058557658257,Small increase
vix_quotes.close_trailing_252d_quantile,0.9,etf_assets,pearson,EEM,EFA,0.835479448770776,0.924227279837588,0.08874783106681206,Small increase
vix_quotes.close_trailing_252d_quantile,0.9,etf_assets,pearson,EEM,USO,0.3544046266911532,0.4414942612615631,0.08708963457040991,Small increase
vix_quotes.close_trailing_252d_quantile,0.9,etf_assets,pearson,EWG,EWU,0.8392784267987238,0.9232104501041777,0.0839320233054539,Small increase
vix_quotes.close_trailing_252d_quantile,0.9,etf_assets,pearson,AGG,EWG,-0.02087987849136595,0.05944145174070931,0.08032133023207526,Small increase
vix_quotes.close_trailing_252d_quantile,0.9,etf_assets,pearson,EEM,HYG,0.563708705049797,0.6425294174624343,0.07882071241263733,Small increase
vix_quotes.close_trailing_252d_quantile,0.9,etf_assets,pearson,EFA,SPY,0.8501416418973103,0.9265869201329547,0.0764452782356444,Small increase
vix_quotes.close_trailing_252d_quantile,0.9,etf_assets,pearson,DBC,EEM,0.44337999177894366,0.5188589176899958,0.07547892591105215,Small increase
vix_quotes.close_trailing_252d_quantile,0.9,etf_assets,pearson,HYG,USO,0.2750625495551246,0.34131377300184185,0.06625122344671724,Small increase
vix_quotes.close_trailing_252d_quantile,0.9,etf_assets,pearson,AGG,EWJ,0.025039597492012632,0.09054668388081681,0.06550708638880418,Small increase
vix_quotes.close_trailing_252d_quantile,0.9,etf_assets,pearson,HYG,SPY,0.6453384114093127,0.7101840921009036,0.06484568069159091,Small increase
vix_quotes.close_trailing_252d_quantile,0.9,etf_assets,pearson,HYG,VNQ,0.5048687684380808,0.5581509225980489,0.053282154159968065,Small increase
vix_quotes.close_trailing_252d_quantile,0.9,etf_assets,pearson,EFA,EWU,0.9168620421095116,0.964385479980947,0.047523437871435426,Small increase
vix_quotes.close_trailing_252d_quantile,0.9,etf_assets,pearson,EWG,HYG,0.5912437162428893,0.6300454081094667,0.03880169186657745,Small increase
vix_quotes.close_trailing_252d_quantile,0.9,etf_assets,pearson,AGG,EEM,-0.03994448568474093,-0.003393805831601912,0.03655067985313902,Small increase
vix_quotes.close_trailing_252d_quantile,0.9,etf_assets,pearson,EFA,EWG,0.9299713869464973,0.9547039412484165,0.02473255430191923,Small increase
vix_quotes.close_trailing_252d_quantile,0.9,etf_assets,pearson,SHY,TLT,0.5635425315032533,0.5678506345639212,0.004308103060667867,Small increase
vix_quotes.close_trailing_252d_quantile,0.9,etf_assets,pearson,GLD,TLT,0.1727338794195503,0.16992997149123465,-0.002803907928315641,Correlation decreased
vix_quotes.close_trailing_252d_quantile,0.9,etf_assets,pearson,GLD,VNQ,0.07088321201039462,0.029012252435037623,-0.041870959575357,Correlation decreased
vix_quotes.close_trailing_252d_quantile,0.9,etf_assets,pearson,DBC,GLD,0.3634891956507306,0.31748877718985413,-0.04600041846087649,Correlation decreased
vix_quotes.close_trailing_252d_quantile,0.9,etf_assets,pearson,EWJ,GLD,0.11987709091746698,0.07279875992830294,-0.047078330989164044,Correlation decreased
vix_quotes.close_trailing_252d_quantile,0.9,etf_assets,pearson,GLD,SPY,0.07073091677514963,0.023618014304157133,-0.04711290247099249,Correlation decreased
vix_quotes.close_trailing_252d_quantile,0.9,etf_assets,pearson,AGG,GLD,0.24264128954236905,0.1936810599000056,-0.04896022964236346,Correlation decreased
vix_quotes.close_trailing_252d_quantile,0.9,etf_assets,pearson,TLT,USO,-0.22363088812506957,-0.2752992023327348,-0.05166831420766524,Correlation decreased
vix_quotes.close_trailing_252d_quantile,0.9,etf_assets,pearson,DBC,USO,0.8688829770849819,0.8086608942950118,-0.0602220827899701,Correlation decreased
vix_quotes.close_trailing_252d_quantile,0.9,etf_assets,pearson,GLD,USO,0.2001686877157172,0.13821954230279035,-0.06194914541292684,Correlation decreased
vix_quotes.close_trailing_252d_quantile,0.9,etf_assets,pearson,AGG,VNQ,0.04270091863162494,-0.030225009732582936,-0.07292592836420787,Correlation decreased
vix_quotes.close_trailing_252d_quantile,0.9,etf_assets,pearson,DBC,TLT,-0.20741736232015653,-0.2825791428921193,-0.07516178057196274,Correlation decreased
vix_quotes.close_trailing_252d_quantile,0.9,etf_assets,pearson,EWU,GLD,0.18689298573524155,0.07980410330741206,-0.10708888242782949,Correlation decreased
vix_quotes.close_trailing_252d_quantile,0.9,etf_assets,pearson,EWG,GLD,0.18690097927064583,0.07856132651031314,-0.1083396527603327,Correlation decreased
vix_quotes.close_trailing_252d_quantile,0.9,etf_assets,pearson,GLD,HYG,0.09034098379838196,-0.02448989025074123,-0.11483087404912319,Correlation decreased
vix_quotes.close_trailing_252d_quantile,0.9,etf_assets,pearson,EEM,GLD,0.21163416391212342,0.09262981188524695,-0.11900435202687647,Correlation decreased
vix_quotes.close_trailing_252d_quantile,0.9,etf_assets,pearson,EFA,GLD,0.197707112107332,0.06989582949849685,-0.12781128260883515,Correlation decreased
vix_quotes.close_trailing_252d_quantile,0.9,etf_assets,pearson,SHY,USO,-0.09026529127654877,-0.25763171403134266,-0.1673664227547939,Correlation decreased
vix_quotes.close_trailing_252d_quantile,0.9,etf_assets,pearson,GLD,SHY,0.267096555464773,0.09130782429796319,-0.17578873116680982,Correlation decreased
vix_quotes.close_trailing_252d_quantile,0.9,etf_assets,pearson,EWU,TLT,-0.25149279320390816,-0.42946500876368704,-0.17797221555977888,Correlation decreased
vix_quotes.close_trailing_252d_quantile,0.9,etf_assets,pearson,EWG,TLT,-0.23458022522039693,-0.42720888864442924,-0.19262866342403231,Correlation decreased
vix_quotes.close_trailing_252d_quantile,0.9,etf_assets,pearson,SPY,TLT,-0.2512301307044452,-0.4461893392873319,-0.19495920858288668,Correlation decreased
vix_quotes.close_trailing_252d_quantile,0.9,etf_assets,pearson,EEM,TLT,-0.21356328072816802,-0.4167084054941134,-0.2031451247659454,Correlation decreased
vix_quotes.close_trailing_252d_quantile,0.9,etf_assets,pearson,EFA,TLT,-0.2282542116400578,-0.44145925451579504,-0.21320504287573724,Correlation decreased
vix_quotes.close_trailing_252d_quantile,0.9,etf_assets,pearson,EWJ,TLT,-0.13720792147201716,-0.3609550780922006,-0.22374715662018346,Correlation decreased
vix_quotes.close_trailing_252d_quantile,0.9,etf_assets,pearson,HYG,TLT,-0.051779607217863344,-0.2795345518588117,-0.22775494464094836,Correlation decreased
vix_quotes.close_trailing_252d_quantile,0.9,etf_assets,pearson,DBC,SHY,-0.06277648646214101,-0.3063226920011776,-0.2435462055390366,Correlation decreased
vix_quotes.close_trailing_252d_quantile,0.9,etf_assets,pearson,SHY,VNQ,-0.05259199154248866,-0.31582973862626035,-0.2632377470837717,Correlation decreased
vix_quotes.close_trailing_252d_quantile,0.9,etf_assets,pearson,SHY,SPY,-0.14277948260304718,-0.4189925195309712,-0.27621303692792404,Correlation decreased
vix_quotes.close_trailing_252d_quantile,0.9,etf_assets,pearson,TLT,VNQ,-0.06954827721972309,-0.3578641102517519,-0.2883158330320288,Correlation decreased
vix_quotes.close_trailing_252d_quantile,0.9,etf_assets,pearson,AGG,TLT,0.824207249882732,0.5144575333967454,-0.3097497164859866,Correlation decreased
vix_quotes.close_trailing_252d_quantile,0.9,etf_assets,pearson,EWG,SHY,-0.07974252867153198,-0.39297341081478715,-0.3132308821432552,Correlation decreased
vix_quotes.close_trailing_252d_quantile,0.9,etf_assets,pearson,EWU,SHY,-0.09428002455476589,-0.40976409822666143,-0.31548407367189557,Correlation decreased
vix_quotes.close_trailing_252d_quantile,0.9,etf_assets,pearson,EEM,SHY,-0.11961162331933649,-0.45489787355575184,-0.33528625023641534,Correlation decreased
vix_quotes.close_trailing_252d_quantile,0.9,etf_assets,pearson,EWJ,SHY,-0.03288418427785384,-0.3797869217014891,-0.34690273742363525,Correlation decreased
vix_quotes.close_trailing_252d_quantile,0.9,etf_assets,pearson,HYG,SHY,0.07042298875882304,-0.28081475507520814,-0.35123774383403117,Correlation decreased
vix_quotes.close_trailing_252d_quantile,0.9,etf_assets,pearson,EFA,SHY,-0.07911803398168019,-0.4346148524777528,-0.3554968184960726,Correlation decreased
vix_quotes.close_trailing_252d_quantile,0.9,etf_assets,pearson,AGG,SHY,0.7414349216944979,0.32101316366309346,-0.4204217580314044,Correlation decreased
vix_quotes.close_trailing_252d_quantile,0.95,panel_a_cross_asset,pearson,USO,VNQ,0.16966940632470062,0.44333738733602746,0.27366798101132683,Strong breakdown
vix_quotes.close_trailing_252d_quantile,0.95,panel_a_cross_asset,pearson,SPY,USO,0.3075686442642195,0.5236249282297054,0.21605628396548593,Moderate breakdown
vix_quotes.close_trailing_252d_quantile,0.95,panel_a_cross_asset,pearson,AGG,DBC,-0.086151443855883,0.11992736252309988,0.20607880637898288,Moderate breakdown
vix_quotes.close_trailing_252d_quantile,0.95,panel_a_cross_asset,pearson,DBC,VNQ,0.22889312565550848,0.42940590150021535,0.20051277584470686,Moderate breakdown
vix_quotes.close_trailing_252d_quantile,0.95,panel_a_cross_asset,pearson,AGG,USO,-0.11430089814297596,0.07292844522508474,0.18722934336806069,Moderate breakdown
vix_quotes.close_trailing_252d_quantile,0.95,panel_a_cross_asset,pearson,SPY,DBC,0.36805180999675496,0.5519314097559047,0.18387959975914975,Moderate breakdown
vix_quotes.close_trailing_252d_quantile,0.95,panel_a_cross_asset,pearson,HYG,USO,0.25407202748268937,0.42249611663068887,0.1684240891479995,Moderate breakdown
vix_quotes.close_trailing_252d_quantile,0.95,panel_a_cross_asset,pearson,HYG,DBC,0.3183833446701531,0.481582811741216,0.16319946707106286,Moderate breakdown
vix_quotes.close_trailing_252d_quantile,0.95,panel_a_cross_asset,pearson,AGG,HYG,0.18685882555121114,0.3165875000038784,0.12972867445266728,Moderate breakdown
vix_quotes.close_trailing_252d_quantile,0.95,panel_a_cross_asset,pearson,SPY,VNQ,0.710830858594713,0.8392552560015645,0.12842439740685152,Moderate breakdown
vix_quotes.close_trailing_252d_quantile,0.95,panel_a_cross_asset,pearson,SPY,AGG,-0.05570578278018983,0.06044639254263706,0.1161521753228269,Moderate breakdown
vix_quotes.close_trailing_252d_quantile,0.95,panel_a_cross_asset,pearson,SPY,HYG,0.6388721203476485,0.7261632234078728,0.08729110306022425,Small increase
vix_quotes.close_trailing_252d_quantile,0.95,panel_a_cross_asset,pearson,HYG,VNQ,0.5004366905666756,0.5747956269709289,0.07435893640425328,Small increase
vix_quotes.close_trailing_252d_quantile,0.95,panel_a_cross_asset,pearson,DBC,USO,0.8481416886490173,0.8512325519309442,0.00309086328192687,Small increase
vix_quotes.close_trailing_252d_quantile,0.95,panel_a_cross_asset,pearson,SHY,TLT,0.5651337323190668,0.5621456063635268,-0.0029881259555399886,Correlation decreased
vix_quotes.close_trailing_252d_quantile,0.95,panel_a_cross_asset,pearson,TLT,GLD,0.17977276337047385,0.14735034636135388,-0.032422417009119964,Correlation decreased
vix_quotes.close_trailing_252d_quantile,0.95,panel_a_cross_asset,pearson,GLD,USO,0.1905979793725266,0.1349875858637272,-0.0556103935087994,Correlation decreased
vix_quotes.close_trailing_252d_quantile,0.95,panel_a_cross_asset,pearson,GLD,DBC,0.36124960686497615,0.30185042140112484,-0.05939918546385131,Correlation decreased
vix_quotes.close_trailing_252d_quantile,0.95,panel_a_cross_asset,pearson,AGG,GLD,0.24451485096486203,0.1802418910383064,-0.06427295992655563,Correlation decreased
vix_quotes.close_trailing_252d_quantile,0.95,panel_a_cross_asset,pearson,TLT,DBC,-0.21344276233689888,-0.27986873029132164,-0.06642596795442277,Correlation decreased
vix_quotes.close_trailing_252d_quantile,0.95,panel_a_cross_asset,pearson,SPY,GLD,0.06911482591756653,0.0013634051000098416,-0.06775142081755668,Correlation decreased
vix_quotes.close_trailing_252d_quantile,0.95,panel_a_cross_asset,pearson,TLT,USO,-0.22407317897381737,-0.2921962801483992,-0.06812310117458184,Correlation decreased
vix_quotes.close_trailing_252d_quantile,0.95,panel_a_cross_asset,pearson,GLD,VNQ,0.08153239701417284,-0.027058296817872588,-0.10859069383204542,Correlation decreased
vix_quotes.close_trailing_252d_quantile,0.95,panel_a_cross_asset,pearson,AGG,VNQ,0.04698108483745599,-0.06174380301479326,-0.10872488785224925,Correlation decreased
vix_quotes.close_trailing_252d_quantile,0.95,panel_a_cross_asset,pearson,HYG,GLD,0.0841104400837351,-0.04358086573116946,-0.12769130581490457,Correlation decreased
vix_quotes.close_trailing_252d_quantile,0.95,panel_a_cross_asset,pearson,SHY,GLD,0.2595573422408108,0.08144223687425538,-0.1781151053665554,Correlation decreased
vix_quotes.close_trailing_252d_quantile,0.95,panel_a_cross_asset,pearson,SPY,TLT,-0.26525117449509095,-0.4539411247069475,-0.18868995021185653,Correlation decreased
vix_quotes.close_trailing_252d_quantile,0.95,panel_a_cross_asset,pearson,SHY,VNQ,-0.08312294731590858,-0.2806718039896991,-0.19754885667379052,Correlation decreased
vix_quotes.close_trailing_252d_quantile,0.95,panel_a_cross_asset,pearson,SHY,USO,-0.09453161994771693,-0.3076847531710469,-0.21315313322332996,Correlation decreased
vix_quotes.close_trailing_252d_quantile,0.95,panel_a_cross_asset,pearson,SPY,SHY,-0.17189815730076413,-0.4023271277631315,-0.23042897046236738,Correlation decreased
vix_quotes.close_trailing_252d_quantile,0.95,panel_a_cross_asset,pearson,TLT,HYG,-0.06222401989884938,-0.29854466165848376,-0.23632064175963438,Correlation decreased
vix_quotes.close_trailing_252d_quantile,0.95,panel_a_cross_asset,pearson,SHY,DBC,-0.07116729636733456,-0.33968514152824053,-0.268517845160906,Correlation decreased
vix_quotes.close_trailing_252d_quantile,0.95,panel_a_cross_asset,pearson,TLT,VNQ,-0.08602025156487213,-0.38356295191494166,-0.2975427003500695,Correlation decreased
vix_quotes.close_trailing_252d_quantile,0.95,panel_a_cross_asset,pearson,TLT,AGG,0.811655227277107,0.4893201794674884,-0.32233504780961864,Correlation decreased
vix_quotes.close_trailing_252d_quantile,0.95,panel_a_cross_asset,pearson,SHY,HYG,0.05330799059654179,-0.30435322876838466,-0.35766121936492645,Correlation decreased
vix_quotes.close_trailing_252d_quantile,0.95,panel_a_cross_asset,pearson,SHY,AGG,0.7162466610507991,0.3089122336401803,-0.40733442741061887,Correlation decreased
vix_quotes.close_trailing_252d_quantile,0.95,panel_b_international_equity,pearson,EWU,EWJ,0.6426123038956469,0.8600561603719884,0.21744385647634146,Moderate breakdown
vix_quotes.close_trailing_252d_quantile,0.95,panel_b_international_equity,pearson,EWG,EWJ,0.660116801090545,0.8554784774377192,0.19536167634717416,Moderate breakdown
vix_quotes.close_trailing_252d_quantile,0.95,panel_b_international_equity,pearson,SPY,EWJ,0.6773214603649269,0.8718374118101978,0.1945159514452709,Moderate breakdown
vix_quotes.close_trailing_252d_quantile,0.95,panel_b_international_equity,pearson,EEM,EWJ,0.668350492354867,0.8560854110274316,0.18773491867256464,Moderate breakdown
vix_quotes.close_trailing_252d_quantile,0.95,panel_b_international_equity,pearson,EEM,EWU,0.7570613789279003,0.8967220733555576,0.13966069442765738,Moderate breakdown
vix_quotes.close_trailing_252d_quantile,0.95,panel_b_international_equity,pearson,SPY,EWU,0.7701457213286913,0.9035576314183118,0.1334119100896205,Moderate breakdown
vix_quotes.close_trailing_252d_quantile,0.95,panel_b_international_equity,pearson,EFA,EWJ,0.802077110204347,0.9226911405363123,0.12061403033196527,Moderate breakdown
vix_quotes.close_trailing_252d_quantile,0.95,panel_b_international_equity,pearson,EEM,EWG,0.7558912731058651,0.8741045332152728,0.11821326010940769,Moderate breakdown
vix_quotes.close_trailing_252d_quantile,0.95,panel_b_international_equity,pearson,SPY,EEM,0.7717972507203978,0.8751432472920428,0.103345996571645,Moderate breakdown
vix_quotes.close_trailing_252d_quantile,0.95,panel_b_international_equity,pearson,SPY,EWG,0.7819956416975684,0.8829496351194752,0.1009539934219068,Moderate breakdown
vix_quotes.close_trailing_252d_quantile,0.95,panel_b_international_equity,pearson,EWG,EWU,0.8325454440890002,0.9254419152176072,0.092896471128607,Small increase
vix_quotes.close_trailing_252d_quantile,0.95,panel_b_international_equity,pearson,EFA,EEM,0.8309563115733387,0.9235521231405027,0.09259581156716401,Small increase
vix_quotes.close_trailing_252d_quantile,0.95,panel_b_international_equity,pearson,SPY,EFA,0.8448899060814855,0.9319239702033908,0.08703406412190529,Small increase
vix_quotes.close_trailing_252d_quantile,0.95,panel_b_international_equity,pearson,EFA,EWU,0.9075901666500559,0.9676127258137709,0.06002255916371502,Small increase
vix_quotes.close_trailing_252d_quantile,0.95,panel_b_international_equity,pearson,EFA,EWG,0.9217879857387073,0.9550040553562776,0.03321606961757029,Small increase
vix_quotes.close_trailing_252d_quantile,0.95,etf_assets,pearson,USO,VNQ,0.16966940632470062,0.44333738733602746,0.27366798101132683,Strong breakdown
vix_quotes.close_trailing_252d_quantile,0.95,etf_assets,pearson,EWJ,HYG,0.4606176287741568,0.6771857675826816,0.21656813880852477,Moderate breakdown
vix_quotes.close_trailing_252d_quantile,0.95,etf_assets,pearson,SPY,USO,0.3075686442642195,0.5236249282297054,0.21605628396548593,Moderate breakdown
vix_quotes.close_trailing_252d_quantile,0.95,etf_assets,pearson,AGG,DBC,-0.086151443855883,0.11992736252309988,0.20607880637898288,Moderate breakdown
vix_quotes.close_trailing_252d_quantile,0.95,etf_assets,pearson,EWJ,VNQ,0.5090292727027327,0.7140551870060639,0.20502591430333117,Moderate breakdown
vix_quotes.close_trailing_252d_quantile,0.95,etf_assets,pearson,EWJ,USO,0.2303370122640564,0.43268639689030103,0.20234938462624463,Moderate breakdown
vix_quotes.close_trailing_252d_quantile,0.95,etf_assets,pearson,DBC,VNQ,0.22889312565550848,0.42940590150021535,0.20051277584470686,Moderate breakdown
vix_quotes.close_trailing_252d_quantile,0.95,etf_assets,pearson,EWU,VNQ,0.5992544970606516,0.7951925131526154,0.19593801609196382,Moderate breakdown
vix_quotes.close_trailing_252d_quantile,0.95,etf_assets,pearson,EWJ,EWU,0.6722131883165572,0.8631997212170746,0.19098653290051737,Moderate breakdown
vix_quotes.close_trailing_252d_quantile,0.95,etf_assets,pearson,EEM,EWJ,0.6711490257522723,0.8606348257310605,0.18948579997878823,Moderate breakdown
vix_quotes.close_trailing_252d_quantile,0.95,etf_assets,pearson,EFA,USO,0.3351582164924439,0.5226586066291098,0.18750039013666592,Moderate breakdown
vix_quotes.close_trailing_252d_quantile,0.95,etf_assets,pearson,AGG,USO,-0.11430089814297596,0.07292844522508474,0.18722934336806069,Moderate breakdown
vix_quotes.close_trailing_252d_quantile,0.95,etf_assets,pearson,EEM,VNQ,0.6051574118165547,0.7905890177170404,0.18543160590048569,Moderate breakdown
vix_quotes.close_trailing_252d_quantile,0.95,etf_assets,pearson,EWU,USO,0.3668354351388702,0.5511733132660325,0.1843378781271623,Moderate breakdown
vix_quotes.close_trailing_252d_quantile,0.95,etf_assets,pearson,DBC,SPY,0.368051809996755,0.5519314097559047,0.1838795997591497,Moderate breakdown
vix_quotes.close_trailing_252d_quantile,0.95,etf_assets,pearson,DBC,EWJ,0.3066046498377428,0.4903128651774229,0.18370821533968007,Moderate breakdown
vix_quotes.close_trailing_252d_quantile,0.95,etf_assets,pearson,EWG,VNQ,0.5770045842289063,0.7583217102465151,0.18131712601760874,Moderate breakdown
vix_quotes.close_trailing_252d_quantile,0.95,etf_assets,pearson,EWJ,SPY,0.7018083908904278,0.8780610224878389,0.1762526315974111,Moderate breakdown
vix_quotes.close_trailing_252d_quantile,0.95,etf_assets,pearson,EWG,EWJ,0.6824948413972027,0.8567655324148632,0.17427069101766046,Moderate breakdown
vix_quotes.close_trailing_252d_quantile,0.95,etf_assets,pearson,HYG,USO,0.25407202748268937,0.42249611663068887,0.1684240891479995,Moderate breakdown
vix_quotes.close_trailing_252d_quantile,0.95,etf_assets,pearson,EWG,USO,0.3017880857061002,0.46684586462519856,0.16505777891909834,Moderate breakdown
vix_quotes.close_trailing_252d_quantile,0.95,etf_assets,pearson,DBC,HYG,0.31838334467015306,0.4815828117412159,0.16319946707106286,Moderate breakdown
vix_quotes.close_trailing_252d_quantile,0.95,etf_assets,pearson,EFA,VNQ,0.6408786367282134,0.7954213934484278,0.15454275672021434,Moderate breakdown
vix_quotes.close_trailing_252d_quantile,0.95,etf_assets,pearson,DBC,EFA,0.42925007634381873,0.5691650011332517,0.13991492478943302,Moderate breakdown
vix_quotes.close_trailing_252d_quantile,0.95,etf_assets,pearson,EWU,HYG,0.5711671734941187,0.7104987317781755,0.13933155828405674,Moderate breakdown
vix_quotes.close_trailing_252d_quantile,0.95,etf_assets,pearson,DBC,EWU,0.44748155538032347,0.5841693262665837,0.13668777088626022,Moderate breakdown
vix_quotes.close_trailing_252d_quantile,0.95,etf_assets,pearson,EEM,USO,0.353743794806615,0.4840937564191388,0.13034996161252382,Moderate breakdown
vix_quotes.close_trailing_252d_quantile,0.95,etf_assets,pearson,AGG,HYG,0.18685882555121114,0.3165875000038784,0.12972867445266728,Moderate breakdown
vix_quotes.close_trailing_252d_quantile,0.95,etf_assets,pearson,EFA,HYG,0.6050924813910816,0.7338284689594493,0.12873598756836768,Moderate breakdown
vix_quotes.close_trailing_252d_quantile,0.95,etf_assets,pearson,SPY,VNQ,0.710830858594713,0.8392552560015645,0.12842439740685152,Moderate breakdown
vix_quotes.close_trailing_252d_quantile,0.95,etf_assets,pearson,EEM,HYG,0.5481128866306462,0.6750558676283419,0.12694298099769574,Moderate breakdown
vix_quotes.close_trailing_252d_quantile,0.95,etf_assets,pearson,AGG,EWU,-0.04222606003656855,0.08167830654741434,0.12390436658398289,Moderate breakdown
vix_quotes.close_trailing_252d_quantile,0.95,etf_assets,pearson,EEM,EWU,0.7803053913950603,0.9032547965248297,0.12294940512976937,Moderate breakdown
vix_quotes.close_trailing_252d_quantile,0.95,etf_assets,pearson,EWU,SPY,0.7849452484551352,0.9049387757460715,0.11999352729093626,Moderate breakdown
vix_quotes.close_trailing_252d_quantile,0.95,etf_assets,pearson,AGG,EFA,-0.016784672790462862,0.09940505767281174,0.1161897304632746,Moderate breakdown
vix_quotes.close_trailing_252d_quantile,0.95,etf_assets,pearson,AGG,SPY,-0.055705782780189846,0.06044639254263709,0.11615217532282693,Moderate breakdown
vix_quotes.close_trailing_252d_quantile,0.95,etf_assets,pearson,EFA,EWJ,0.8169686554051225,0.9240212484365485,0.107052593031426,Moderate breakdown
vix_quotes.close_trailing_252d_quantile,0.95,etf_assets,pearson,EEM,EWG,0.7714382289768994,0.877809221586579,0.10637099260967964,Moderate breakdown
vix_quotes.close_trailing_252d_quantile,0.95,etf_assets,pearson,DBC,EWG,0.39365008860640144,0.4978150693926791,0.10416498078627767,Moderate breakdown
vix_quotes.close_trailing_252d_quantile,0.95,etf_assets,pearson,AGG,EWJ,0.01535758334090245,0.11519552690591063,0.09983794356500818,Small increase
vix_quotes.close_trailing_252d_quantile,0.95,etf_assets,pearson,EEM,SPY,0.7863254725020384,0.8805155283098319,0.0941900558077935,Small increase
vix_quotes.close_trailing_252d_quantile,0.95,etf_assets,pearson,EWG,SPY,0.7927114404689937,0.8846689583893891,0.09195751792039542,Small increase
vix_quotes.close_trailing_252d_quantile,0.95,etf_assets,pearson,AGG,EWG,-0.02012133688748091,0.0687042908123682,0.08882562769984911,Small increase
vix_quotes.close_trailing_252d_quantile,0.95,etf_assets,pearson,HYG,SPY,0.6388721203476485,0.7261632234078728,0.08729110306022425,Small increase
vix_quotes.close_trailing_252d_quantile,0.95,etf_assets,pearson,EEM,EFA,0.8432290447353742,0.9291982388242295,0.08596919408885528,Small increase
vix_quotes.close_trailing_252d_quantile,0.95,etf_assets,pearson,DBC,EEM,0.4437725110075464,0.5273247301769466,0.0835522191694002,Small increase
vix_quotes.close_trailing_252d_quantile,0.95,etf_assets,pearson,EFA,SPY,0.8545618271710217,0.934364566647085,0.07980273947606331,Small increase
vix_quotes.close_trailing_252d_quantile,0.95,etf_assets,pearson,EWG,EWU,0.8482009984117033,0.925808939331911,0.07760794092020773,Small increase
vix_quotes.close_trailing_252d_quantile,0.95,etf_assets,pearson,HYG,VNQ,0.5004366905666756,0.5747956269709289,0.07435893640425328,Small increase
vix_quotes.close_trailing_252d_quantile,0.95,etf_assets,pearson,AGG,EEM,-0.05132654625809742,0.016177932788002447,0.06750447904609987,Small increase
vix_quotes.close_trailing_252d_quantile,0.95,etf_assets,pearson,EWG,HYG,0.5880349979234332,0.6424079276627136,0.05437292973928043,Small increase
vix_quotes.close_trailing_252d_quantile,0.95,etf_assets,pearson,EFA,EWU,0.9207133084243151,0.9681644335018198,0.04745112507750471,Small increase
vix_quotes.close_trailing_252d_quantile,0.95,etf_assets,pearson,EFA,EWG,0.9328330017406585,0.9551713519200866,0.02233835017942809,Small increase
vix_quotes.close_trailing_252d_quantile,0.95,etf_assets,pearson,DBC,USO,0.8481416886490173,0.8512325519309442,0.00309086328192687,Small increase
vix_quotes.close_trailing_252d_quantile,0.95,etf_assets,pearson,SHY,TLT,0.5651337323190668,0.5621456063635268,-0.0029881259555399886,Correlation decreased
vix_quotes.close_trailing_252d_quantile,0.95,etf_assets,pearson,GLD,TLT,0.17977276337047382,0.14735034636135388,-0.032422417009119936,Correlation decreased
vix_quotes.close_trailing_252d_quantile,0.95,etf_assets,pearson,GLD,USO,0.1905979793725266,0.1349875858637272,-0.0556103935087994,Correlation decreased
vix_quotes.close_trailing_252d_quantile,0.95,etf_assets,pearson,DBC,GLD,0.36124960686497615,0.30185042140112484,-0.05939918546385131,Correlation decreased
vix_quotes.close_trailing_252d_quantile,0.95,etf_assets,pearson,AGG,GLD,0.24451485096486203,0.1802418910383064,-0.06427295992655563,Correlation decreased
vix_quotes.close_trailing_252d_quantile,0.95,etf_assets,pearson,DBC,TLT,-0.2134427623368988,-0.27986873029132164,-0.06642596795442285,Correlation decreased
vix_quotes.close_trailing_252d_quantile,0.95,etf_assets,pearson,GLD,SPY,0.06911482591756653,0.0013634051000098583,-0.06775142081755667,Correlation decreased
vix_quotes.close_trailing_252d_quantile,0.95,etf_assets,pearson,TLT,USO,-0.22407317897381737,-0.2921962801483992,-0.06812310117458184,Correlation decreased
vix_quotes.close_trailing_252d_quantile,0.95,etf_assets,pearson,EWJ,GLD,0.12310203039152955,0.04053493046280078,-0.08256709992872877,Correlation decreased
vix_quotes.close_trailing_252d_quantile,0.95,etf_assets,pearson,EWU,GLD,0.17389055670551362,0.07102632276126025,-0.10286423394425337,Correlation decreased
vix_quotes.close_trailing_252d_quantile,0.95,etf_assets,pearson,EWG,GLD,0.17542766905906598,0.06806999373819618,-0.1073576753208698,Correlation decreased
vix_quotes.close_trailing_252d_quantile,0.95,etf_assets,pearson,GLD,VNQ,0.08153239701417284,-0.027058296817872588,-0.10859069383204542,Correlation decreased
vix_quotes.close_trailing_252d_quantile,0.95,etf_assets,pearson,AGG,VNQ,0.04698108483745599,-0.06174380301479326,-0.10872488785224925,Correlation decreased
vix_quotes.close_trailing_252d_quantile,0.95,etf_assets,pearson,GLD,HYG,0.08411044008373508,-0.04358086573116946,-0.12769130581490454,Correlation decreased
vix_quotes.close_trailing_252d_quantile,0.95,etf_assets,pearson,EFA,GLD,0.18655442693406213,0.052520441262812745,-0.13403398567124938,Correlation decreased
vix_quotes.close_trailing_252d_quantile,0.95,etf_assets,pearson,EEM,GLD,0.2082875164327147,0.058076787933841585,-0.15021072849887313,Correlation decreased
vix_quotes.close_trailing_252d_quantile,0.95,etf_assets,pearson,EWU,TLT,-0.26557032346424303,-0.4318040081476988,-0.16623368468345578,Correlation decreased
vix_quotes.close_trailing_252d_quantile,0.95,etf_assets,pearson,GLD,SHY,0.2595573422408108,0.08144223687425536,-0.17811510536655542,Correlation decreased
vix_quotes.close_trailing_252d_quantile,0.95,etf_assets,pearson,EWG,TLT,-0.24991208501318735,-0.4296222872665364,-0.17971020225334905,Correlation decreased
vix_quotes.close_trailing_252d_quantile,0.95,etf_assets,pearson,EEM,TLT,-0.23131013571609443,-0.4154246901862571,-0.18411455447016267,Correlation decreased
vix_quotes.close_trailing_252d_quantile,0.95,etf_assets,pearson,SPY,TLT,-0.26525117449509095,-0.4539411247069475,-0.18868995021185653,Correlation decreased
vix_quotes.close_trailing_252d_quantile,0.95,etf_assets,pearson,EWJ,TLT,-0.15771568559421623,-0.3538552160760767,-0.19613953048186045,Correlation decreased
vix_quotes.close_trailing_252d_quantile,0.95,etf_assets,pearson,EFA,TLT,-0.2461457550964784,-0.44257314634828476,-0.19642739125180636,Correlation decreased
vix_quotes.close_trailing_252d_quantile,0.95,etf_assets,pearson,SHY,VNQ,-0.08312294731590858,-0.2806718039896991,-0.19754885667379052,Correlation decreased
vix_quotes.close_trailing_252d_quantile,0.95,etf_assets,pearson,SHY,USO,-0.09453161994771693,-0.3076847531710469,-0.21315313322332996,Correlation decreased
vix_quotes.close_trailing_252d_quantile,0.95,etf_assets,pearson,SHY,SPY,-0.17189815730076416,-0.4023271277631315,-0.23042897046236735,Correlation decreased
vix_quotes.close_trailing_252d_quantile,0.95,etf_assets,pearson,HYG,TLT,-0.06222401989884936,-0.29854466165848376,-0.2363206417596344,Correlation decreased
vix_quotes.close_trailing_252d_quantile,0.95,etf_assets,pearson,EWU,SHY,-0.12950935938910668,-0.3849498739312976,-0.2554405145421909,Correlation decreased
vix_quotes.close_trailing_252d_quantile,0.95,etf_assets,pearson,EWG,SHY,-0.1110037987802674,-0.3738942317340612,-0.26289043295379383,Correlation decreased
vix_quotes.close_trailing_252d_quantile,0.95,etf_assets,pearson,DBC,SHY,-0.0711672963673346,-0.3396851415282405,-0.2685178451609059,Correlation decreased
vix_quotes.close_trailing_252d_quantile,0.95,etf_assets,pearson,EEM,SHY,-0.1518568095580134,-0.44298564201173163,-0.29112883245371823,Correlation decreased
vix_quotes.close_trailing_252d_quantile,0.95,etf_assets,pearson,TLT,VNQ,-0.08602025156487213,-0.38356295191494166,-0.2975427003500695,Correlation decreased
vix_quotes.close_trailing_252d_quantile,0.95,etf_assets,pearson,EWJ,SHY,-0.06409465365725557,-0.36505398987717713,-0.30095933621992155,Correlation decreased
vix_quotes.close_trailing_252d_quantile,0.95,etf_assets,pearson,EFA,SHY,-0.11456066190007552,-0.41779034440826024,-0.3032296825081847,Correlation decreased
vix_quotes.close_trailing_252d_quantile,0.95,etf_assets,pearson,AGG,TLT,0.811655227277107,0.4893201794674884,-0.32233504780961864,Correlation decreased
vix_quotes.close_trailing_252d_quantile,0.95,etf_assets,pearson,HYG,SHY,0.05330799059654181,-0.3043532287683848,-0.35766121936492656,Correlation decreased
vix_quotes.close_trailing_252d_quantile,0.95,etf_assets,pearson,AGG,SHY,0.7162466610507991,0.3089122336401804,-0.40733442741061876,Correlation decreased
vix_quotes.close_trailing_252d_quantile,0.975,panel_a_cross_asset,pearson,USO,VNQ,0.18234285321718438,0.4710766786916836,0.2887338254744992,Strong breakdown
vix_quotes.close_trailing_252d_quantile,0.975,panel_a_cross_asset,pearson,SPY,USO,0.31179623222895947,0.552370267194579,0.24057403496561958,Moderate breakdown
vix_quotes.close_trailing_252d_quantile,0.975,panel_a_cross_asset,pearson,HYG,USO,0.25073079347805716,0.45795386728885845,0.2072230738108013,Moderate breakdown
vix_quotes.close_trailing_252d_quantile,0.975,panel_a_cross_asset,pearson,AGG,DBC,-0.08014721271917524,0.12558981771484443,0.20573703043401967,Moderate breakdown
vix_quotes.close_trailing_252d_quantile,0.975,panel_a_cross_asset,pearson,AGG,USO,-0.11271266339524282,0.08935855433544501,0.2020712177306878,Moderate breakdown
vix_quotes.close_trailing_252d_quantile,0.975,panel_a_cross_asset,pearson,SPY,DBC,0.3717681410391553,0.5693376333829575,0.19756949234380222,Moderate breakdown
vix_quotes.close_trailing_252d_quantile,0.975,panel_a_cross_asset,pearson,DBC,VNQ,0.24061539580007962,0.43365796063372,0.19304256483364035,Moderate breakdown
vix_quotes.close_trailing_252d_quantile,0.975,panel_a_cross_asset,pearson,HYG,DBC,0.31828179877914026,0.5081825907401936,0.1899007919610533,Moderate breakdown
vix_quotes.close_trailing_252d_quantile,0.975,panel_a_cross_asset,pearson,AGG,HYG,0.1767022554598753,0.3421854712897888,0.16548321582991352,Moderate breakdown
vix_quotes.close_trailing_252d_quantile,0.975,panel_a_cross_asset,pearson,SPY,AGG,-0.05899144615599735,0.07941754014854444,0.1384089863045418,Moderate breakdown
vix_quotes.close_trailing_252d_quantile,0.975,panel_a_cross_asset,pearson,SPY,VNQ,0.7255567603528374,0.8430335753502624,0.1174768149974249,Moderate breakdown
vix_quotes.close_trailing_252d_quantile,0.975,panel_a_cross_asset,pearson,SPY,HYG,0.6408807509685487,0.744725974610398,0.10384522364184934,Moderate breakdown
vix_quotes.close_trailing_252d_quantile,0.975,panel_a_cross_asset,pearson,HYG,VNQ,0.5077877955469253,0.5909020581199191,0.08311426257299381,Small increase
vix_quotes.close_trailing_252d_quantile,0.975,panel_a_cross_asset,pearson,SHY,TLT,0.5601286584455701,0.5918617799328177,0.031733121487247606,Small increase
vix_quotes.close_trailing_252d_quantile,0.975,panel_a_cross_asset,pearson,DBC,USO,0.8471698042799696,0.8561130288229243,0.008943224542954709,Small increase
vix_quotes.close_trailing_252d_quantile,0.975,panel_a_cross_asset,pearson,TLT,GLD,0.1756106178536915,0.16120794798889082,-0.014402669864800682,Correlation decreased
vix_quotes.close_trailing_252d_quantile,0.975,panel_a_cross_asset,pearson,AGG,GLD,0.23614329622498142,0.19747279621991387,-0.038670500005067554,Correlation decreased
vix_quotes.close_trailing_252d_quantile,0.975,panel_a_cross_asset,pearson,AGG,VNQ,0.03155270252094974,-0.0555234999644327,-0.08707620248538243,Correlation decreased
vix_quotes.close_trailing_252d_quantile,0.975,panel_a_cross_asset,pearson,TLT,USO,-0.22432152176097447,-0.31212447205919003,-0.08780295029821555,Correlation decreased
vix_quotes.close_trailing_252d_quantile,0.975,panel_a_cross_asset,pearson,TLT,DBC,-0.21188369126380946,-0.31007366594283675,-0.09818997467902729,Correlation decreased
vix_quotes.close_trailing_252d_quantile,0.975,panel_a_cross_asset,pearson,GLD,USO,0.1959904949641285,0.09127986468109373,-0.10471063028303476,Correlation decreased
vix_quotes.close_trailing_252d_quantile,0.975,panel_a_cross_asset,pearson,GLD,DBC,0.3662239032888445,0.2579902225761557,-0.1082336807126888,Correlation decreased
vix_quotes.close_trailing_252d_quantile,0.975,panel_a_cross_asset,pearson,SHY,GLD,0.24514724016479175,0.11622164739030205,-0.1289255927744897,Correlation decreased
vix_quotes.close_trailing_252d_quantile,0.975,panel_a_cross_asset,pearson,SPY,GLD,0.08011567191413062,-0.06372516772481734,-0.14384083963894795,Correlation decreased
vix_quotes.close_trailing_252d_quantile,0.975,panel_a_cross_asset,pearson,HYG,GLD,0.09088256406127974,-0.09015881747062426,-0.18104138153190402,Correlation decreased
vix_quotes.close_trailing_252d_quantile,0.975,panel_a_cross_asset,pearson,SPY,TLT,-0.27651318444126477,-0.46600697854126577,-0.189493794100001,Correlation decreased
vix_quotes.close_trailing_252d_quantile,0.975,panel_a_cross_asset,pearson,GLD,VNQ,0.09286945319415245,-0.12041447002322435,-0.2132839232173768,Correlation decreased
vix_quotes.close_trailing_252d_quantile,0.975,panel_a_cross_asset,pearson,TLT,HYG,-0.07522284081578107,-0.31003986435717573,-0.23481702354139466,Correlation decreased
vix_quotes.close_trailing_252d_quantile,0.975,panel_a_cross_asset,pearson,SHY,VNQ,-0.08818291683257098,-0.3266433876473383,-0.23846047081476732,Correlation decreased
vix_quotes.close_trailing_252d_quantile,0.975,panel_a_cross_asset,pearson,SHY,USO,-0.09786103722920374,-0.34320751138879835,-0.2453464741595946,Correlation decreased
vix_quotes.close_trailing_252d_quantile,0.975,panel_a_cross_asset,pearson,SPY,SHY,-0.1774951624176204,-0.4449390810868226,-0.26744391866920225,Correlation decreased
vix_quotes.close_trailing_252d_quantile,0.975,panel_a_cross_asset,pearson,TLT,VNQ,-0.10896212571895944,-0.3855705387163841,-0.27660841299742467,Correlation decreased
vix_quotes.close_trailing_252d_quantile,0.975,panel_a_cross_asset,pearson,SHY,DBC,-0.07607088619563866,-0.38114999465599586,-0.3050791084603572,Correlation decreased
vix_quotes.close_trailing_252d_quantile,0.975,panel_a_cross_asset,pearson,TLT,AGG,0.8055752063355601,0.46512037510348136,-0.34045483123207876,Correlation decreased
vix_quotes.close_trailing_252d_quantile,0.975,panel_a_cross_asset,pearson,SHY,HYG,0.03759019350430143,-0.32443645848437225,-0.3620266519886737,Correlation decreased
vix_quotes.close_trailing_252d_quantile,0.975,panel_a_cross_asset,pearson,SHY,AGG,0.7086889960404085,0.27694998275119886,-0.4317390132892096,Correlation decreased
vix_quotes.close_trailing_252d_quantile,0.975,panel_b_international_equity,pearson,EWU,EWJ,0.6670422951200132,0.8556663167685489,0.18862402164853564,Moderate breakdown
vix_quotes.close_trailing_252d_quantile,0.975,panel_b_international_equity,pearson,EWG,EWJ,0.6776752232937192,0.8628777034702206,0.18520248017650143,Moderate breakdown
vix_quotes.close_trailing_252d_quantile,0.975,panel_b_international_equity,pearson,SPY,EWJ,0.6978092688626979,0.8735601048466165,0.1757508359839186,Moderate breakdown
vix_quotes.close_trailing_252d_quantile,0.975,panel_b_international_equity,pearson,EEM,EWJ,0.6885023859830801,0.8555309885816202,0.16702860259854013,Moderate breakdown
vix_quotes.close_trailing_252d_quantile,0.975,panel_b_international_equity,pearson,EEM,EWU,0.7748729702629076,0.8969288720735976,0.12205590181069004,Moderate breakdown
vix_quotes.close_trailing_252d_quantile,0.975,panel_b_international_equity,pearson,EEM,EWG,0.7672724824368893,0.880128760287181,0.11285627785029173,Moderate breakdown
vix_quotes.close_trailing_252d_quantile,0.975,panel_b_international_equity,pearson,SPY,EWU,0.7890402357476082,0.9001255015629948,0.11108526581538658,Moderate breakdown
vix_quotes.close_trailing_252d_quantile,0.975,panel_b_international_equity,pearson,EFA,EWJ,0.8144468646602048,0.9228258610497269,0.10837899638952209,Moderate breakdown
vix_quotes.close_trailing_252d_quantile,0.975,panel_b_international_equity,pearson,SPY,EWG,0.7921611735908137,0.8872786307413167,0.09511745715050302,Small increase
vix_quotes.close_trailing_252d_quantile,0.975,panel_b_international_equity,pearson,SPY,EEM,0.7855566779635161,0.8750179913224087,0.08946131335889251,Small increase
vix_quotes.close_trailing_252d_quantile,0.975,panel_b_international_equity,pearson,EFA,EEM,0.8404926946365905,0.9285549772643024,0.08806228262771187,Small increase
vix_quotes.close_trailing_252d_quantile,0.975,panel_b_international_equity,pearson,EWG,EWU,0.8421566668626331,0.9269049452271065,0.0847482783644734,Small increase
vix_quotes.close_trailing_252d_quantile,0.975,panel_b_international_equity,pearson,SPY,EFA,0.8551477127921671,0.9322996563501881,0.07715194355802102,Small increase
vix_quotes.close_trailing_252d_quantile,0.975,panel_b_international_equity,pearson,EFA,EWU,0.914806430576032,0.9682633600105843,0.05345692943455238,Small increase
vix_quotes.close_trailing_252d_quantile,0.975,panel_b_international_equity,pearson,EFA,EWG,0.9250281382097965,0.956960112368837,0.03193197415904059,Small increase
vix_quotes.close_trailing_252d_quantile,0.975,etf_assets,pearson,USO,VNQ,0.18234285321718438,0.4710766786916836,0.2887338254744992,Strong breakdown
vix_quotes.close_trailing_252d_quantile,0.975,etf_assets,pearson,SPY,USO,0.31179623222895947,0.552370267194579,0.24057403496561958,Moderate breakdown
vix_quotes.close_trailing_252d_quantile,0.975,etf_assets,pearson,EWJ,HYG,0.4770251903917033,0.7018232820400663,0.22479809164836295,Moderate breakdown
vix_quotes.close_trailing_252d_quantile,0.975,etf_assets,pearson,EWU,USO,0.3683975916098086,0.58566675389645,0.21726916228664134,Moderate breakdown
vix_quotes.close_trailing_252d_quantile,0.975,etf_assets,pearson,HYG,USO,0.25073079347805716,0.45795386728885845,0.2072230738108013,Moderate breakdown
vix_quotes.close_trailing_252d_quantile,0.975,etf_assets,pearson,AGG,DBC,-0.08014721271917524,0.12558981771484443,0.20573703043401967,Moderate breakdown
vix_quotes.close_trailing_252d_quantile,0.975,etf_assets,pearson,AGG,USO,-0.11271266339524282,0.08935855433544501,0.2020712177306878,Moderate breakdown
vix_quotes.close_trailing_252d_quantile,0.975,etf_assets,pearson,DBC,SPY,0.37176814103915534,0.5693376333829576,0.19756949234380228,Moderate breakdown
vix_quotes.close_trailing_252d_quantile,0.975,etf_assets,pearson,DBC,VNQ,0.24061539580007962,0.43365796063372,0.19304256483364035,Moderate breakdown
vix_quotes.close_trailing_252d_quantile,0.975,etf_assets,pearson,EFA,USO,0.342344762799702,0.5352359988460742,0.1928912360463722,Moderate breakdown
vix_quotes.close_trailing_252d_quantile,0.975,etf_assets,pearson,DBC,HYG,0.3182817987791402,0.5081825907401936,0.18990079196105336,Moderate breakdown
vix_quotes.close_trailing_252d_quantile,0.975,etf_assets,pearson,EWJ,USO,0.2444153604569602,0.42796989391233364,0.18355453345537345,Moderate breakdown
vix_quotes.close_trailing_252d_quantile,0.975,etf_assets,pearson,EWJ,VNQ,0.5322694031998003,0.7139975850414962,0.18172818184169592,Moderate breakdown
vix_quotes.close_trailing_252d_quantile,0.975,etf_assets,pearson,EWU,HYG,0.5751607950472143,0.7490204832566231,0.17385968820940878,Moderate breakdown
vix_quotes.close_trailing_252d_quantile,0.975,etf_assets,pearson,DBC,EWJ,0.31722808788816675,0.4891171912759382,0.17188910338777147,Moderate breakdown
vix_quotes.close_trailing_252d_quantile,0.975,etf_assets,pearson,EWG,USO,0.30861672252973393,0.4791167737035419,0.17050005117380795,Moderate breakdown
vix_quotes.close_trailing_252d_quantile,0.975,etf_assets,pearson,EEM,VNQ,0.6261841666035618,0.7950326329591902,0.16884846635562845,Moderate breakdown
vix_quotes.close_trailing_252d_quantile,0.975,etf_assets,pearson,AGG,HYG,0.1767022554598753,0.3421854712897888,0.16548321582991352,Moderate breakdown
vix_quotes.close_trailing_252d_quantile,0.975,etf_assets,pearson,EEM,EWJ,0.6952207826969201,0.8598882120486183,0.1646674293516982,Moderate breakdown
vix_quotes.close_trailing_252d_quantile,0.975,etf_assets,pearson,EWG,EWJ,0.7002166442980586,0.8647897354350591,0.16457309113700047,Moderate breakdown
vix_quotes.close_trailing_252d_quantile,0.975,etf_assets,pearson,EWU,VNQ,0.6250518539029977,0.7872641360819878,0.16221228217899009,Moderate breakdown
vix_quotes.close_trailing_252d_quantile,0.975,etf_assets,pearson,EWJ,EWU,0.6973551236490059,0.8595035757297741,0.16214845208076822,Moderate breakdown
vix_quotes.close_trailing_252d_quantile,0.975,etf_assets,pearson,EWJ,SPY,0.7228176132477846,0.8817804664432105,0.1589628531954259,Moderate breakdown
vix_quotes.close_trailing_252d_quantile,0.975,etf_assets,pearson,DBC,EWU,0.44700906012963754,0.6056375849880202,0.1586285248583827,Moderate breakdown
vix_quotes.close_trailing_252d_quantile,0.975,etf_assets,pearson,AGG,EWU,-0.044929440547199606,0.10712170282305275,0.15205114337025236,Moderate breakdown
vix_quotes.close_trailing_252d_quantile,0.975,etf_assets,pearson,AGG,EFA,-0.02328794925608663,0.12830351997262052,0.15159146922870714,Moderate breakdown
vix_quotes.close_trailing_252d_quantile,0.975,etf_assets,pearson,EFA,HYG,0.6095520129317342,0.7607330037144278,0.15118099078269354,Moderate breakdown
vix_quotes.close_trailing_252d_quantile,0.975,etf_assets,pearson,EEM,USO,0.35473566013744545,0.5015604885559992,0.14682482841855377,Moderate breakdown
vix_quotes.close_trailing_252d_quantile,0.975,etf_assets,pearson,EWG,VNQ,0.6003843107005108,0.7460745756673328,0.14569026496682203,Moderate breakdown
vix_quotes.close_trailing_252d_quantile,0.975,etf_assets,pearson,DBC,EFA,0.4334613565496735,0.5740266954470833,0.1405653388974098,Moderate breakdown
vix_quotes.close_trailing_252d_quantile,0.975,etf_assets,pearson,EEM,HYG,0.556324419339144,0.695835374234518,0.13951095489537402,Moderate breakdown
vix_quotes.close_trailing_252d_quantile,0.975,etf_assets,pearson,AGG,EWG,-0.031164940605972184,0.10824441249894447,0.13940935310491664,Moderate breakdown
vix_quotes.close_trailing_252d_quantile,0.975,etf_assets,pearson,AGG,SPY,-0.05899144615599732,0.07941754014854444,0.13840898630454176,Moderate breakdown
vix_quotes.close_trailing_252d_quantile,0.975,etf_assets,pearson,EFA,VNQ,0.6598216632499224,0.7933219697564263,0.1335003065065039,Moderate breakdown
vix_quotes.close_trailing_252d_quantile,0.975,etf_assets,pearson,DBC,EEM,0.4364680607347201,0.556107642993353,0.11963958225863291,Moderate breakdown
vix_quotes.close_trailing_252d_quantile,0.975,etf_assets,pearson,SPY,VNQ,0.7255567603528374,0.8430335753502624,0.1174768149974249,Moderate breakdown
vix_quotes.close_trailing_252d_quantile,0.975,etf_assets,pearson,AGG,EWJ,0.014737216353159053,0.13025459718265872,0.11551738082949967,Moderate breakdown
vix_quotes.close_trailing_252d_quantile,0.975,etf_assets,pearson,EEM,EWU,0.7979385733337004,0.9019496089045258,0.10401103557082536,Moderate breakdown
vix_quotes.close_trailing_252d_quantile,0.975,etf_assets,pearson,HYG,SPY,0.6408807509685487,0.744725974610398,0.10384522364184934,Moderate breakdown
vix_quotes.close_trailing_252d_quantile,0.975,etf_assets,pearson,DBC,EWG,0.3972235811027284,0.4995033818589231,0.10227980075619475,Moderate breakdown
vix_quotes.close_trailing_252d_quantile,0.975,etf_assets,pearson,EEM,EWG,0.782545343875588,0.8832948441107493,0.10074950023516127,Moderate breakdown
vix_quotes.close_trailing_252d_quantile,0.975,etf_assets,pearson,EWU,SPY,0.8033121531479779,0.9020019574170584,0.09868980426908047,Small increase
vix_quotes.close_trailing_252d_quantile,0.975,etf_assets,pearson,EFA,EWJ,0.8297185861628457,0.924682025431879,0.09496343926903339,Small increase
vix_quotes.close_trailing_252d_quantile,0.975,etf_assets,pearson,EWG,HYG,0.5845660238356504,0.6791966607848539,0.09463063694920348,Small increase
vix_quotes.close_trailing_252d_quantile,0.975,etf_assets,pearson,AGG,EEM,-0.056814604671710456,0.03369484998506761,0.09050945465677807,Small increase
vix_quotes.close_trailing_252d_quantile,0.975,etf_assets,pearson,EWG,SPY,0.802242650234703,0.8900713772628505,0.08782872702814748,Small increase
vix_quotes.close_trailing_252d_quantile,0.975,etf_assets,pearson,HYG,VNQ,0.5077877955469253,0.5909020581199191,0.08311426257299381,Small increase
vix_quotes.close_trailing_252d_quantile,0.975,etf_assets,pearson,EEM,SPY,0.7995826024456919,0.8805502277117362,0.08096762526604429,Small increase
vix_quotes.close_trailing_252d_quantile,0.975,etf_assets,pearson,EEM,EFA,0.8529531779557568,0.9329975040155806,0.08004432605982381,Small increase
vix_quotes.close_trailing_252d_quantile,0.975,etf_assets,pearson,EFA,SPY,0.8643089356904712,0.9355692295174551,0.07126029382698396,Small increase
vix_quotes.close_trailing_252d_quantile,0.975,etf_assets,pearson,EWG,EWU,0.856750105364837,0.9274456510028968,0.0706955456380598,Small increase
vix_quotes.close_trailing_252d_quantile,0.975,etf_assets,pearson,EFA,EWU,0.9268735226702443,0.9689465038887762,0.04207298121853198,Small increase
vix_quotes.close_trailing_252d_quantile,0.975,etf_assets,pearson,SHY,TLT,0.5601286584455701,0.5918617799328177,0.031733121487247606,Small increase
vix_quotes.close_trailing_252d_quantile,0.975,etf_assets,pearson,EFA,EWG,0.9350876032096774,0.9571903572641512,0.022102754054473817,Small increase
vix_quotes.close_trailing_252d_quantile,0.975,etf_assets,pearson,DBC,USO,0.8471698042799696,0.8561130288229243,0.008943224542954709,Small increase
vix_quotes.close_trailing_252d_quantile,0.975,etf_assets,pearson,GLD,TLT,0.1756106178536915,0.1612079479888908,-0.01440266986480071,Correlation decreased
vix_quotes.close_trailing_252d_quantile,0.975,etf_assets,pearson,AGG,GLD,0.23614329622498142,0.19747279621991387,-0.038670500005067554,Correlation decreased
vix_quotes.close_trailing_252d_quantile,0.975,etf_assets,pearson,AGG,VNQ,0.03155270252094974,-0.0555234999644327,-0.08707620248538243,Correlation decreased
vix_quotes.close_trailing_252d_quantile,0.975,etf_assets,pearson,TLT,USO,-0.22432152176097447,-0.31212447205919003,-0.08780295029821555,Correlation decreased
vix_quotes.close_trailing_252d_quantile,0.975,etf_assets,pearson,DBC,TLT,-0.2118836912638094,-0.31007366594283675,-0.09818997467902735,Correlation decreased
vix_quotes.close_trailing_252d_quantile,0.975,etf_assets,pearson,GLD,USO,0.1959904949641285,0.09127986468109373,-0.10471063028303476,Correlation decreased
vix_quotes.close_trailing_252d_quantile,0.975,etf_assets,pearson,DBC,GLD,0.3662239032888445,0.25799022257615567,-0.10823368071268885,Correlation decreased
vix_quotes.close_trailing_252d_quantile,0.975,etf_assets,pearson,GLD,SHY,0.2451472401647917,0.116221647390302,-0.1289255927744897,Correlation decreased
vix_quotes.close_trailing_252d_quantile,0.975,etf_assets,pearson,GLD,SPY,0.08011567191413062,-0.06372516772481734,-0.14384083963894795,Correlation decreased
vix_quotes.close_trailing_252d_quantile,0.975,etf_assets,pearson,EWJ,GLD,0.13063157703553438,-0.024146415680162955,-0.15477799271569734,Correlation decreased
vix_quotes.close_trailing_252d_quantile,0.975,etf_assets,pearson,EWG,TLT,-0.26519098343595254,-0.42428021725874104,-0.1590892338227885,Correlation decreased
vix_quotes.close_trailing_252d_quantile,0.975,etf_assets,pearson,EWU,TLT,-0.27472131773180974,-0.44740374974816033,-0.17268243201635058,Correlation decreased
vix_quotes.close_trailing_252d_quantile,0.975,etf_assets,pearson,GLD,HYG,0.09088256406127974,-0.09015881747062424,-0.18104138153190397,Correlation decreased
vix_quotes.close_trailing_252d_quantile,0.975,etf_assets,pearson,EWG,GLD,0.1811634283994259,-0.0009098839453267796,-0.18207331234475269,Correlation decreased
vix_quotes.close_trailing_252d_quantile,0.975,etf_assets,pearson,EEM,TLT,-0.24277350321520352,-0.4268658566317592,-0.18409235341655567,Correlation decreased
vix_quotes.close_trailing_252d_quantile,0.975,etf_assets,pearson,EFA,TLT,-0.25967831205299213,-0.4489268567826162,-0.18924854472962405,Correlation decreased
vix_quotes.close_trailing_252d_quantile,0.975,etf_assets,pearson,SPY,TLT,-0.27651318444126477,-0.46600697854126577,-0.189493794100001,Correlation decreased
vix_quotes.close_trailing_252d_quantile,0.975,etf_assets,pearson,EWU,GLD,0.1834967250289522,-0.012405422874094667,-0.19590214790304686,Correlation decreased
vix_quotes.close_trailing_252d_quantile,0.975,etf_assets,pearson,EWJ,TLT,-0.16928149037970858,-0.37112648427144895,-0.20184499389174038,Correlation decreased
vix_quotes.close_trailing_252d_quantile,0.975,etf_assets,pearson,GLD,VNQ,0.09286945319415245,-0.12041447002322435,-0.2132839232173768,Correlation decreased
vix_quotes.close_trailing_252d_quantile,0.975,etf_assets,pearson,EFA,GLD,0.19432149658178655,-0.02648060630257542,-0.22080210288436197,Correlation decreased
vix_quotes.close_trailing_252d_quantile,0.975,etf_assets,pearson,EEM,GLD,0.21182765582799348,-0.014706295099792278,-0.22653395092778575,Correlation decreased
vix_quotes.close_trailing_252d_quantile,0.975,etf_assets,pearson,HYG,TLT,-0.07522284081578104,-0.31003986435717573,-0.2348170235413947,Correlation decreased
vix_quotes.close_trailing_252d_quantile,0.975,etf_assets,pearson,SHY,VNQ,-0.08818291683257098,-0.3266433876473383,-0.23846047081476732,Correlation decreased
vix_quotes.close_trailing_252d_quantile,0.975,etf_assets,pearson,SHY,USO,-0.09786103722920374,-0.34320751138879835,-0.2453464741595946,Correlation decreased
vix_quotes.close_trailing_252d_quantile,0.975,etf_assets,pearson,SHY,SPY,-0.17749516241762045,-0.4449390810868226,-0.26744391866920214,Correlation decreased
vix_quotes.close_trailing_252d_quantile,0.975,etf_assets,pearson,TLT,VNQ,-0.10896212571895944,-0.3855705387163841,-0.27660841299742467,Correlation decreased
vix_quotes.close_trailing_252d_quantile,0.975,etf_assets,pearson,EWU,SHY,-0.13651982887620961,-0.438828289552658,-0.3023084606764484,Correlation decreased
vix_quotes.close_trailing_252d_quantile,0.975,etf_assets,pearson,DBC,SHY,-0.07607088619563868,-0.3811499946559959,-0.30507910846035724,Correlation decreased
vix_quotes.close_trailing_252d_quantile,0.975,etf_assets,pearson,EWG,SHY,-0.11836046023631773,-0.4281433721934418,-0.30978291195712404,Correlation decreased
vix_quotes.close_trailing_252d_quantile,0.975,etf_assets,pearson,EFA,SHY,-0.1261705539893502,-0.4614633368675202,-0.33529278287817,Correlation decreased
vix_quotes.close_trailing_252d_quantile,0.975,etf_assets,pearson,EEM,SHY,-0.1598125819278615,-0.49859883774875985,-0.3387862558208984,Correlation decreased
vix_quotes.close_trailing_252d_quantile,0.975,etf_assets,pearson,AGG,TLT,0.8055752063355601,0.46512037510348136,-0.34045483123207876,Correlation decreased
vix_quotes.close_trailing_252d_quantile,0.975,etf_assets,pearson,EWJ,SHY,-0.07442748556891278,-0.41792351441701237,-0.3434960288480996,Correlation decreased
vix_quotes.close_trailing_252d_quantile,0.975,etf_assets,pearson,HYG,SHY,0.03759019350430141,-0.32443645848437225,-0.3620266519886737,Correlation decreased
vix_quotes.close_trailing_252d_quantile,0.975,etf_assets,pearson,AGG,SHY,0.7086889960404085,0.27694998275119886,-0.4317390132892096,Correlation decreased
vix_quotes.close_trailing_252d_quantile,0.99,panel_a_cross_asset,pearson,USO,VNQ,0.18814190689756194,0.5204449046550846,0.3323029977575227,Strong breakdown
vix_quotes.close_trailing_252d_quantile,0.99,panel_a_cross_asset,pearson,HYG,USO,0.24427481907089388,0.5440443690395458,0.2997695499686519,Strong breakdown
vix_quotes.close_trailing_252d_quantile,0.99,panel_a_cross_asset,pearson,SPY,USO,0.3156143172136002,0.6139343423693916,0.29832002515579137,Strong breakdown
vix_quotes.close_trailing_252d_quantile,0.99,panel_a_cross_asset,pearson,DBC,VNQ,0.2439798072960347,0.46498309513237635,0.22100328783634166,Moderate breakdown
vix_quotes.close_trailing_252d_quantile,0.99,panel_a_cross_asset,pearson,SPY,DBC,0.37798177106919056,0.5932790049601161,0.21529723389092553,Moderate breakdown
vix_quotes.close_trailing_252d_quantile,0.99,panel_a_cross_asset,pearson,AGG,USO,-0.10173976562071929,0.08543365686515196,0.18717342248587127,Moderate breakdown
vix_quotes.close_trailing_252d_quantile,0.99,panel_a_cross_asset,pearson,HYG,DBC,0.3280452394019996,0.5039255971129881,0.17588035771098853,Moderate breakdown
vix_quotes.close_trailing_252d_quantile,0.99,panel_a_cross_asset,pearson,SPY,VNQ,0.7244320645657588,0.8701694024297969,0.14573733786403809,Moderate breakdown
vix_quotes.close_trailing_252d_quantile,0.99,panel_a_cross_asset,pearson,HYG,VNQ,0.4954227973185196,0.6199631331727492,0.12454033585422958,Moderate breakdown
vix_quotes.close_trailing_252d_quantile,0.99,panel_a_cross_asset,pearson,AGG,DBC,-0.05432861263385838,0.03970233791953845,0.09403095055339683,Small increase
vix_quotes.close_trailing_252d_quantile,0.99,panel_a_cross_asset,pearson,SPY,HYG,0.6544086105607229,0.7279717283477826,0.0735631177870597,Small increase
vix_quotes.close_trailing_252d_quantile,0.99,panel_a_cross_asset,pearson,AGG,HYG,0.21571826581885364,0.2626725743084768,0.04695430848962315,Small increase
vix_quotes.close_trailing_252d_quantile,0.99,panel_a_cross_asset,pearson,SHY,TLT,0.5623448273894031,0.6013185253996858,0.03897369801028272,Small increase
vix_quotes.close_trailing_252d_quantile,0.99,panel_a_cross_asset,pearson,TLT,GLD,0.17061097240941914,0.19609572310475754,0.0254847506953384,Small increase
vix_quotes.close_trailing_252d_quantile,0.99,panel_a_cross_asset,pearson,DBC,USO,0.8458057184800177,0.8672254209074429,0.02141970242742519,Small increase
vix_quotes.close_trailing_252d_quantile,0.99,panel_a_cross_asset,pearson,AGG,GLD,0.221123041479944,0.24244699184010868,0.021323950360164684,Small increase
vix_quotes.close_trailing_252d_quantile,0.99,panel_a_cross_asset,pearson,SPY,AGG,-0.03169914901292037,-0.01965266465089019,0.01204648436203018,Small increase
vix_quotes.close_trailing_252d_quantile,0.99,panel_a_cross_asset,pearson,SHY,GLD,0.23427667453039447,0.16666282300297103,-0.06761385152742344,Correlation decreased
vix_quotes.close_trailing_252d_quantile,0.99,panel_a_cross_asset,pearson,GLD,USO,0.18867182520009135,0.08231268182324246,-0.10635914337684889,Correlation decreased
vix_quotes.close_trailing_252d_quantile,0.99,panel_a_cross_asset,pearson,GLD,DBC,0.3595295350491105,0.24466689481892792,-0.11486264023018258,Correlation decreased
vix_quotes.close_trailing_252d_quantile,0.99,panel_a_cross_asset,pearson,TLT,USO,-0.2272388108617586,-0.3492428239851254,-0.12200401312336681,Correlation decreased
vix_quotes.close_trailing_252d_quantile,0.99,panel_a_cross_asset,pearson,AGG,VNQ,0.023719738806134857,-0.10725417467486094,-0.1309739134809958,Correlation decreased
vix_quotes.close_trailing_252d_quantile,0.99,panel_a_cross_asset,pearson,TLT,DBC,-0.21185872568983197,-0.3893600901271262,-0.17750136443729422,Correlation decreased
vix_quotes.close_trailing_252d_quantile,0.99,panel_a_cross_asset,pearson,SHY,VNQ,-0.1001170796205725,-0.29315132751722495,-0.19303424789665247,Correlation decreased
vix_quotes.close_trailing_252d_quantile,0.99,panel_a_cross_asset,pearson,SPY,SHY,-0.19585158400731123,-0.4126904423279439,-0.21683885832063265,Correlation decreased
vix_quotes.close_trailing_252d_quantile,0.99,panel_a_cross_asset,pearson,HYG,GLD,0.08262915852577477,-0.17341848947823696,-0.2560476480040117,Correlation decreased
vix_quotes.close_trailing_252d_quantile,0.99,panel_a_cross_asset,pearson,TLT,HYG,-0.09362187430564665,-0.35042878656167603,-0.25680691225602936,Correlation decreased
vix_quotes.close_trailing_252d_quantile,0.99,panel_a_cross_asset,pearson,SPY,TLT,-0.28478850551598295,-0.5500406629656335,-0.2652521574496505,Correlation decreased
vix_quotes.close_trailing_252d_quantile,0.99,panel_a_cross_asset,pearson,SPY,GLD,0.0809216484044324,-0.18614292395835566,-0.2670645723627881,Correlation decreased
vix_quotes.close_trailing_252d_quantile,0.99,panel_a_cross_asset,pearson,SHY,USO,-0.10310352142203372,-0.37505352674347486,-0.27195000532144115,Correlation decreased
vix_quotes.close_trailing_252d_quantile,0.99,panel_a_cross_asset,pearson,TLT,AGG,0.7694005353628821,0.48139277211726433,-0.2880077632456178,Correlation decreased
vix_quotes.close_trailing_252d_quantile,0.99,panel_a_cross_asset,pearson,TLT,VNQ,-0.12377791777389145,-0.42322981275669697,-0.2994518949828055,Correlation decreased
vix_quotes.close_trailing_252d_quantile,0.99,panel_a_cross_asset,pearson,GLD,VNQ,0.09297789337063474,-0.23726766250403047,-0.3302455558746652,Correlation decreased
vix_quotes.close_trailing_252d_quantile,0.99,panel_a_cross_asset,pearson,SHY,DBC,-0.08510875634892008,-0.4179444690771616,-0.33283571272824153,Correlation decreased
vix_quotes.close_trailing_252d_quantile,0.99,panel_a_cross_asset,pearson,SHY,HYG,0.011913726795201288,-0.3252671722862885,-0.3371808990814898,Correlation decreased
vix_quotes.close_trailing_252d_quantile,0.99,panel_a_cross_asset,pearson,SHY,AGG,0.6697212521172169,0.31499536969199005,-0.35472588242522685,Correlation decreased
vix_quotes.close_trailing_252d_quantile,0.99,panel_b_international_equity,pearson,EWU,EWJ,0.6794091625411712,0.857867532451469,0.17845836991029773,Moderate breakdown
vix_quotes.close_trailing_252d_quantile,0.99,panel_b_international_equity,pearson,EWG,EWJ,0.6903582212496074,0.855650703150068,0.16529248190046053,Moderate breakdown
vix_quotes.close_trailing_252d_quantile,0.99,panel_b_international_equity,pearson,SPY,EWJ,0.7115684774379408,0.8656192193001128,0.15405074186217194,Moderate breakdown
vix_quotes.close_trailing_252d_quantile,0.99,panel_b_international_equity,pearson,EEM,EWJ,0.7019825479379106,0.8433931074146519,0.1414105594767413,Moderate breakdown
vix_quotes.close_trailing_252d_quantile,0.99,panel_b_international_equity,pearson,EEM,EWU,0.7825532510625559,0.9059576251676387,0.12340437410508276,Moderate breakdown
vix_quotes.close_trailing_252d_quantile,0.99,panel_b_international_equity,pearson,SPY,EWU,0.7958401806169801,0.9079009065210675,0.11206072590408733,Moderate breakdown
vix_quotes.close_trailing_252d_quantile,0.99,panel_b_international_equity,pearson,EEM,EWG,0.773704470873059,0.8837998611869603,0.11009539031390125,Moderate breakdown
vix_quotes.close_trailing_252d_quantile,0.99,panel_b_international_equity,pearson,SPY,EWG,0.7952019606651567,0.8951218131399767,0.09991985247482005,Small increase
vix_quotes.close_trailing_252d_quantile,0.99,panel_b_international_equity,pearson,EFA,EWJ,0.8222454247109043,0.9201214489526918,0.09787602424178743,Small increase
vix_quotes.close_trailing_252d_quantile,0.99,panel_b_international_equity,pearson,SPY,EEM,0.7912801629116225,0.8820465170831632,0.09076635417154066,Small increase
vix_quotes.close_trailing_252d_quantile,0.99,panel_b_international_equity,pearson,EWG,EWU,0.8469057388120897,0.9313704206261986,0.08446468181410882,Small increase
vix_quotes.close_trailing_252d_quantile,0.99,panel_b_international_equity,pearson,EFA,EEM,0.8480798800515531,0.9267955757830593,0.07871569573150616,Small increase
vix_quotes.close_trailing_252d_quantile,0.99,panel_b_international_equity,pearson,SPY,EFA,0.8608626839400416,0.9347717529436327,0.07390906900359107,Small increase
vix_quotes.close_trailing_252d_quantile,0.99,panel_b_international_equity,pearson,EFA,EWU,0.9181354406501108,0.9721741170073208,0.05403867635721005,Small increase
vix_quotes.close_trailing_252d_quantile,0.99,panel_b_international_equity,pearson,EFA,EWG,0.9262796624597135,0.9575237294656348,0.031244067005921305,Small increase
vix_quotes.close_trailing_252d_quantile,0.99,etf_assets,pearson,USO,VNQ,0.18814190689756194,0.5204449046550846,0.3323029977575227,Strong breakdown
vix_quotes.close_trailing_252d_quantile,0.99,etf_assets,pearson,HYG,USO,0.24427481907089388,0.5440443690395458,0.2997695499686519,Strong breakdown
vix_quotes.close_trailing_252d_quantile,0.99,etf_assets,pearson,SPY,USO,0.3156143172136002,0.6139343423693916,0.29832002515579137,Strong breakdown
vix_quotes.close_trailing_252d_quantile,0.99,etf_assets,pearson,EWU,USO,0.3704887131776638,0.6423660598992115,0.2718773467215477,Strong breakdown
vix_quotes.close_trailing_252d_quantile,0.99,etf_assets,pearson,EWG,USO,0.30274844538453977,0.5655280947336422,0.2627796493491024,Strong breakdown
vix_quotes.close_trailing_252d_quantile,0.99,etf_assets,pearson,EFA,USO,0.3417570817940676,0.5925368898760692,0.2507798080820016,Strong breakdown
vix_quotes.close_trailing_252d_quantile,0.99,etf_assets,pearson,EWJ,USO,0.2448818443799598,0.4720168277474563,0.2271349833674965,Moderate breakdown
vix_quotes.close_trailing_252d_quantile,0.99,etf_assets,pearson,DBC,VNQ,0.2439798072960347,0.46498309513237635,0.22100328783634166,Moderate breakdown
vix_quotes.close_trailing_252d_quantile,0.99,etf_assets,pearson,EWJ,VNQ,0.5349946335154199,0.750807188742756,0.2158125552273361,Moderate breakdown
vix_quotes.close_trailing_252d_quantile,0.99,etf_assets,pearson,DBC,SPY,0.37798177106919056,0.5932790049601161,0.21529723389092553,Moderate breakdown
vix_quotes.close_trailing_252d_quantile,0.99,etf_assets,pearson,EEM,VNQ,0.6261516965396297,0.8411573052220701,0.21500560868244045,Moderate breakdown
vix_quotes.close_trailing_252d_quantile,0.99,etf_assets,pearson,EWU,VNQ,0.6264501318796638,0.8230787654017813,0.19662863352211746,Moderate breakdown
vix_quotes.close_trailing_252d_quantile,0.99,etf_assets,pearson,EEM,USO,0.3529879554683834,0.5425817405548188,0.18959378508643537,Moderate breakdown
vix_quotes.close_trailing_252d_quantile,0.99,etf_assets,pearson,EWG,VNQ,0.6002524624550535,0.7879872878651221,0.18773482541006858,Moderate breakdown
vix_quotes.close_trailing_252d_quantile,0.99,etf_assets,pearson,AGG,USO,-0.10173976562071929,0.08543365686515196,0.18717342248587127,Moderate breakdown
vix_quotes.close_trailing_252d_quantile,0.99,etf_assets,pearson,DBC,HYG,0.3280452394019996,0.503925597112988,0.17588035771098842,Moderate breakdown
vix_quotes.close_trailing_252d_quantile,0.99,etf_assets,pearson,DBC,EWU,0.45151068785109244,0.6233320455214102,0.17182135767031775,Moderate breakdown
vix_quotes.close_trailing_252d_quantile,0.99,etf_assets,pearson,EWJ,HYG,0.5028070761970583,0.6708467091416195,0.16803963294456115,Moderate breakdown
vix_quotes.close_trailing_252d_quantile,0.99,etf_assets,pearson,EFA,VNQ,0.6594374449975092,0.8258693775194983,0.16643193252198907,Moderate breakdown
vix_quotes.close_trailing_252d_quantile,0.99,etf_assets,pearson,DBC,EWJ,0.3235258704863769,0.4897772412058144,0.16625137071943752,Moderate breakdown
vix_quotes.close_trailing_252d_quantile,0.99,etf_assets,pearson,EWU,HYG,0.588031440629655,0.7459745423828431,0.15794310175318815,Moderate breakdown
vix_quotes.close_trailing_252d_quantile,0.99,etf_assets,pearson,DBC,EFA,0.43573152576660995,0.591993080774541,0.1562615550079311,Moderate breakdown
vix_quotes.close_trailing_252d_quantile,0.99,etf_assets,pearson,EWJ,EWU,0.7083500433126523,0.8623049617198236,0.15395491840717135,Moderate breakdown
vix_quotes.close_trailing_252d_quantile,0.99,etf_assets,pearson,DBC,EWG,0.3927173100617001,0.5455511936183368,0.15283388355663674,Moderate breakdown
vix_quotes.close_trailing_252d_quantile,0.99,etf_assets,pearson,EWG,EWJ,0.7121501985119888,0.8583826123346584,0.1462324138226696,Moderate breakdown
vix_quotes.close_trailing_252d_quantile,0.99,etf_assets,pearson,SPY,VNQ,0.7244320645657588,0.8701694024297969,0.14573733786403809,Moderate breakdown
vix_quotes.close_trailing_252d_quantile,0.99,etf_assets,pearson,EWJ,SPY,0.7367339854803676,0.8759316168224752,0.1391976313421076,Moderate breakdown
vix_quotes.close_trailing_252d_quantile,0.99,etf_assets,pearson,EEM,HYG,0.5645793831793119,0.7027787258869458,0.1381993427076339,Moderate breakdown
vix_quotes.close_trailing_252d_quantile,0.99,etf_assets,pearson,EEM,EWJ,0.7106800924958482,0.8456950775995176,0.13501498510366938,Moderate breakdown
vix_quotes.close_trailing_252d_quantile,0.99,etf_assets,pearson,DBC,EEM,0.4380320798240678,0.566478363129021,0.12844628330495322,Moderate breakdown
vix_quotes.close_trailing_252d_quantile,0.99,etf_assets,pearson,EFA,HYG,0.6239104313152083,0.7492651038293014,0.12535467251409316,Moderate breakdown
vix_quotes.close_trailing_252d_quantile,0.99,etf_assets,pearson,HYG,VNQ,0.4954227973185196,0.6199631331727492,0.12454033585422958,Moderate breakdown
vix_quotes.close_trailing_252d_quantile,0.99,etf_assets,pearson,EEM,EWU,0.8032610011667355,0.913293116543433,0.11003211537669755,Moderate breakdown
vix_quotes.close_trailing_252d_quantile,0.99,etf_assets,pearson,EWU,SPY,0.8085756037878741,0.9099754741402251,0.10139987035235098,Moderate breakdown
vix_quotes.close_trailing_252d_quantile,0.99,etf_assets,pearson,EEM,EWG,0.787581031434978,0.8884418536580613,0.10086082222308324,Moderate breakdown
vix_quotes.close_trailing_252d_quantile,0.99,etf_assets,pearson,EWG,SPY,0.8042890424203213,0.898341617145279,0.09405257472495776,Small increase
vix_quotes.close_trailing_252d_quantile,0.99,etf_assets,pearson,AGG,DBC,-0.05432861263385838,0.03970233791953845,0.09403095055339683,Small increase
vix_quotes.close_trailing_252d_quantile,0.99,etf_assets,pearson,EWG,HYG,0.5842868454169519,0.6773021423732493,0.0930152969562974,Small increase
vix_quotes.close_trailing_252d_quantile,0.99,etf_assets,pearson,EFA,EWJ,0.8373087392459582,0.9224491132542532,0.085140374008295,Small increase
vix_quotes.close_trailing_252d_quantile,0.99,etf_assets,pearson,EEM,SPY,0.8039712986950079,0.8887427690154187,0.08477147032041077,Small increase
vix_quotes.close_trailing_252d_quantile,0.99,etf_assets,pearson,HYG,SPY,0.6544086105607229,0.7279717283477825,0.0735631177870596,Small increase
vix_quotes.close_trailing_252d_quantile,0.99,etf_assets,pearson,EEM,EFA,0.8597760601266705,0.9319529717898793,0.07217691166320883,Small increase
vix_quotes.close_trailing_252d_quantile,0.99,etf_assets,pearson,EWG,EWU,0.8603966527397869,0.9313361401226321,0.07093948738284517,Small increase
vix_quotes.close_trailing_252d_quantile,0.99,etf_assets,pearson,EFA,SPY,0.8692686242169961,0.9384972502403086,0.06922862602331248,Small increase
vix_quotes.close_trailing_252d_quantile,0.99,etf_assets,pearson,AGG,HYG,0.21571826581885364,0.2626725743084768,0.04695430848962315,Small increase
vix_quotes.close_trailing_252d_quantile,0.99,etf_assets,pearson,EFA,EWU,0.9292058222648546,0.9723676024626239,0.043161780197769284,Small increase
vix_quotes.close_trailing_252d_quantile,0.99,etf_assets,pearson,SHY,TLT,0.5623448273894031,0.6013185253996858,0.03897369801028272,Small increase
vix_quotes.close_trailing_252d_quantile,0.99,etf_assets,pearson,AGG,EWU,-0.019847714271140272,0.013569656051621436,0.03341737032276171,Small increase
vix_quotes.close_trailing_252d_quantile,0.99,etf_assets,pearson,AGG,EFA,0.003096999190288236,0.03477180260690518,0.03167480341661695,Small increase
vix_quotes.close_trailing_252d_quantile,0.99,etf_assets,pearson,GLD,TLT,0.1706109724094191,0.19609572310475754,0.025484750695338426,Small increase
vix_quotes.close_trailing_252d_quantile,0.99,etf_assets,pearson,EFA,EWG,0.9353872771776569,0.9579301910845597,0.022542913906902773,Small increase
vix_quotes.close_trailing_252d_quantile,0.99,etf_assets,pearson,DBC,USO,0.8458057184800177,0.8672254209074429,0.02141970242742519,Small increase
vix_quotes.close_trailing_252d_quantile,0.99,etf_assets,pearson,AGG,GLD,0.221123041479944,0.24244699184010868,0.021323950360164684,Small increase
vix_quotes.close_trailing_252d_quantile,0.99,etf_assets,pearson,AGG,EWG,-0.007482673472901277,0.004576882990422975,0.012059556463324253,Small increase
vix_quotes.close_trailing_252d_quantile,0.99,etf_assets,pearson,AGG,SPY,-0.03169914901292039,-0.019652664650890217,0.012046484362030173,Small increase
vix_quotes.close_trailing_252d_quantile,0.99,etf_assets,pearson,AGG,EEM,-0.03668875400829921,-0.06214212791295923,-0.025453373904660015,Correlation decreased
vix_quotes.close_trailing_252d_quantile,0.99,etf_assets,pearson,AGG,EWJ,0.041086163899410756,0.014088813964134597,-0.02699734993527616,Correlation decreased
vix_quotes.close_trailing_252d_quantile,0.99,etf_assets,pearson,GLD,SHY,0.2342766745303945,0.16666282300297106,-0.06761385152742344,Correlation decreased
vix_quotes.close_trailing_252d_quantile,0.99,etf_assets,pearson,GLD,USO,0.18867182520009135,0.08231268182324246,-0.10635914337684889,Correlation decreased
vix_quotes.close_trailing_252d_quantile,0.99,etf_assets,pearson,DBC,GLD,0.3595295350491105,0.24466689481892795,-0.11486264023018256,Correlation decreased
vix_quotes.close_trailing_252d_quantile,0.99,etf_assets,pearson,TLT,USO,-0.2272388108617586,-0.3492428239851254,-0.12200401312336681,Correlation decreased
vix_quotes.close_trailing_252d_quantile,0.99,etf_assets,pearson,AGG,VNQ,0.023719738806134857,-0.10725417467486094,-0.1309739134809958,Correlation decreased
vix_quotes.close_trailing_252d_quantile,0.99,etf_assets,pearson,DBC,TLT,-0.21185872568983194,-0.38936009012712625,-0.1775013644372943,Correlation decreased
vix_quotes.close_trailing_252d_quantile,0.99,etf_assets,pearson,SHY,VNQ,-0.1001170796205725,-0.29315132751722495,-0.19303424789665247,Correlation decreased
vix_quotes.close_trailing_252d_quantile,0.99,etf_assets,pearson,EWU,TLT,-0.2854380325015037,-0.4955279858082429,-0.21008995330673924,Correlation decreased
vix_quotes.close_trailing_252d_quantile,0.99,etf_assets,pearson,SHY,SPY,-0.19585158400731123,-0.4126904423279439,-0.21683885832063265,Correlation decreased
vix_quotes.close_trailing_252d_quantile,0.99,etf_assets,pearson,EWU,SHY,-0.15681601565093342,-0.39224764426261477,-0.23543162861168135,Correlation decreased
vix_quotes.close_trailing_252d_quantile,0.99,etf_assets,pearson,EEM,TLT,-0.2519803949622706,-0.48929239852166717,-0.23731200355939658,Correlation decreased
vix_quotes.close_trailing_252d_quantile,0.99,etf_assets,pearson,EWG,TLT,-0.2694351313521636,-0.5125337079690354,-0.2430985766168718,Correlation decreased
vix_quotes.close_trailing_252d_quantile,0.99,etf_assets,pearson,EWG,SHY,-0.1369237757960661,-0.38888562092642937,-0.25196184513036324,Correlation decreased
vix_quotes.close_trailing_252d_quantile,0.99,etf_assets,pearson,GLD,HYG,0.08262915852577477,-0.17341848947823701,-0.2560476480040118,Correlation decreased
vix_quotes.close_trailing_252d_quantile,0.99,etf_assets,pearson,HYG,TLT,-0.09362187430564671,-0.3504287865616759,-0.2568069122560292,Correlation decreased
vix_quotes.close_trailing_252d_quantile,0.99,etf_assets,pearson,EFA,TLT,-0.2678977370970169,-0.524980211315055,-0.2570824742180381,Correlation decreased
vix_quotes.close_trailing_252d_quantile,0.99,etf_assets,pearson,SPY,TLT,-0.28478850551598295,-0.5500406629656335,-0.2652521574496505,Correlation decreased
vix_quotes.close_trailing_252d_quantile,0.99,etf_assets,pearson,GLD,SPY,0.08092164840443243,-0.18614292395835566,-0.2670645723627881,Correlation decreased
vix_quotes.close_trailing_252d_quantile,0.99,etf_assets,pearson,EWJ,GLD,0.13109510125542817,-0.14012389899836133,-0.27121900025378953,Correlation decreased
vix_quotes.close_trailing_252d_quantile,0.99,etf_assets,pearson,SHY,USO,-0.10310352142203372,-0.37505352674347486,-0.27195000532144115,Correlation decreased
vix_quotes.close_trailing_252d_quantile,0.99,etf_assets,pearson,EFA,SHY,-0.14817737455144678,-0.425541881789579,-0.2773645072381322,Correlation decreased
vix_quotes.close_trailing_252d_quantile,0.99,etf_assets,pearson,AGG,TLT,0.7694005353628821,0.48139277211726433,-0.2880077632456178,Correlation decreased
vix_quotes.close_trailing_252d_quantile,0.99,etf_assets,pearson,EWG,GLD,0.17959108676809374,-0.11326608621034275,-0.2928571729784365,Correlation decreased
vix_quotes.close_trailing_252d_quantile,0.99,etf_assets,pearson,EWU,GLD,0.18045684583651544,-0.11712713067479313,-0.2975839765113086,Correlation decreased
vix_quotes.close_trailing_252d_quantile,0.99,etf_assets,pearson,TLT,VNQ,-0.12377791777389145,-0.42322981275669697,-0.2994518949828055,Correlation decreased
vix_quotes.close_trailing_252d_quantile,0.99,etf_assets,pearson,EEM,SHY,-0.17973563197402237,-0.48556190422038664,-0.3058262722463643,Correlation decreased
vix_quotes.close_trailing_252d_quantile,0.99,etf_assets,pearson,EWJ,TLT,-0.17276938019975854,-0.48336873614758685,-0.3105993559478283,Correlation decreased
vix_quotes.close_trailing_252d_quantile,0.99,etf_assets,pearson,EWJ,SHY,-0.09292216069978984,-0.40390342108437377,-0.31098126038458396,Correlation decreased
vix_quotes.close_trailing_252d_quantile,0.99,etf_assets,pearson,EFA,GLD,0.18929767573280173,-0.13749307631135957,-0.3267907520441613,Correlation decreased
vix_quotes.close_trailing_252d_quantile,0.99,etf_assets,pearson,GLD,VNQ,0.09297789337063474,-0.23726766250403047,-0.3302455558746652,Correlation decreased
vix_quotes.close_trailing_252d_quantile,0.99,etf_assets,pearson,DBC,SHY,-0.08510875634892008,-0.4179444690771616,-0.33283571272824153,Correlation decreased
vix_quotes.close_trailing_252d_quantile,0.99,etf_assets,pearson,HYG,SHY,0.011913726795201269,-0.3252671722862885,-0.33718089908148974,Correlation decreased
vix_quotes.close_trailing_252d_quantile,0.99,etf_assets,pearson,AGG,SHY,0.6697212521172169,0.31499536969199005,-0.35472588242522685,Correlation decreased
vix_quotes.close_trailing_252d_quantile,0.99,etf_assets,pearson,EEM,GLD,0.21013096281793234,-0.1522690440705731,-0.36240000688850543,Correlation decreased
