vix_quantile,universe,interpretation,n_pairs,share
0.9,etf_assets,Correlation decreased,37,0.4065934065934066
0.9,etf_assets,Moderate breakdown,33,0.3626373626373626
0.9,etf_assets,Small increase,21,0.23076923076923078
0.9,panel_a_cross_asset,Correlation decreased,22,0.6111111111111112
0.9,panel_a_cross_asset,Moderate breakdown,9,0.25
0.9,panel_a_cross_asset,Small increase,5,0.1388888888888889
0.9,panel_b_international_equity,Moderate breakdown,11,0.7333333333333333
0.9,panel_b_international_equity,Small increase,4,0.26666666666666666
0.95,etf_assets,Moderate breakdown,38,0.4175824175824176
0.95,etf_assets,Correlation decreased,37,0.4065934065934066
0.95,etf_assets,Small increase,15,0.16483516483516483
0.95,etf_assets,Strong breakdown,1,0.01098901098901099
0.95,panel_a_cross_asset,Correlation decreased,22,0.6111111111111112
0.95,panel_a_cross_asset,Moderate breakdown,10,0.2777777777777778
0.95,panel_a_cross_asset,Small increase,3,0.08333333333333333
0.95,panel_a_cross_asset,Strong breakdown,1,0.027777777777777776
0.95,panel_b_international_equity,Moderate breakdown,10,0.6666666666666666
0.95,panel_b_international_equity,Small increase,5,0.3333333333333333
0.975,etf_assets,Moderate breakdown,40,0.43956043956043955
0.975,etf_assets,Correlation decreased,36,0.3956043956043956
0.975,etf_assets,Small increase,14,0.15384615384615385
0.975,etf_assets,Strong breakdown,1,0.01098901098901099
0.975,panel_a_cross_asset,Correlation decreased,21,0.5833333333333334
0.975,panel_a_cross_asset,Moderate breakdown,11,0.3055555555555556
0.975,panel_a_cross_asset,Small increase,3,0.08333333333333333
0.975,panel_a_cross_asset,Strong breakdown,1,0.027777777777777776
0.975,panel_b_international_equity,Moderate breakdown,8,0.5333333333333333
0.975,panel_b_international_equity,Small increase,7,0.4666666666666667
0.99,etf_assets,Correlation decreased,36,0.3956043956043956
0.99,etf_assets,Moderate breakdown,29,0.31868131868131866
0.99,etf_assets,Small increase,20,0.21978021978021978
0.99,etf_assets,Strong breakdown,6,0.06593406593406594
0.99,panel_a_cross_asset,Correlation decreased,19,0.5277777777777778
0.99,panel_a_cross_asset,Small increase,8,0.2222222222222222
0.99,panel_a_cross_asset,Moderate breakdown,6,0.16666666666666666
0.99,panel_a_cross_asset,Strong breakdown,3,0.08333333333333333
0.99,panel_b_international_equity,Small increase,8,0.5333333333333333
0.99,panel_b_international_equity,Moderate breakdown,7,0.4666666666666667
