universe,pair,pair_group,corr_calm,corr_stress,delta_corr,source_asset,fr_delta_used,corr_stress_adjusted,delta_corr_adjusted,interpretation
etf_assets,VNQ-EWU,Non-SPY pair,0.4791169077708032,0.7136147604187392,0.234497852647936,VNQ,6.017586550459482,0.358915265042997,-0.1202016427278062,Volatility-bias-sensitive increase
etf_assets,DBC-VNQ,Non-SPY pair,0.10805770456018222,0.3407997935934748,0.23274208903329258,VNQ,6.017586550459482,0.13557707068970723,0.027519366129525005,Volatility-bias-sensitive increase
etf_assets,USO-VNQ,Non-SPY pair,0.0670968934049508,0.29843750999498525,0.23134061659003446,VNQ,6.017586550459482,0.11722257909734102,0.05012568569239022,Volatility-bias-sensitive increase
etf_assets,VNQ-EEM,Non-SPY pair,0.4870321534148231,0.7150177417652835,0.22798558835046046,VNQ,6.017586550459482,0.36017077121345964,-0.12686138220136345,Volatility-bias-sensitive increase
etf_assets,VNQ-EWG,Non-SPY pair,0.46364249825920173,0.6856559344704742,0.2220134362112725,VNQ,6.017586550459482,0.33502184500527743,-0.1286206532539243,Volatility-bias-sensitive increase
etf_assets,VNQ-EWJ,Non-SPY pair,0.4203994752236479,0.6416665585106183,0.22126708328697037,VNQ,6.017586550459482,0.3011513690935066,-0.11924810613014131,Volatility-bias-sensitive increase
etf_assets,VNQ-EFA,Non-SPY pair,0.5264549857167791,0.7365382635554963,0.21008327783871728,VNQ,6.017586550459482,0.38018888365064624,-0.14626610206613283,Volatility-bias-sensitive increase
etf_assets,EEM-EWJ,Non-SPY pair,0.5957931547786071,0.801634554140222,0.20584139936161494,EEM,2.729337717336577,0.570357443996613,-0.025435710781994025,Volatility-bias-sensitive increase
etf_assets,EWU-EWJ,Non-SPY pair,0.6046147831175855,0.7995037820237534,0.19488899890616784,EWU,2.712038538717683,0.5683998897568616,-0.03621489336072392,Volatility-bias-sensitive increase
etf_assets,DBC-EWJ,Non-SPY pair,0.22741337233468803,0.41951842870410994,0.1921050563694219,DBC,1.3678326716195626,0.2876451732999719,0.06023180096528388,Volatility-bias-sensitive increase
etf_assets,EWG-EWJ,Non-SPY pair,0.613113677866968,0.7972887686196295,0.18417509075266147,EWG,2.3345495538862844,0.586091580435927,-0.027022097431041003,Volatility-bias-sensitive increase
etf_assets,DBC-EWG,Non-SPY pair,0.29354734867622084,0.4765011960052531,0.18295384732903225,EWG,2.3345495538862844,0.28453628300943895,-0.009011065666781892,Volatility-bias-sensitive increase
etf_assets,USO-EWG,Non-SPY pair,0.22037733070052715,0.4000292219709136,0.17965189127038647,EWG,2.3345495538862844,0.23247429024378238,0.012096959543255237,Volatility-bias-sensitive increase
etf_assets,USO-EWJ,Non-SPY pair,0.17496772650054884,0.3424656867311056,0.16749796023055677,USO,1.4950521215242865,0.2248538745836613,0.04988614808311245,Volatility-bias-sensitive increase
etf_assets,USO-EWU,Non-SPY pair,0.3006741955477716,0.4645917775810644,0.16391758203329282,EWU,2.712038538717683,0.2627431407280326,-0.03793105481973896,Volatility-bias-sensitive increase
etf_assets,USO-EFA,Non-SPY pair,0.271533178368202,0.43420038036060604,0.16266720199240403,EFA,2.8014307956709232,0.23999313086989124,-0.03154004749831077,Volatility-bias-sensitive increase
etf_assets,DBC-EFA,Non-SPY pair,0.3505870018180994,0.5126691807365487,0.16208217891844928,EFA,2.8014307956709232,0.292828030778432,-0.05775897103966737,Volatility-bias-sensitive increase
etf_assets,DBC-EWU,Non-SPY pair,0.3684964789102404,0.5293855045603778,0.1608890256501374,EWU,2.712038538717683,0.30811612453503795,-0.06038035437520245,Volatility-bias-sensitive increase
etf_assets,USO-EEM,Non-SPY pair,0.28336247930731234,0.43314713774372293,0.1497846584364106,EEM,2.729337717336577,0.24148588781967495,-0.041876591487637393,Volatility-bias-sensitive increase
etf_assets,EEM-EWG,Non-SPY pair,0.7104506028614282,0.841048563724021,0.1305979608625928,EEM,2.729337717336577,0.6271060273047493,-0.08334457555667896,Volatility-bias-sensitive increase
etf_assets,DBC-EEM,Non-SPY pair,0.37256047533973835,0.502406900054799,0.1298464247150607,EEM,2.729337717336577,0.28813029985750516,-0.0844301754822332,Volatility-bias-sensitive increase
etf_assets,EEM-EWU,Non-SPY pair,0.7299770931135536,0.8582629425646715,0.12828584945111787,EEM,2.729337717336577,0.6546352231245554,-0.07534186998899828,Volatility-bias-sensitive increase
etf_assets,EFA-EWJ,Non-SPY pair,0.7854463108577509,0.8892208853629913,0.10377457450524041,EFA,2.8014307956709232,0.7060197914994162,-0.07942651935833467,Volatility-bias-sensitive increase
etf_assets,EFA-EEM,Non-SPY pair,0.7990068112578806,0.9003682500951439,0.10136143883726323,EFA,2.8014307956709232,0.7278059974663232,-0.0712008137915574,Volatility-bias-sensitive increase
etf_assets,AGG-DBC,Non-SPY pair,-0.10010637684510128,-0.0015184880247549172,0.09858788882034636,AGG,2.609724415381805,-0.0007992353967940418,0.09930714144830724,Mostly resilient / small adjusted increase
etf_assets,AGG-USO,Non-SPY pair,-0.13164791272351747,-0.03333182096798704,0.09831609175553044,AGG,2.609724415381805,-0.017550783371438186,0.11409712935207929,Mostly resilient / small adjusted increase
etf_assets,HYG-EWJ,Non-SPY pair,0.487060361134191,0.5836803010568763,0.0966199399226853,HYG,6.286507309609423,0.25733014142506105,-0.22973021970912993,Mostly resilient / small adjusted increase
etf_assets,HYG-DBC,Non-SPY pair,0.2972284037546129,0.39362502509637964,0.09639662134176674,HYG,6.286507309609423,0.156668966581253,-0.1405594371733599,Mostly resilient / small adjusted increase
etf_assets,EWG-EWU,Non-SPY pair,0.811925563959322,0.8958225912909565,0.08389702733163451,EWU,2.712038538717683,0.7229001776081819,-0.0890253863511401,Mostly resilient / small adjusted increase
etf_assets,AGG-EWJ,Non-SPY pair,-0.004056122220716888,0.07153636174215075,0.07559248396286763,AGG,2.609724415381805,0.03772199985833988,0.04177812207905676,Mostly resilient / small adjusted increase
etf_assets,AGG-HYG,Non-SPY pair,0.1850152248318944,0.2507074561849841,0.06569223135308969,HYG,6.286507309609423,0.09550241380354164,-0.08951281102835275,Mostly resilient / small adjusted increase
etf_assets,HYG-EWG,Non-SPY pair,0.5690824764092511,0.6296786064427288,0.060596130033477635,HYG,6.286507309609423,0.2875893152917875,-0.28149316111746364,Mostly resilient / small adjusted increase
etf_assets,AGG-EWG,Non-SPY pair,-0.03319907872266658,0.02507965727694916,0.058278735999615736,AGG,2.609724415381805,0.01320332586630972,0.0464024045889763,Mostly resilient / small adjusted increase
etf_assets,HYG-EWU,Non-SPY pair,0.5896871029167113,0.6479531461257391,0.05826604320902773,HYG,6.286507309609423,0.30057289569902135,-0.28911420721769,Mostly resilient / small adjusted increase
etf_assets,AGG-EFA,Non-SPY pair,-0.01826076695632307,0.039896435183645815,0.05815720213996889,EFA,2.8014307956709232,0.02047459939335751,0.03873536634968058,Mostly resilient / small adjusted increase
etf_assets,HYG-USO,Non-SPY pair,0.27032514102949,0.32439877193845784,0.05407363090896783,HYG,6.286507309609423,0.12603405713080937,-0.14429108389868064,Mostly resilient / small adjusted increase
etf_assets,AGG-EWU,Non-SPY pair,-0.03428388517261003,0.015627423923756645,0.04991130909636668,EWU,2.712038538717683,0.00811184985065598,0.04239573502326601,Mostly resilient / small adjusted increase
etf_assets,HYG-VNQ,Non-SPY pair,0.4942331789542913,0.5359237814730582,0.041690602518766884,HYG,6.286507309609423,0.22891581717750611,-0.2653173617767852,Mostly resilient / small adjusted increase
etf_assets,EFA-EWU,Non-SPY pair,0.9079401728864841,0.9484306086174344,0.04049043573095035,EFA,2.8014307956709232,0.8378159484175124,-0.07012422446897171,Mostly resilient / small adjusted increase
etf_assets,HYG-EFA,Non-SPY pair,0.635092017481359,0.67373905453361,0.03864703705225103,HYG,6.286507309609423,0.31999804483205413,-0.3150939726493049,Mostly resilient / small adjusted increase
etf_assets,EFA-EWG,Non-SPY pair,0.911939780105757,0.9494242460898052,0.0374844659840482,EFA,2.8014307956709232,0.8404278049457057,-0.07151197516005137,Mostly resilient / small adjusted increase
etf_assets,HYG-EEM,Non-SPY pair,0.5981233316507967,0.6147812618098591,0.016657930159062473,HYG,6.286507309609423,0.2774332216134681,-0.32069011003732856,Mostly resilient / small adjusted increase
etf_assets,GLD-DBC,Non-SPY pair,0.3413459297961862,0.3554338746486993,0.014087944852513079,DBC,1.3678326716195626,0.23990460908499622,-0.10144132071119,Mostly resilient / small adjusted increase
etf_assets,GLD-EWJ,Non-SPY pair,0.10304954367580635,0.10092793664941858,-0.0021216070263877645,EWJ,1.3177087732184245,0.06648799000673707,-0.03656155366906928,Resilient: correlation decreased in stress
etf_assets,GLD-USO,Non-SPY pair,0.18254900908899085,0.17970141545433546,-0.002847593634655393,USO,1.4950521215242865,0.11488270635129232,-0.06766630273769854,Resilient: correlation decreased in stress
etf_assets,GLD-EWG,Non-SPY pair,0.15291722280999004,0.14815695227468648,-0.004760270535303562,EWG,2.3345495538862844,0.08176480724938216,-0.07115241556060788,Resilient: correlation decreased in stress
etf_assets,SHY-GLD,Non-SPY pair,0.23314215233147942,0.22200334859858709,-0.011138803732892333,SHY,2.0752337175440165,0.1287553758763943,-0.10438677645508512,Resilient: correlation decreased in stress
etf_assets,SHY-TLT,Non-SPY pair,0.5824768555762136,0.5629767693272153,-0.01950008624899835,SHY,2.0752337175440165,0.36208200523023826,-0.2203948503459754,Resilient: correlation decreased in stress
etf_assets,DBC-USO,Non-SPY pair,0.8704296524261066,0.8412896197644066,-0.029140032661699955,USO,1.4950521215242865,0.7018301087280152,-0.16859954369809138,Resilient: correlation decreased in stress
etf_assets,SHY-USO,Non-SPY pair,-0.12043691919855529,-0.15266766756724956,-0.03223074836869427,SHY,2.0752337175440165,-0.08775068542901762,0.032686233769537665,Resilient: correlation decreased in stress
etf_assets,AGG-GLD,Non-SPY pair,0.24886458539974965,0.21646266203094336,-0.03240192336880629,AGG,2.609724415381805,0.11591227751384264,-0.132952307885907,Resilient: correlation decreased in stress
etf_assets,TLT-GLD,Non-SPY pair,0.19278545762689647,0.16037266827822363,-0.03241278934867284,TLT,1.0289529612600634,0.11333010590482472,-0.07945535172207176,Resilient: correlation decreased in stress
etf_assets,GLD-EWU,Non-SPY pair,0.16926349515125877,0.13619773566200558,-0.033065759489253194,EWU,2.712038538717683,0.07117487064780374,-0.09808862450345503,Resilient: correlation decreased in stress
etf_assets,SHY-DBC,Non-SPY pair,-0.10591929176581583,-0.1399516025623439,-0.034032310796528076,SHY,2.0752337175440165,-0.08033930329510933,0.0255799884707065,Resilient: correlation decreased in stress
etf_assets,AGG-EEM,Non-SPY pair,0.002772471227003815,-0.03247559156105282,-0.03524806278805664,EEM,2.729337717336577,-0.016823210785012886,-0.0195956820120167,Resilient: correlation decreased in stress
etf_assets,GLD-EFA,Non-SPY pair,0.18175519553963973,0.1365578174012925,-0.04519737813834723,EFA,2.8014307956709232,0.070525774549275,-0.11122942099036473,Resilient: correlation decreased in stress
etf_assets,GLD-EEM,Non-SPY pair,0.21792578684025343,0.14295554777348243,-0.074970239066771,EEM,2.729337717336577,0.0745860201798295,-0.14333976666042392,Resilient: correlation decreased in stress
etf_assets,TLT-USO,Non-SPY pair,-0.1877037181932591,-0.2680390274944943,-0.08033530930123522,USO,1.4950521215242865,-0.17346569099311915,0.014238027200139947,Resilient: correlation decreased in stress
etf_assets,TLT-DBC,Non-SPY pair,-0.17213587244785478,-0.2597111824015478,-0.087575309953693,DBC,1.3678326716195626,-0.1721651762029469,-2.9303755092136008e-05,Resilient: correlation decreased in stress
etf_assets,HYG-GLD,Non-SPY pair,0.11421592124924528,0.02585293111151539,-0.08836299013772989,HYG,6.286507309609423,0.009580216855908269,-0.10463570439333701,Resilient: correlation decreased in stress
etf_assets,SHY-EWJ,Non-SPY pair,-0.07849633888555456,-0.1765450556093779,-0.09804871672382333,SHY,2.0752337175440165,-0.10174954033164141,-0.02325320144608685,Resilient: correlation decreased in stress
etf_assets,GLD-VNQ,Non-SPY pair,0.13981957671303177,0.032245283025069606,-0.10757429368796217,VNQ,6.017586550459482,0.012177720382773786,-0.12764185633025799,Resilient: correlation decreased in stress
etf_assets,TLT-EWJ,Non-SPY pair,-0.13542034532313263,-0.2500505245526142,-0.11463017922948154,EWJ,1.3177087732184245,-0.16724688816087538,-0.03182654283774275,Resilient: correlation decreased in stress
etf_assets,SHY-EWG,Non-SPY pair,-0.09680982353540446,-0.21245937893876166,-0.1156495554033572,EWG,2.3345495538862844,-0.11823074590457813,-0.021420922369173673,Resilient: correlation decreased in stress
etf_assets,SHY-HYG,Non-SPY pair,0.03579292922640197,-0.08463285712770278,-0.12042578635410475,HYG,6.286507309609423,-0.03145034184214307,-0.06724327106854504,Resilient: correlation decreased in stress
etf_assets,TLT-EWG,Non-SPY pair,-0.2016287700094781,-0.33956060866505633,-0.13793183865557823,EWG,2.3345495538862844,-0.19394369269653916,0.007685077312938937,Resilient: correlation decreased in stress
etf_assets,SHY-EFA,Non-SPY pair,-0.09540892657442146,-0.23562780935594593,-0.14021888278152447,EFA,2.8014307956709232,-0.1234026605903224,-0.02799373401590094,Resilient: correlation decreased in stress
etf_assets,TLT-EFA,Non-SPY pair,-0.19989855230480183,-0.3425801255044901,-0.14268157319968824,EFA,2.8014307956709232,-0.18383641923791758,0.016062133066884254,Resilient: correlation decreased in stress
etf_assets,TLT-EWU,Non-SPY pair,-0.20548245385393302,-0.35575793626065366,-0.15027548240672065,EWU,2.712038538717683,-0.1938284138149002,0.01165404003903281,Resilient: correlation decreased in stress
etf_assets,SHY-EWU,Non-SPY pair,-0.08970417372715832,-0.2404242410360536,-0.15072006730889526,EWU,2.712038538717683,-0.12750928642515835,-0.037805112698000035,Resilient: correlation decreased in stress
etf_assets,SHY-EEM,Non-SPY pair,-0.10458105249216275,-0.27695290603495093,-0.17237185354278817,EEM,2.729337717336577,-0.14761661368857998,-0.04303556119641723,Resilient: correlation decreased in stress
etf_assets,TLT-HYG,Non-SPY pair,-0.003434207705887234,-0.17968759060390396,-0.17625338289801673,HYG,6.286507309609423,-0.06751389895688482,-0.06407969125099759,Resilient: correlation decreased in stress
etf_assets,TLT-EEM,Non-SPY pair,-0.14193488387678063,-0.34107675825697037,-0.19914187438018974,EEM,2.729337717336577,-0.18465402213302762,-0.042719138256246986,Resilient: correlation decreased in stress
etf_assets,SHY-AGG,Non-SPY pair,0.7521783522458897,0.5379344872407904,-0.2142438650050993,AGG,2.609724415381805,0.3183914341313615,-0.4337869181145282,Resilient: correlation decreased in stress
etf_assets,TLT-AGG,Non-SPY pair,0.8770451677374608,0.6472291279468726,-0.22981603979058818,AGG,2.609724415381805,0.4079997512073207,-0.4690454165301401,Resilient: correlation decreased in stress
etf_assets,AGG-VNQ,Non-SPY pair,0.24028481160447251,-0.03660995834707342,-0.27689476995154594,VNQ,6.017586550459482,-0.013827862632827929,-0.25411267423730044,Resilient: correlation decreased in stress
etf_assets,SHY-VNQ,Non-SPY pair,0.1078758808549913,-0.1976218653091675,-0.3054977461641588,VNQ,6.017586550459482,-0.0758818212593712,-0.1837577021143625,Resilient: correlation decreased in stress
etf_assets,TLT-VNQ,Non-SPY pair,0.12260386307811046,-0.25177637699950417,-0.3743802400776146,VNQ,6.017586550459482,-0.09773671658370926,-0.22034057966181972,Resilient: correlation decreased in stress
panel_a_cross_asset,DBC-VNQ,Non-SPY pair,0.10805770456018222,0.3407997935934748,0.23274208903329258,VNQ,6.017586550459482,0.13557707068970723,0.027519366129525005,Volatility-bias-sensitive increase
panel_a_cross_asset,USO-VNQ,Non-SPY pair,0.0670968934049508,0.29843750999498525,0.23134061659003446,VNQ,6.017586550459482,0.11722257909734102,0.05012568569239022,Volatility-bias-sensitive increase
panel_a_cross_asset,AGG-DBC,Non-SPY pair,-0.10010637684510128,-0.0015184880247549172,0.09858788882034636,AGG,2.609724415381805,-0.0007992353967940418,0.09930714144830724,Mostly resilient / small adjusted increase
panel_a_cross_asset,AGG-USO,Non-SPY pair,-0.13164791272351747,-0.03333182096798704,0.09831609175553044,AGG,2.609724415381805,-0.017550783371438186,0.11409712935207929,Mostly resilient / small adjusted increase
panel_a_cross_asset,HYG-DBC,Non-SPY pair,0.2972284037546129,0.39362502509637964,0.09639662134176674,HYG,6.286507309609423,0.156668966581253,-0.1405594371733599,Mostly resilient / small adjusted increase
panel_a_cross_asset,AGG-HYG,Non-SPY pair,0.1850152248318944,0.2507074561849841,0.06569223135308969,HYG,6.286507309609423,0.09550241380354164,-0.08951281102835275,Mostly resilient / small adjusted increase
panel_a_cross_asset,HYG-USO,Non-SPY pair,0.27032514102949,0.32439877193845784,0.05407363090896783,HYG,6.286507309609423,0.12603405713080937,-0.14429108389868064,Mostly resilient / small adjusted increase
panel_a_cross_asset,HYG-VNQ,Non-SPY pair,0.4942331789542913,0.5359237814730582,0.041690602518766884,HYG,6.286507309609423,0.22891581717750611,-0.2653173617767852,Mostly resilient / small adjusted increase
panel_a_cross_asset,GLD-DBC,Non-SPY pair,0.3413459297961862,0.3554338746486993,0.014087944852513079,DBC,1.3678326716195626,0.23990460908499622,-0.10144132071119,Mostly resilient / small adjusted increase
panel_a_cross_asset,GLD-USO,Non-SPY pair,0.18254900908899085,0.17970141545433546,-0.002847593634655393,USO,1.4950521215242865,0.11488270635129232,-0.06766630273769854,Resilient: correlation decreased in stress
panel_a_cross_asset,SHY-GLD,Non-SPY pair,0.23314215233147942,0.22200334859858709,-0.011138803732892333,SHY,2.0752337175440165,0.1287553758763943,-0.10438677645508512,Resilient: correlation decreased in stress
panel_a_cross_asset,SHY-TLT,Non-SPY pair,0.5824768555762136,0.5629767693272153,-0.01950008624899835,SHY,2.0752337175440165,0.36208200523023826,-0.2203948503459754,Resilient: correlation decreased in stress
panel_a_cross_asset,DBC-USO,Non-SPY pair,0.8704296524261066,0.8412896197644066,-0.029140032661699955,USO,1.4950521215242865,0.7018301087280152,-0.16859954369809138,Resilient: correlation decreased in stress
panel_a_cross_asset,SHY-USO,Non-SPY pair,-0.12043691919855529,-0.15266766756724956,-0.03223074836869427,SHY,2.0752337175440165,-0.08775068542901762,0.032686233769537665,Resilient: correlation decreased in stress
panel_a_cross_asset,AGG-GLD,Non-SPY pair,0.24886458539974965,0.21646266203094336,-0.03240192336880629,AGG,2.609724415381805,0.11591227751384264,-0.132952307885907,Resilient: correlation decreased in stress
panel_a_cross_asset,TLT-GLD,Non-SPY pair,0.19278545762689647,0.16037266827822363,-0.03241278934867284,TLT,1.0289529612600634,0.11333010590482472,-0.07945535172207176,Resilient: correlation decreased in stress
panel_a_cross_asset,SHY-DBC,Non-SPY pair,-0.10591929176581583,-0.1399516025623439,-0.034032310796528076,SHY,2.0752337175440165,-0.08033930329510933,0.0255799884707065,Resilient: correlation decreased in stress
panel_a_cross_asset,TLT-USO,Non-SPY pair,-0.1877037181932591,-0.2680390274944943,-0.08033530930123522,USO,1.4950521215242865,-0.17346569099311915,0.014238027200139947,Resilient: correlation decreased in stress
panel_a_cross_asset,TLT-DBC,Non-SPY pair,-0.17213587244785478,-0.2597111824015478,-0.087575309953693,DBC,1.3678326716195626,-0.1721651762029469,-2.9303755092136008e-05,Resilient: correlation decreased in stress
panel_a_cross_asset,HYG-GLD,Non-SPY pair,0.11421592124924528,0.02585293111151539,-0.08836299013772989,HYG,6.286507309609423,0.009580216855908269,-0.10463570439333701,Resilient: correlation decreased in stress
panel_a_cross_asset,GLD-VNQ,Non-SPY pair,0.13981957671303177,0.032245283025069606,-0.10757429368796217,VNQ,6.017586550459482,0.012177720382773786,-0.12764185633025799,Resilient: correlation decreased in stress
panel_a_cross_asset,SHY-HYG,Non-SPY pair,0.03579292922640197,-0.08463285712770278,-0.12042578635410475,HYG,6.286507309609423,-0.03145034184214307,-0.06724327106854504,Resilient: correlation decreased in stress
panel_a_cross_asset,TLT-HYG,Non-SPY pair,-0.003434207705887234,-0.17968759060390396,-0.17625338289801673,HYG,6.286507309609423,-0.06751389895688482,-0.06407969125099759,Resilient: correlation decreased in stress
panel_a_cross_asset,SHY-AGG,Non-SPY pair,0.7521783522458897,0.5379344872407904,-0.2142438650050993,AGG,2.609724415381805,0.3183914341313615,-0.4337869181145282,Resilient: correlation decreased in stress
panel_a_cross_asset,TLT-AGG,Non-SPY pair,0.8770451677374608,0.6472291279468726,-0.22981603979058818,AGG,2.609724415381805,0.4079997512073207,-0.4690454165301401,Resilient: correlation decreased in stress
panel_a_cross_asset,AGG-VNQ,Non-SPY pair,0.24028481160447251,-0.03660995834707342,-0.27689476995154594,VNQ,6.017586550459482,-0.013827862632827929,-0.25411267423730044,Resilient: correlation decreased in stress
panel_a_cross_asset,SHY-VNQ,Non-SPY pair,0.1078758808549913,-0.1976218653091675,-0.3054977461641588,VNQ,6.017586550459482,-0.0758818212593712,-0.1837577021143625,Resilient: correlation decreased in stress
panel_a_cross_asset,TLT-VNQ,Non-SPY pair,0.12260386307811046,-0.25177637699950417,-0.3743802400776146,VNQ,6.017586550459482,-0.09773671658370926,-0.22034057966181972,Resilient: correlation decreased in stress
panel_b_international_equity,EEM-EWJ,Non-SPY pair,0.5957931547786071,0.801634554140222,0.20584139936161494,EEM,2.729337717336577,0.570357443996613,-0.025435710781994025,Volatility-bias-sensitive increase
panel_b_international_equity,EWU-EWJ,Non-SPY pair,0.6046147831175855,0.7995037820237534,0.19488899890616784,EWU,2.712038538717683,0.5683998897568616,-0.03621489336072392,Volatility-bias-sensitive increase
panel_b_international_equity,EWG-EWJ,Non-SPY pair,0.613113677866968,0.7972887686196295,0.18417509075266147,EWG,2.3345495538862844,0.586091580435927,-0.027022097431041003,Volatility-bias-sensitive increase
panel_b_international_equity,EEM-EWG,Non-SPY pair,0.7104506028614282,0.841048563724021,0.1305979608625928,EEM,2.729337717336577,0.6271060273047493,-0.08334457555667896,Volatility-bias-sensitive increase
panel_b_international_equity,EEM-EWU,Non-SPY pair,0.7299770931135536,0.8582629425646715,0.12828584945111787,EEM,2.729337717336577,0.6546352231245554,-0.07534186998899828,Volatility-bias-sensitive increase
panel_b_international_equity,EFA-EWJ,Non-SPY pair,0.7854463108577509,0.8892208853629913,0.10377457450524041,EFA,2.8014307956709232,0.7060197914994162,-0.07942651935833467,Volatility-bias-sensitive increase
panel_b_international_equity,EFA-EEM,Non-SPY pair,0.7990068112578806,0.9003682500951439,0.10136143883726323,EFA,2.8014307956709232,0.7278059974663232,-0.0712008137915574,Volatility-bias-sensitive increase
panel_b_international_equity,EWG-EWU,Non-SPY pair,0.811925563959322,0.8958225912909565,0.08389702733163451,EWU,2.712038538717683,0.7229001776081819,-0.0890253863511401,Mostly resilient / small adjusted increase
panel_b_international_equity,EFA-EWU,Non-SPY pair,0.9079401728864841,0.9484306086174344,0.04049043573095035,EFA,2.8014307956709232,0.8378159484175124,-0.07012422446897171,Mostly resilient / small adjusted increase
panel_b_international_equity,EFA-EWG,Non-SPY pair,0.911939780105757,0.9494242460898052,0.0374844659840482,EFA,2.8014307956709232,0.8404278049457057,-0.07151197516005137,Mostly resilient / small adjusted increase
