universe,asset,calm_variance,stress_variance,variance_ratio,fr_delta,fr_delta_raw
panel_a_cross_asset,SPY,6.44080729889588e-05,0.0002554927187876798,3.9667809783950188,2.9667809783950188,2.9667809783950188
panel_a_cross_asset,SHY,4.625249302160872e-07,1.4223722606052047e-06,3.0752337175440165,2.0752337175440165,2.0752337175440165
panel_a_cross_asset,TLT,6.186858784244392e-05,0.00012552845451190497,2.0289529612600634,1.0289529612600634,1.0289529612600634
panel_a_cross_asset,AGG,5.2219463059479905e-06,1.8849787076393286e-05,3.609724415381805,2.609724415381805,2.609724415381805
panel_a_cross_asset,HYG,1.1898877979266914e-05,8.670126137207896e-05,7.286507309609423,6.286507309609423,6.286507309609423
panel_a_cross_asset,GLD,9.546581706730952e-05,0.00014985935533948021,1.5697697871670628,0.5697697871670628,0.5697697871670628
panel_a_cross_asset,DBC,8.80715726350785e-05,0.0002085387471262543,2.3678326716195626,1.3678326716195626,1.3678326716195626
panel_a_cross_asset,USO,0.00031924286683547874,0.0007965275921793565,2.4950521215242865,1.4950521215242865,1.4950521215242865
panel_a_cross_asset,VNQ,9.18590338027446e-05,0.0006446287201523434,7.017586550459482,6.017586550459482,6.017586550459482
panel_b_international_equity,SPY,6.44080729889588e-05,0.0002554927187876798,3.9667809783950188,2.9667809783950188,2.9667809783950188
panel_b_international_equity,EFA,8.048256805911654e-05,0.00030594891273460665,3.8014307956709232,2.8014307956709232,2.8014307956709232
panel_b_international_equity,EEM,0.0001336701126222289,0.0004985009926827064,3.729337717336577,2.729337717336577,2.729337717336577
panel_b_international_equity,EWG,0.0001235782882014955,0.00041207792579232746,3.3345495538862844,2.3345495538862844,2.3345495538862844
panel_b_international_equity,EWU,9.277962155581952e-05,0.00034440153082284394,3.712038538717683,2.712038538717683,2.712038538717683
panel_b_international_equity,EWJ,0.00010208561297992766,0.000236604720822959,2.3177087732184245,1.3177087732184245,1.3177087732184245
etf_assets,SPY,6.44080729889588e-05,0.0002554927187876798,3.9667809783950188,2.9667809783950188,2.9667809783950188
etf_assets,SHY,4.625249302160872e-07,1.4223722606052047e-06,3.0752337175440165,2.0752337175440165,2.0752337175440165
etf_assets,TLT,6.186858784244392e-05,0.00012552845451190497,2.0289529612600634,1.0289529612600634,1.0289529612600634
etf_assets,AGG,5.2219463059479905e-06,1.8849787076393286e-05,3.609724415381805,2.609724415381805,2.609724415381805
etf_assets,HYG,1.1898877979266914e-05,8.670126137207896e-05,7.286507309609423,6.286507309609423,6.286507309609423
etf_assets,GLD,9.546581706730952e-05,0.00014985935533948021,1.5697697871670628,0.5697697871670628,0.5697697871670628
etf_assets,DBC,8.80715726350785e-05,0.0002085387471262543,2.3678326716195626,1.3678326716195626,1.3678326716195626
etf_assets,USO,0.00031924286683547874,0.0007965275921793565,2.4950521215242865,1.4950521215242865,1.4950521215242865
etf_assets,VNQ,9.18590338027446e-05,0.0006446287201523434,7.017586550459482,6.017586550459482,6.017586550459482
etf_assets,EFA,8.048256805911654e-05,0.00030594891273460665,3.8014307956709232,2.8014307956709232,2.8014307956709232
etf_assets,EEM,0.0001336701126222289,0.0004985009926827064,3.729337717336577,2.729337717336577,2.729337717336577
etf_assets,EWG,0.0001235782882014955,0.00041207792579232746,3.3345495538862844,2.3345495538862844,2.3345495538862844
etf_assets,EWU,9.277962155581952e-05,0.00034440153082284394,3.712038538717683,2.712038538717683,2.712038538717683
etf_assets,EWJ,0.00010208561297992766,0.000236604720822959,2.3177087732184245,1.3177087732184245,1.3177087732184245
