universe,label,label_name,asset_i,asset_j,pair,pair_type,corr_calm,corr_stress,delta_corr,direction,increased,moderate_or_stronger
panel_a_full,markov_p050,Markov P>=0.50,SPY,SHY,SPY-SHY,equity / short_treasury,-0.18689249859390034,-0.2586353938859214,-0.07174289529202105,decrease,False,False
panel_a_full,markov_p050,Markov P>=0.50,SPY,TLT,SPY-TLT,equity / long_treasury,-0.22076108841923797,-0.358114503464543,-0.13735341504530502,decrease,False,False
panel_a_full,markov_p050,Markov P>=0.50,SPY,AGG,SPY-AGG,aggregate_bond / equity,-0.06943280912707653,0.008131587731621601,0.07756439685869813,small_increase,True,False
panel_a_full,markov_p050,Markov P>=0.50,SPY,HYG,SPY-HYG,credit / equity,0.6654214434007997,0.6916448439444293,0.026223400543629594,small_increase,True,False
panel_a_full,markov_p050,Markov P>=0.50,SPY,GLD,SPY-GLD,equity / gold,0.060675109712962694,0.0461820348160235,-0.014493074896939191,decrease,False,False
panel_a_full,markov_p050,Markov P>=0.50,SPY,DBC,SPY-DBC,broad_commodity / equity,0.2939078221742928,0.4679342511149448,0.174026428940652,moderate_increase,True,True
panel_a_full,markov_p050,Markov P>=0.50,SPY,USO,SPY-USO,equity / oil,0.246686118708354,0.41870687695935865,0.17202075825100466,moderate_increase,True,True
panel_a_full,markov_p050,Markov P>=0.50,SPY,VNQ,SPY-VNQ,equity / real_estate,0.5849669786424303,0.7947950335221042,0.20982805487967393,moderate_increase,True,True
panel_a_full,markov_p050,Markov P>=0.50,SHY,TLT,SHY-TLT,long_treasury / short_treasury,0.5824633848680159,0.5629698662335234,-0.019493518634492446,decrease,False,False
panel_a_full,markov_p050,Markov P>=0.50,SHY,AGG,SHY-AGG,aggregate_bond / short_treasury,0.7521934028078684,0.5379265889627594,-0.21426681384510904,decrease,False,False
panel_a_full,markov_p050,Markov P>=0.50,SHY,HYG,SHY-HYG,credit / short_treasury,0.035823283004581735,-0.08462204574018499,-0.12044532874476672,decrease,False,False
panel_a_full,markov_p050,Markov P>=0.50,SHY,GLD,SHY-GLD,gold / short_treasury,0.2331672646373247,0.22202216350903844,-0.011145101128286261,decrease,False,False
panel_a_full,markov_p050,Markov P>=0.50,SHY,DBC,SHY-DBC,broad_commodity / short_treasury,-0.10589968995188394,-0.13992881123750772,-0.034029121285623784,decrease,False,False
panel_a_full,markov_p050,Markov P>=0.50,SHY,USO,SHY-USO,oil / short_treasury,-0.12042591156438463,-0.15265518667741937,-0.032229275113034736,decrease,False,False
panel_a_full,markov_p050,Markov P>=0.50,SHY,VNQ,SHY-VNQ,real_estate / short_treasury,0.1078819752708855,-0.19762558076592476,-0.30550755603681023,decrease,False,False
panel_a_full,markov_p050,Markov P>=0.50,TLT,AGG,TLT-AGG,aggregate_bond / long_treasury,0.877048284695711,0.6472310037319623,-0.22981728096374865,decrease,False,False
panel_a_full,markov_p050,Markov P>=0.50,TLT,HYG,TLT-HYG,credit / long_treasury,-0.003433835860467834,-0.1796870426161166,-0.17625320675564876,decrease,False,False
panel_a_full,markov_p050,Markov P>=0.50,TLT,GLD,TLT-GLD,gold / long_treasury,0.192785395062323,0.16037078889989206,-0.03241460616243094,decrease,False,False
panel_a_full,markov_p050,Markov P>=0.50,TLT,DBC,TLT-DBC,broad_commodity / long_treasury,-0.1721365037096222,-0.2597113012892322,-0.08757479757961001,decrease,False,False
panel_a_full,markov_p050,Markov P>=0.50,TLT,USO,TLT-USO,long_treasury / oil,-0.1877045531013663,-0.26803857766866773,-0.08033402456730143,decrease,False,False
panel_a_full,markov_p050,Markov P>=0.50,TLT,VNQ,TLT-VNQ,long_treasury / real_estate,0.12260709580712462,-0.2517770466109102,-0.37438414241803486,decrease,False,False
panel_a_full,markov_p050,Markov P>=0.50,AGG,HYG,AGG-HYG,aggregate_bond / credit,0.1850132702139321,0.25070402696039434,0.06569075674646224,small_increase,True,False
panel_a_full,markov_p050,Markov P>=0.50,AGG,GLD,AGG-GLD,aggregate_bond / gold,0.24886242074719778,0.21646327922771208,-0.0323991415194857,decrease,False,False
panel_a_full,markov_p050,Markov P>=0.50,AGG,DBC,AGG-DBC,aggregate_bond / broad_commodity,-0.10011330892924643,-0.0015214105823119395,0.09859189834693449,small_increase,True,False
panel_a_full,markov_p050,Markov P>=0.50,AGG,USO,AGG-USO,aggregate_bond / oil,-0.13165327673535704,-0.03333395965852625,0.09831931707683078,small_increase,True,False
panel_a_full,markov_p050,Markov P>=0.50,AGG,VNQ,AGG-VNQ,aggregate_bond / real_estate,0.24028450236339238,-0.036612692313793514,-0.2768971946771859,decrease,False,False
panel_a_full,markov_p050,Markov P>=0.50,HYG,GLD,HYG-GLD,credit / gold,0.11422007607724786,0.025852359210004613,-0.08836771686724325,decrease,False,False
panel_a_full,markov_p050,Markov P>=0.50,HYG,DBC,HYG-DBC,broad_commodity / credit,0.2972308169708231,0.39362512215977924,0.09639430518895614,small_increase,True,False
panel_a_full,markov_p050,Markov P>=0.50,HYG,USO,HYG-USO,credit / oil,0.27032637621375705,0.32439930829674735,0.0540729320829903,small_increase,True,False
panel_a_full,markov_p050,Markov P>=0.50,HYG,VNQ,HYG-VNQ,credit / real_estate,0.4942303132544822,0.5359225574288452,0.04169224417436301,small_increase,True,False
panel_a_full,markov_p050,Markov P>=0.50,GLD,DBC,GLD-DBC,broad_commodity / gold,0.34134569166007017,0.3554341056295843,0.014088413969514102,small_increase,True,False
panel_a_full,markov_p050,Markov P>=0.50,GLD,USO,GLD-USO,gold / oil,0.18254900908899085,0.17970141545433546,-0.002847593634655393,decrease,False,False
panel_a_full,markov_p050,Markov P>=0.50,GLD,VNQ,GLD-VNQ,gold / real_estate,0.13981979405420583,0.032245127987163356,-0.10757466606704247,decrease,False,False
panel_a_full,markov_p050,Markov P>=0.50,DBC,USO,DBC-USO,broad_commodity / oil,0.8704296837791476,0.8412894592987732,-0.029140224480374455,decrease,False,False
panel_a_full,markov_p050,Markov P>=0.50,DBC,VNQ,DBC-VNQ,broad_commodity / real_estate,0.10805795903702013,0.3408004218775016,0.23274246284048145,moderate_increase,True,True
panel_a_full,markov_p050,Markov P>=0.50,USO,VNQ,USO-VNQ,oil / real_estate,0.06709684771825265,0.298438036218913,0.23134118850066038,moderate_increase,True,True
panel_a_full,markov_p0975,Markov P>=0.975,SPY,SHY,SPY-SHY,equity / short_treasury,-0.23481092132610099,-0.26551498632703746,-0.030704065000936476,decrease,False,False
panel_a_full,markov_p0975,Markov P>=0.975,SPY,TLT,SPY-TLT,equity / long_treasury,-0.26600846270467154,-0.3887406557066393,-0.12273219300196775,decrease,False,False
panel_a_full,markov_p0975,Markov P>=0.975,SPY,AGG,SPY-AGG,aggregate_bond / equity,-0.11126026759904178,0.06539727576396019,0.176657543363002,moderate_increase,True,True
panel_a_full,markov_p0975,Markov P>=0.975,SPY,HYG,SPY-HYG,credit / equity,0.6622259912880238,0.6981303354319872,0.035904344143963374,small_increase,True,False
panel_a_full,markov_p0975,Markov P>=0.975,SPY,GLD,SPY-GLD,equity / gold,0.08265962614975579,0.015342799413277885,-0.0673168267364779,decrease,False,False
panel_a_full,markov_p0975,Markov P>=0.975,SPY,DBC,SPY-DBC,broad_commodity / equity,0.3678374786072695,0.48069866303748243,0.11286118443021292,moderate_increase,True,True
panel_a_full,markov_p0975,Markov P>=0.975,SPY,USO,SPY-USO,equity / oil,0.32309188772739195,0.4184841608937887,0.09539227316639676,small_increase,True,False
panel_a_full,markov_p0975,Markov P>=0.975,SPY,VNQ,SPY-VNQ,equity / real_estate,0.6692417833129027,0.8061654685246951,0.13692368521179232,moderate_increase,True,True
panel_a_full,markov_p0975,Markov P>=0.975,SHY,TLT,SHY-TLT,long_treasury / short_treasury,0.5673211548496233,0.5648520193628864,-0.002469135486736884,decrease,False,False
panel_a_full,markov_p0975,Markov P>=0.975,SHY,AGG,SHY-AGG,aggregate_bond / short_treasury,0.7398865168802722,0.4310426615742843,-0.3088438553059879,decrease,False,False
panel_a_full,markov_p0975,Markov P>=0.975,SHY,HYG,SHY-HYG,credit / short_treasury,-0.005315842638598033,-0.11888079512826982,-0.11356495248967179,decrease,False,False
panel_a_full,markov_p0975,Markov P>=0.975,SHY,GLD,SHY-GLD,gold / short_treasury,0.23704748493672706,0.19751351424416666,-0.0395339706925604,decrease,False,False
panel_a_full,markov_p0975,Markov P>=0.975,SHY,DBC,SHY-DBC,broad_commodity / short_treasury,-0.0986901724146714,-0.18046345416836757,-0.08177328175369616,decrease,False,False
panel_a_full,markov_p0975,Markov P>=0.975,SHY,USO,SHY-USO,oil / short_treasury,-0.12236922008212917,-0.17675531955401372,-0.05438609947188455,decrease,False,False
panel_a_full,markov_p0975,Markov P>=0.975,SHY,VNQ,SHY-VNQ,real_estate / short_treasury,-0.0691792374456314,-0.2184469833932259,-0.1492677459475945,decrease,False,False
panel_a_full,markov_p0975,Markov P>=0.975,TLT,AGG,TLT-AGG,aggregate_bond / long_treasury,0.860701812008133,0.5488720611259468,-0.31182975088218623,decrease,False,False
panel_a_full,markov_p0975,Markov P>=0.975,TLT,HYG,TLT-HYG,credit / long_treasury,-0.06415994802442027,-0.21250063245047082,-0.14834068442605056,decrease,False,False
panel_a_full,markov_p0975,Markov P>=0.975,TLT,GLD,TLT-GLD,gold / long_treasury,0.16929549690438178,0.17792924824015463,0.008633751335772849,small_increase,True,False
panel_a_full,markov_p0975,Markov P>=0.975,TLT,DBC,TLT-DBC,broad_commodity / long_treasury,-0.19704577805485268,-0.28280259376224903,-0.08575681570739635,decrease,False,False
panel_a_full,markov_p0975,Markov P>=0.975,TLT,USO,TLT-USO,long_treasury / oil,-0.21461641085566438,-0.2826335649565706,-0.06801715410090622,decrease,False,False
panel_a_full,markov_p0975,Markov P>=0.975,TLT,VNQ,TLT-VNQ,long_treasury / real_estate,-0.035832917177811896,-0.29447204033085406,-0.25863912315304216,decrease,False,False
panel_a_full,markov_p0975,Markov P>=0.975,AGG,HYG,AGG-HYG,aggregate_bond / credit,0.1266450256320022,0.3079719164042146,0.18132689077221242,moderate_increase,True,True
panel_a_full,markov_p0975,Markov P>=0.975,AGG,GLD,AGG-GLD,aggregate_bond / gold,0.23889731491829885,0.21176359618652119,-0.027133718731777667,decrease,False,False
panel_a_full,markov_p0975,Markov P>=0.975,AGG,DBC,AGG-DBC,aggregate_bond / broad_commodity,-0.10656655081700586,0.0540258158210471,0.16059236663805296,moderate_increase,True,True
panel_a_full,markov_p0975,Markov P>=0.975,AGG,USO,AGG-USO,aggregate_bond / oil,-0.1346690248416102,0.01151399556511925,0.14618302040672945,moderate_increase,True,True
panel_a_full,markov_p0975,Markov P>=0.975,AGG,VNQ,AGG-VNQ,aggregate_bond / real_estate,0.06768367767920062,-0.024303979292094144,-0.09198765697129477,decrease,False,False
panel_a_full,markov_p0975,Markov P>=0.975,HYG,GLD,HYG-GLD,credit / gold,0.11219875954827051,-0.010609180210758913,-0.12280793975902943,decrease,False,False
panel_a_full,markov_p0975,Markov P>=0.975,HYG,DBC,HYG-DBC,broad_commodity / credit,0.34621322720764874,0.40208506739693095,0.05587184018928221,small_increase,True,False
panel_a_full,markov_p0975,Markov P>=0.975,HYG,USO,HYG-USO,credit / oil,0.31706301326752023,0.3100912177987824,-0.006971795468737829,decrease,False,False
panel_a_full,markov_p0975,Markov P>=0.975,HYG,VNQ,HYG-VNQ,credit / real_estate,0.5189256931996236,0.5353755019261262,0.01644980872650259,small_increase,True,False
panel_a_full,markov_p0975,Markov P>=0.975,GLD,DBC,GLD-DBC,broad_commodity / gold,0.3719378196550089,0.31404638422885417,-0.057891435426154714,decrease,False,False
panel_a_full,markov_p0975,Markov P>=0.975,GLD,USO,GLD-USO,gold / oil,0.2022589675934259,0.14996842145347586,-0.052290546139950045,decrease,False,False
panel_a_full,markov_p0975,Markov P>=0.975,GLD,VNQ,GLD-VNQ,gold / real_estate,0.11364311535893284,0.005380763167860695,-0.10826235219107215,decrease,False,False
panel_a_full,markov_p0975,Markov P>=0.975,DBC,USO,DBC-USO,broad_commodity / oil,0.8717750187477445,0.8254415476919913,-0.04633347105575325,decrease,False,False
panel_a_full,markov_p0975,Markov P>=0.975,DBC,VNQ,DBC-VNQ,broad_commodity / real_estate,0.21011617571490762,0.36134395206288983,0.1512277763479822,moderate_increase,True,True
panel_a_full,markov_p0975,Markov P>=0.975,USO,VNQ,USO-VNQ,oil / real_estate,0.16236017164734365,0.31369894037836377,0.15133876873102012,moderate_increase,True,True
panel_a_full,raw_vix_drawdown,VIX+drawdown raw,SPY,SHY,SPY-SHY,equity / short_treasury,-0.14601599145588445,-0.3584394992133966,-0.21242350775751212,decrease,False,False
panel_a_full,raw_vix_drawdown,VIX+drawdown raw,SPY,TLT,SPY-TLT,equity / long_treasury,-0.22411889789836625,-0.44707484269894354,-0.2229559448005773,decrease,False,False
panel_a_full,raw_vix_drawdown,VIX+drawdown raw,SPY,AGG,SPY-AGG,aggregate_bond / equity,-0.04608762450720631,0.02489333321274848,0.07098095771995479,small_increase,True,False
panel_a_full,raw_vix_drawdown,VIX+drawdown raw,SPY,HYG,SPY-HYG,credit / equity,0.6686207564569528,0.6875284754608239,0.018907719003871004,small_increase,True,False
panel_a_full,raw_vix_drawdown,VIX+drawdown raw,SPY,GLD,SPY-GLD,equity / gold,0.07332425135137317,0.033603827631270226,-0.03972042372010295,decrease,False,False
panel_a_full,raw_vix_drawdown,VIX+drawdown raw,SPY,DBC,SPY-DBC,broad_commodity / equity,0.3503320734595759,0.5135889432569603,0.16325686979738435,moderate_increase,True,True
panel_a_full,raw_vix_drawdown,VIX+drawdown raw,SPY,USO,SPY-USO,equity / oil,0.29655313461531213,0.4444391746366947,0.14788604002138256,moderate_increase,True,True
panel_a_full,raw_vix_drawdown,VIX+drawdown raw,SPY,VNQ,SPY-VNQ,equity / real_estate,0.6786237342160382,0.8121772581354891,0.13355352391945097,moderate_increase,True,True
panel_a_full,raw_vix_drawdown,VIX+drawdown raw,SHY,TLT,SHY-TLT,long_treasury / short_treasury,0.5765335600996917,0.540056769181224,-0.03647679091846767,decrease,False,False
panel_a_full,raw_vix_drawdown,VIX+drawdown raw,SHY,AGG,SHY-AGG,aggregate_bond / short_treasury,0.7562685689691211,0.3660448573491238,-0.3902237116199973,decrease,False,False
panel_a_full,raw_vix_drawdown,VIX+drawdown raw,SHY,HYG,SHY-HYG,credit / short_treasury,0.06540680798408793,-0.1969094262873835,-0.26231623427147144,decrease,False,False
panel_a_full,raw_vix_drawdown,VIX+drawdown raw,SHY,GLD,SHY-GLD,gold / short_treasury,0.2900455976331237,0.08216452848255917,-0.20788106915056453,decrease,False,False
panel_a_full,raw_vix_drawdown,VIX+drawdown raw,SHY,DBC,SHY-DBC,broad_commodity / short_treasury,-0.07018197425772313,-0.23189957197595706,-0.16171759771823394,decrease,False,False
panel_a_full,raw_vix_drawdown,VIX+drawdown raw,SHY,USO,SHY-USO,oil / short_treasury,-0.10333780709280953,-0.19911665853928137,-0.09577885144647184,decrease,False,False
panel_a_full,raw_vix_drawdown,VIX+drawdown raw,SHY,VNQ,SHY-VNQ,real_estate / short_treasury,-0.01414537611048671,-0.29719409288199183,-0.2830487167715051,decrease,False,False
panel_a_full,raw_vix_drawdown,VIX+drawdown raw,TLT,AGG,TLT-AGG,aggregate_bond / long_treasury,0.8459289104491785,0.5244218121251509,-0.3215070983240276,decrease,False,False
panel_a_full,raw_vix_drawdown,VIX+drawdown raw,TLT,HYG,TLT-HYG,credit / long_treasury,-0.02440929076752478,-0.2695288566585916,-0.24511956589106682,decrease,False,False
panel_a_full,raw_vix_drawdown,VIX+drawdown raw,TLT,GLD,TLT-GLD,gold / long_treasury,0.1964599344848904,0.11852160018785109,-0.07793833429703932,decrease,False,False
panel_a_full,raw_vix_drawdown,VIX+drawdown raw,TLT,DBC,TLT-DBC,broad_commodity / long_treasury,-0.19344526517966165,-0.29583675201931947,-0.10239148683965782,decrease,False,False
panel_a_full,raw_vix_drawdown,VIX+drawdown raw,TLT,USO,TLT-USO,long_treasury / oil,-0.21723025279106792,-0.2795520592339784,-0.06232180644291049,decrease,False,False
panel_a_full,raw_vix_drawdown,VIX+drawdown raw,TLT,VNQ,TLT-VNQ,long_treasury / real_estate,-0.0181070281014985,-0.35940582193053483,-0.34129879382903633,decrease,False,False
panel_a_full,raw_vix_drawdown,VIX+drawdown raw,AGG,HYG,AGG-HYG,aggregate_bond / credit,0.1911826358734331,0.28197647715772495,0.09079384128429185,small_increase,True,False
panel_a_full,raw_vix_drawdown,VIX+drawdown raw,AGG,GLD,AGG-GLD,aggregate_bond / gold,0.26734771509962085,0.16286410036030152,-0.10448361473931933,decrease,False,False
panel_a_full,raw_vix_drawdown,VIX+drawdown raw,AGG,DBC,AGG-DBC,aggregate_bond / broad_commodity,-0.08687192814999097,0.05355608594547725,0.1404280140954682,moderate_increase,True,True
panel_a_full,raw_vix_drawdown,VIX+drawdown raw,AGG,USO,AGG-USO,aggregate_bond / oil,-0.12451626286780507,0.018179053832721368,0.14269531670052643,moderate_increase,True,True
panel_a_full,raw_vix_drawdown,VIX+drawdown raw,AGG,VNQ,AGG-VNQ,aggregate_bond / real_estate,0.09556340227233945,-0.06600363954793241,-0.16156704182027187,decrease,False,False
panel_a_full,raw_vix_drawdown,VIX+drawdown raw,HYG,GLD,HYG-GLD,credit / gold,0.10559858854703902,-0.014081339870184275,-0.11967992841722329,decrease,False,False
panel_a_full,raw_vix_drawdown,VIX+drawdown raw,HYG,DBC,HYG-DBC,broad_commodity / credit,0.3279900295240125,0.42035134050352807,0.09236131097951555,small_increase,True,False
panel_a_full,raw_vix_drawdown,VIX+drawdown raw,HYG,USO,HYG-USO,credit / oil,0.2864850461117345,0.3253992661011555,0.03891421998942102,small_increase,True,False
panel_a_full,raw_vix_drawdown,VIX+drawdown raw,HYG,VNQ,HYG-VNQ,credit / real_estate,0.5440135155532928,0.5171294112794322,-0.026884104273860565,decrease,False,False
panel_a_full,raw_vix_drawdown,VIX+drawdown raw,GLD,DBC,GLD-DBC,broad_commodity / gold,0.3557517611380785,0.34290630030067215,-0.012845460837406342,decrease,False,False
panel_a_full,raw_vix_drawdown,VIX+drawdown raw,GLD,USO,GLD-USO,gold / oil,0.19474137920956508,0.16404406439381033,-0.030697314815754745,decrease,False,False
panel_a_full,raw_vix_drawdown,VIX+drawdown raw,GLD,VNQ,GLD-VNQ,gold / real_estate,0.07801251062344239,0.035281748160600285,-0.0427307624628421,decrease,False,False
panel_a_full,raw_vix_drawdown,VIX+drawdown raw,DBC,USO,DBC-USO,broad_commodity / oil,0.8768444149754132,0.8151564364431813,-0.06168797853223196,decrease,False,False
panel_a_full,raw_vix_drawdown,VIX+drawdown raw,DBC,VNQ,DBC-VNQ,broad_commodity / real_estate,0.19833339575346073,0.39382939941869677,0.19549600366523603,moderate_increase,True,True
panel_a_full,raw_vix_drawdown,VIX+drawdown raw,USO,VNQ,USO-VNQ,oil / real_estate,0.1473609747310344,0.3424478351394577,0.1950868604084233,moderate_increase,True,True
panel_a_full,vix_only_q0975,VIX-only q97.5,SPY,SHY,SPY-SHY,equity / short_treasury,-0.1774951624176204,-0.4449390810868226,-0.26744391866920225,decrease,False,False
panel_a_full,vix_only_q0975,VIX-only q97.5,SPY,TLT,SPY-TLT,equity / long_treasury,-0.27651318444126477,-0.46600697854126577,-0.189493794100001,decrease,False,False
panel_a_full,vix_only_q0975,VIX-only q97.5,SPY,AGG,SPY-AGG,aggregate_bond / equity,-0.05899144615599735,0.07941754014854444,0.1384089863045418,moderate_increase,True,True
panel_a_full,vix_only_q0975,VIX-only q97.5,SPY,HYG,SPY-HYG,credit / equity,0.6408807509685487,0.744725974610398,0.10384522364184934,moderate_increase,True,True
panel_a_full,vix_only_q0975,VIX-only q97.5,SPY,GLD,SPY-GLD,equity / gold,0.08011567191413062,-0.06372516772481734,-0.14384083963894795,decrease,False,False
panel_a_full,vix_only_q0975,VIX-only q97.5,SPY,DBC,SPY-DBC,broad_commodity / equity,0.3717681410391553,0.5693376333829575,0.19756949234380222,moderate_increase,True,True
panel_a_full,vix_only_q0975,VIX-only q97.5,SPY,USO,SPY-USO,equity / oil,0.31179623222895947,0.552370267194579,0.24057403496561958,moderate_increase,True,True
panel_a_full,vix_only_q0975,VIX-only q97.5,SPY,VNQ,SPY-VNQ,equity / real_estate,0.7255567603528374,0.8430335753502624,0.1174768149974249,moderate_increase,True,True
panel_a_full,vix_only_q0975,VIX-only q97.5,SHY,TLT,SHY-TLT,long_treasury / short_treasury,0.5601286584455701,0.5918617799328177,0.031733121487247606,small_increase,True,False
panel_a_full,vix_only_q0975,VIX-only q97.5,SHY,AGG,SHY-AGG,aggregate_bond / short_treasury,0.7086889960404085,0.27694998275119886,-0.4317390132892096,decrease,False,False
panel_a_full,vix_only_q0975,VIX-only q97.5,SHY,HYG,SHY-HYG,credit / short_treasury,0.03759019350430143,-0.32443645848437225,-0.3620266519886737,decrease,False,False
panel_a_full,vix_only_q0975,VIX-only q97.5,SHY,GLD,SHY-GLD,gold / short_treasury,0.24514724016479175,0.11622164739030205,-0.1289255927744897,decrease,False,False
panel_a_full,vix_only_q0975,VIX-only q97.5,SHY,DBC,SHY-DBC,broad_commodity / short_treasury,-0.07607088619563866,-0.38114999465599586,-0.3050791084603572,decrease,False,False
panel_a_full,vix_only_q0975,VIX-only q97.5,SHY,USO,SHY-USO,oil / short_treasury,-0.09786103722920374,-0.34320751138879835,-0.2453464741595946,decrease,False,False
panel_a_full,vix_only_q0975,VIX-only q97.5,SHY,VNQ,SHY-VNQ,real_estate / short_treasury,-0.08818291683257098,-0.3266433876473383,-0.23846047081476732,decrease,False,False
panel_a_full,vix_only_q0975,VIX-only q97.5,TLT,AGG,TLT-AGG,aggregate_bond / long_treasury,0.8055752063355601,0.46512037510348136,-0.34045483123207876,decrease,False,False
panel_a_full,vix_only_q0975,VIX-only q97.5,TLT,HYG,TLT-HYG,credit / long_treasury,-0.07522284081578107,-0.31003986435717573,-0.23481702354139466,decrease,False,False
panel_a_full,vix_only_q0975,VIX-only q97.5,TLT,GLD,TLT-GLD,gold / long_treasury,0.1756106178536915,0.16120794798889082,-0.014402669864800682,decrease,False,False
panel_a_full,vix_only_q0975,VIX-only q97.5,TLT,DBC,TLT-DBC,broad_commodity / long_treasury,-0.21188369126380946,-0.31007366594283675,-0.09818997467902729,decrease,False,False
panel_a_full,vix_only_q0975,VIX-only q97.5,TLT,USO,TLT-USO,long_treasury / oil,-0.22432152176097447,-0.31212447205919003,-0.08780295029821555,decrease,False,False
panel_a_full,vix_only_q0975,VIX-only q97.5,TLT,VNQ,TLT-VNQ,long_treasury / real_estate,-0.10896212571895944,-0.3855705387163841,-0.27660841299742467,decrease,False,False
panel_a_full,vix_only_q0975,VIX-only q97.5,AGG,HYG,AGG-HYG,aggregate_bond / credit,0.1767022554598753,0.3421854712897888,0.16548321582991352,moderate_increase,True,True
panel_a_full,vix_only_q0975,VIX-only q97.5,AGG,GLD,AGG-GLD,aggregate_bond / gold,0.23614329622498142,0.19747279621991387,-0.038670500005067554,decrease,False,False
panel_a_full,vix_only_q0975,VIX-only q97.5,AGG,DBC,AGG-DBC,aggregate_bond / broad_commodity,-0.08014721271917524,0.12558981771484443,0.20573703043401967,moderate_increase,True,True
panel_a_full,vix_only_q0975,VIX-only q97.5,AGG,USO,AGG-USO,aggregate_bond / oil,-0.11271266339524282,0.08935855433544501,0.2020712177306878,moderate_increase,True,True
panel_a_full,vix_only_q0975,VIX-only q97.5,AGG,VNQ,AGG-VNQ,aggregate_bond / real_estate,0.03155270252094974,-0.0555234999644327,-0.08707620248538243,decrease,False,False
panel_a_full,vix_only_q0975,VIX-only q97.5,HYG,GLD,HYG-GLD,credit / gold,0.09088256406127974,-0.09015881747062426,-0.18104138153190402,decrease,False,False
panel_a_full,vix_only_q0975,VIX-only q97.5,HYG,DBC,HYG-DBC,broad_commodity / credit,0.31828179877914026,0.5081825907401936,0.1899007919610533,moderate_increase,True,True
panel_a_full,vix_only_q0975,VIX-only q97.5,HYG,USO,HYG-USO,credit / oil,0.25073079347805716,0.45795386728885845,0.2072230738108013,moderate_increase,True,True
panel_a_full,vix_only_q0975,VIX-only q97.5,HYG,VNQ,HYG-VNQ,credit / real_estate,0.5077877955469253,0.5909020581199191,0.08311426257299381,small_increase,True,False
panel_a_full,vix_only_q0975,VIX-only q97.5,GLD,DBC,GLD-DBC,broad_commodity / gold,0.3662239032888445,0.2579902225761557,-0.1082336807126888,decrease,False,False
panel_a_full,vix_only_q0975,VIX-only q97.5,GLD,USO,GLD-USO,gold / oil,0.1959904949641285,0.09127986468109373,-0.10471063028303476,decrease,False,False
panel_a_full,vix_only_q0975,VIX-only q97.5,GLD,VNQ,GLD-VNQ,gold / real_estate,0.09286945319415245,-0.12041447002322435,-0.2132839232173768,decrease,False,False
panel_a_full,vix_only_q0975,VIX-only q97.5,DBC,USO,DBC-USO,broad_commodity / oil,0.8471698042799696,0.8561130288229243,0.008943224542954709,small_increase,True,False
panel_a_full,vix_only_q0975,VIX-only q97.5,DBC,VNQ,DBC-VNQ,broad_commodity / real_estate,0.24061539580007962,0.43365796063372,0.19304256483364035,moderate_increase,True,True
panel_a_full,vix_only_q0975,VIX-only q97.5,USO,VNQ,USO-VNQ,oil / real_estate,0.18234285321718438,0.4710766786916836,0.2887338254744992,strong_increase,True,True
panel_a_representative,markov_p050,Markov P>=0.50,SPY,AGG,SPY-AGG,aggregate_bond / equity,-0.05784816367102966,0.008131587731621601,0.06597975140265126,small_increase,True,False
panel_a_representative,markov_p050,Markov P>=0.50,SPY,DBC,SPY-DBC,broad_commodity / equity,0.2733526059180745,0.4679342511149448,0.19458164519687032,moderate_increase,True,True
panel_a_representative,markov_p050,Markov P>=0.50,SPY,VNQ,SPY-VNQ,equity / real_estate,0.5871906700545212,0.7947950335221042,0.20760436346758304,moderate_increase,True,True
panel_a_representative,markov_p050,Markov P>=0.50,AGG,DBC,AGG-DBC,aggregate_bond / broad_commodity,-0.0841107387280275,-0.0015214105823119395,0.08258932814571557,small_increase,True,False
panel_a_representative,markov_p050,Markov P>=0.50,AGG,VNQ,AGG-VNQ,aggregate_bond / real_estate,0.22389134076298936,-0.036612692313793514,-0.2605040330767829,decrease,False,False
panel_a_representative,markov_p050,Markov P>=0.50,DBC,VNQ,DBC-VNQ,broad_commodity / real_estate,0.0990654037970265,0.3408004218775016,0.2417350180804751,moderate_increase,True,True
panel_a_representative,markov_p0975,Markov P>=0.975,SPY,AGG,SPY-AGG,aggregate_bond / equity,-0.10313750446310652,0.06539727576396019,0.1685347802270667,moderate_increase,True,True
panel_a_representative,markov_p0975,Markov P>=0.975,SPY,DBC,SPY-DBC,broad_commodity / equity,0.3504611180187122,0.48069866303748243,0.13023754501877022,moderate_increase,True,True
panel_a_representative,markov_p0975,Markov P>=0.975,SPY,VNQ,SPY-VNQ,equity / real_estate,0.667074933909122,0.8061654685246951,0.13909053461557308,moderate_increase,True,True
panel_a_representative,markov_p0975,Markov P>=0.975,AGG,DBC,AGG-DBC,aggregate_bond / broad_commodity,-0.09701551241527515,0.0540258158210471,0.15104132823632224,moderate_increase,True,True
panel_a_representative,markov_p0975,Markov P>=0.975,AGG,VNQ,AGG-VNQ,aggregate_bond / real_estate,0.06817580472029267,-0.024303979292094144,-0.09247978401238681,decrease,False,False
panel_a_representative,markov_p0975,Markov P>=0.975,DBC,VNQ,DBC-VNQ,broad_commodity / real_estate,0.19731952678431774,0.36134395206288983,0.16402442527857208,moderate_increase,True,True
panel_a_representative,raw_vix_drawdown,VIX+drawdown raw,SPY,AGG,SPY-AGG,aggregate_bond / equity,-0.04083952194530827,0.023865131377147006,0.06470465332245529,small_increase,True,False
panel_a_representative,raw_vix_drawdown,VIX+drawdown raw,SPY,DBC,SPY-DBC,broad_commodity / equity,0.3343439044820893,0.5121751715025497,0.17783126702046037,moderate_increase,True,True
panel_a_representative,raw_vix_drawdown,VIX+drawdown raw,SPY,VNQ,SPY-VNQ,equity / real_estate,0.6760555379939066,0.8115645985072597,0.1355090605133531,moderate_increase,True,True
panel_a_representative,raw_vix_drawdown,VIX+drawdown raw,AGG,DBC,AGG-DBC,aggregate_bond / broad_commodity,-0.07984574719544028,0.05265211326206751,0.13249786045750778,moderate_increase,True,True
panel_a_representative,raw_vix_drawdown,VIX+drawdown raw,AGG,VNQ,AGG-VNQ,aggregate_bond / real_estate,0.09550978913772915,-0.06614657795938103,-0.16165636709711018,decrease,False,False
panel_a_representative,raw_vix_drawdown,VIX+drawdown raw,DBC,VNQ,DBC-VNQ,broad_commodity / real_estate,0.18650083892505012,0.39302839294809816,0.20652755402304804,moderate_increase,True,True
panel_a_representative,vix_only_q0975,VIX-only q97.5,SPY,AGG,SPY-AGG,aggregate_bond / equity,-0.055067660365553696,0.076894986279057,0.1319626466446107,moderate_increase,True,True
panel_a_representative,vix_only_q0975,VIX-only q97.5,SPY,DBC,SPY-DBC,broad_commodity / equity,0.35987595355658875,0.556145154531186,0.1962692009745972,moderate_increase,True,True
panel_a_representative,vix_only_q0975,VIX-only q97.5,SPY,VNQ,SPY-VNQ,equity / real_estate,0.7234779988945405,0.8401445010275299,0.11666650213298946,moderate_increase,True,True
panel_a_representative,vix_only_q0975,VIX-only q97.5,AGG,DBC,AGG-DBC,aggregate_bond / broad_commodity,-0.07478895045154389,0.12072269793380969,0.19551164838535356,moderate_increase,True,True
panel_a_representative,vix_only_q0975,VIX-only q97.5,AGG,VNQ,AGG-VNQ,aggregate_bond / real_estate,0.03326193608188113,-0.05687149660893519,-0.09013343269081632,decrease,False,False
panel_a_representative,vix_only_q0975,VIX-only q97.5,DBC,VNQ,DBC-VNQ,broad_commodity / real_estate,0.2301870720235441,0.4261561615072176,0.19596908948367348,moderate_increase,True,True
panel_b_international_equity,markov_p050,Markov P>=0.50,SPY,EFA,SPY-EFA,equity / equity,0.800257191406949,0.9089992805272926,0.10874208912034367,moderate_increase,True,True
panel_b_international_equity,markov_p050,Markov P>=0.50,SPY,EEM,SPY-EEM,equity / equity,0.7226848126541046,0.8533162075095341,0.13063139485542952,moderate_increase,True,True
panel_b_international_equity,markov_p050,Markov P>=0.50,SPY,EWG,SPY-EWG,equity / equity,0.7261434544837123,0.8546350362249784,0.12849158174126607,moderate_increase,True,True
panel_b_international_equity,markov_p050,Markov P>=0.50,SPY,EWU,SPY-EWU,equity / equity,0.7031710354200835,0.8674920677621106,0.1643210323420271,moderate_increase,True,True
panel_b_international_equity,markov_p050,Markov P>=0.50,SPY,EWJ,SPY-EWJ,equity / equity,0.6419425945747008,0.8151679140927973,0.1732253195180965,moderate_increase,True,True
panel_b_international_equity,markov_p050,Markov P>=0.50,EFA,EEM,EFA-EEM,equity / equity,0.7890974933839747,0.8998933318298591,0.11079583844588436,moderate_increase,True,True
panel_b_international_equity,markov_p050,Markov P>=0.50,EFA,EWG,EFA-EWG,equity / equity,0.8952465612837028,0.9488427194273638,0.05359615814366092,small_increase,True,False
panel_b_international_equity,markov_p050,Markov P>=0.50,EFA,EWU,EFA-EWU,equity / equity,0.8838186593699169,0.9479456813374723,0.06412702196755538,small_increase,True,False
panel_b_international_equity,markov_p050,Markov P>=0.50,EFA,EWJ,EFA-EWJ,equity / equity,0.7855654187218147,0.8884633440216345,0.10289792529981978,moderate_increase,True,True
panel_b_international_equity,markov_p050,Markov P>=0.50,EEM,EWG,EEM-EWG,equity / equity,0.7031822794568504,0.8393662681206778,0.13618398866382742,moderate_increase,True,True
panel_b_international_equity,markov_p050,Markov P>=0.50,EEM,EWU,EEM-EWU,equity / equity,0.700658271560045,0.8568760230142227,0.1562177514541777,moderate_increase,True,True
panel_b_international_equity,markov_p050,Markov P>=0.50,EEM,EWJ,EEM-EWJ,equity / equity,0.6287109888779778,0.8010745211133974,0.17236353223541956,moderate_increase,True,True
panel_b_international_equity,markov_p050,Markov P>=0.50,EWG,EWU,EWG-EWU,equity / equity,0.790951052538451,0.8951805644128208,0.1042295118743698,moderate_increase,True,True
panel_b_international_equity,markov_p050,Markov P>=0.50,EWG,EWJ,EWG-EWJ,equity / equity,0.6105436822643152,0.796335773740225,0.1857920914759098,moderate_increase,True,True
panel_b_international_equity,markov_p050,Markov P>=0.50,EWU,EWJ,EWU-EWJ,equity / equity,0.5885803222833969,0.7980833721161819,0.209503049832785,moderate_increase,True,True
panel_b_international_equity,markov_p0975,Markov P>=0.975,SPY,EFA,SPY-EFA,equity / equity,0.8258015645706283,0.9251397032898513,0.09933813871922303,small_increase,True,False
panel_b_international_equity,markov_p0975,Markov P>=0.975,SPY,EEM,SPY-EEM,equity / equity,0.7548665672658025,0.86899334681253,0.11412677954672756,moderate_increase,True,True
panel_b_international_equity,markov_p0975,Markov P>=0.975,SPY,EWG,SPY-EWG,equity / equity,0.7585918348548337,0.8735898820245526,0.11499804716971884,moderate_increase,True,True
panel_b_international_equity,markov_p0975,Markov P>=0.975,SPY,EWU,SPY-EWU,equity / equity,0.7468394458788523,0.887608982016439,0.1407695361375867,moderate_increase,True,True
panel_b_international_equity,markov_p0975,Markov P>=0.975,SPY,EWJ,SPY-EWJ,equity / equity,0.6538850889204612,0.8615231129839239,0.20763802406346277,moderate_increase,True,True
panel_b_international_equity,markov_p0975,Markov P>=0.975,EFA,EEM,EFA-EEM,equity / equity,0.8181582228784776,0.9122986584978253,0.0941404356193477,small_increase,True,False
panel_b_international_equity,markov_p0975,Markov P>=0.975,EFA,EWG,EFA-EWG,equity / equity,0.9124377024249138,0.9533138065873749,0.04087610416246101,small_increase,True,False
panel_b_international_equity,markov_p0975,Markov P>=0.975,EFA,EWU,EFA-EWU,equity / equity,0.9022546358015429,0.955029900194683,0.052775264393140175,small_increase,True,False
panel_b_international_equity,markov_p0975,Markov P>=0.975,EFA,EWJ,EFA-EWJ,equity / equity,0.78620566413331,0.920323244681878,0.13411758054856804,moderate_increase,True,True
panel_b_international_equity,markov_p0975,Markov P>=0.975,EEM,EWG,EEM-EWG,equity / equity,0.7393514155543375,0.8556020932360934,0.1162506776817559,moderate_increase,True,True
panel_b_international_equity,markov_p0975,Markov P>=0.975,EEM,EWU,EEM-EWU,equity / equity,0.745902535729923,0.8707553832580833,0.12485284752816028,moderate_increase,True,True
panel_b_international_equity,markov_p0975,Markov P>=0.975,EEM,EWJ,EEM-EWJ,equity / equity,0.6439148311823725,0.8471080452262302,0.2031932140438577,moderate_increase,True,True
panel_b_international_equity,markov_p0975,Markov P>=0.975,EWG,EWU,EWG-EWU,equity / equity,0.8208982078806938,0.9070283414655788,0.08613013358488497,small_increase,True,False
panel_b_international_equity,markov_p0975,Markov P>=0.975,EWG,EWJ,EWG-EWJ,equity / equity,0.630549826966301,0.8430930452646456,0.21254321829834455,moderate_increase,True,True
panel_b_international_equity,markov_p0975,Markov P>=0.975,EWU,EWJ,EWU-EWJ,equity / equity,0.6147936498533276,0.8444937240836307,0.22970007423030303,moderate_increase,True,True
panel_b_international_equity,raw_vix_drawdown,VIX+drawdown raw,SPY,EFA,SPY-EFA,equity / equity,0.8251155684455493,0.9260424887862889,0.10092692034073958,moderate_increase,True,True
panel_b_international_equity,raw_vix_drawdown,VIX+drawdown raw,SPY,EEM,SPY-EEM,equity / equity,0.7496928938033101,0.8684476207510426,0.11875472694773259,moderate_increase,True,True
panel_b_international_equity,raw_vix_drawdown,VIX+drawdown raw,SPY,EWG,SPY-EWG,equity / equity,0.7566565720321393,0.8774538273754485,0.1207972553433092,moderate_increase,True,True
panel_b_international_equity,raw_vix_drawdown,VIX+drawdown raw,SPY,EWU,SPY-EWU,equity / equity,0.7378161476782824,0.8938321300394646,0.1560159823611822,moderate_increase,True,True
panel_b_international_equity,raw_vix_drawdown,VIX+drawdown raw,SPY,EWJ,SPY-EWJ,equity / equity,0.6501964380760035,0.8574233446163206,0.20722690654031717,moderate_increase,True,True
panel_b_international_equity,raw_vix_drawdown,VIX+drawdown raw,EFA,EEM,EFA-EEM,equity / equity,0.8129180760732689,0.9151590162555149,0.10224094018224594,moderate_increase,True,True
panel_b_international_equity,raw_vix_drawdown,VIX+drawdown raw,EFA,EWG,EFA-EWG,equity / equity,0.9121904824011419,0.9544454989440195,0.042255016542877666,small_increase,True,False
panel_b_international_equity,raw_vix_drawdown,VIX+drawdown raw,EFA,EWU,EFA-EWU,equity / equity,0.8940033037149321,0.9628717672843772,0.0688684635694451,small_increase,True,False
panel_b_international_equity,raw_vix_drawdown,VIX+drawdown raw,EFA,EWJ,EFA-EWJ,equity / equity,0.7876135885832031,0.9123060100916496,0.1246924215084465,moderate_increase,True,True
panel_b_international_equity,raw_vix_drawdown,VIX+drawdown raw,EEM,EWG,EEM-EWG,equity / equity,0.7333825671834273,0.8615059423987516,0.12812337521532424,moderate_increase,True,True
panel_b_international_equity,raw_vix_drawdown,VIX+drawdown raw,EEM,EWU,EEM-EWU,equity / equity,0.7295703937791904,0.8826156337189104,0.15304523993971997,moderate_increase,True,True
panel_b_international_equity,raw_vix_drawdown,VIX+drawdown raw,EEM,EWJ,EEM-EWJ,equity / equity,0.6404624551822893,0.8434108141771155,0.20294835899482622,moderate_increase,True,True
panel_b_international_equity,raw_vix_drawdown,VIX+drawdown raw,EWG,EWU,EWG-EWU,equity / equity,0.8108784493935903,0.9187714277013473,0.10789297830775701,moderate_increase,True,True
panel_b_international_equity,raw_vix_drawdown,VIX+drawdown raw,EWG,EWJ,EWG-EWJ,equity / equity,0.6344756241260114,0.8330793328651395,0.19860370873912803,moderate_increase,True,True
panel_b_international_equity,raw_vix_drawdown,VIX+drawdown raw,EWU,EWJ,EWU-EWJ,equity / equity,0.6077801825804839,0.8453224896368919,0.237542307056408,moderate_increase,True,True
panel_b_international_equity,vix_only_q0975,VIX-only q97.5,SPY,EFA,SPY-EFA,equity / equity,0.8551477127921671,0.9322996563501881,0.07715194355802102,small_increase,True,False
panel_b_international_equity,vix_only_q0975,VIX-only q97.5,SPY,EEM,SPY-EEM,equity / equity,0.7855566779635161,0.8750179913224087,0.08946131335889251,small_increase,True,False
panel_b_international_equity,vix_only_q0975,VIX-only q97.5,SPY,EWG,SPY-EWG,equity / equity,0.7921611735908137,0.8872786307413167,0.09511745715050302,small_increase,True,False
panel_b_international_equity,vix_only_q0975,VIX-only q97.5,SPY,EWU,SPY-EWU,equity / equity,0.7890402357476082,0.9001255015629948,0.11108526581538658,moderate_increase,True,True
panel_b_international_equity,vix_only_q0975,VIX-only q97.5,SPY,EWJ,SPY-EWJ,equity / equity,0.6978092688626979,0.8735601048466165,0.1757508359839186,moderate_increase,True,True
panel_b_international_equity,vix_only_q0975,VIX-only q97.5,EFA,EEM,EFA-EEM,equity / equity,0.8404926946365905,0.9285549772643024,0.08806228262771187,small_increase,True,False
panel_b_international_equity,vix_only_q0975,VIX-only q97.5,EFA,EWG,EFA-EWG,equity / equity,0.9250281382097965,0.956960112368837,0.03193197415904059,small_increase,True,False
panel_b_international_equity,vix_only_q0975,VIX-only q97.5,EFA,EWU,EFA-EWU,equity / equity,0.914806430576032,0.9682633600105843,0.05345692943455238,small_increase,True,False
panel_b_international_equity,vix_only_q0975,VIX-only q97.5,EFA,EWJ,EFA-EWJ,equity / equity,0.8144468646602048,0.9228258610497269,0.10837899638952209,moderate_increase,True,True
panel_b_international_equity,vix_only_q0975,VIX-only q97.5,EEM,EWG,EEM-EWG,equity / equity,0.7672724824368893,0.880128760287181,0.11285627785029173,moderate_increase,True,True
panel_b_international_equity,vix_only_q0975,VIX-only q97.5,EEM,EWU,EEM-EWU,equity / equity,0.7748729702629076,0.8969288720735976,0.12205590181069004,moderate_increase,True,True
panel_b_international_equity,vix_only_q0975,VIX-only q97.5,EEM,EWJ,EEM-EWJ,equity / equity,0.6885023859830801,0.8555309885816202,0.16702860259854013,moderate_increase,True,True
panel_b_international_equity,vix_only_q0975,VIX-only q97.5,EWG,EWU,EWG-EWU,equity / equity,0.8421566668626331,0.9269049452271065,0.0847482783644734,small_increase,True,False
panel_b_international_equity,vix_only_q0975,VIX-only q97.5,EWG,EWJ,EWG-EWJ,equity / equity,0.6776752232937192,0.8628777034702206,0.18520248017650143,moderate_increase,True,True
panel_b_international_equity,vix_only_q0975,VIX-only q97.5,EWU,EWJ,EWU-EWJ,equity / equity,0.6670422951200132,0.8556663167685489,0.18862402164853564,moderate_increase,True,True
