universe,label,label_name,n_assets,n_pairs,n_calm_days,n_stress_days,stress_share,avg_corr_calm,avg_corr_stress,avg_corr_diff,median_corr_diff,share_pairs_increased,share_pairs_moderate_or_stronger
panel_a_full,markov_p050,Markov P>=0.50,9,36,2443,2268,0.4814264487369985,0.19490669011051806,0.1702924085184542,-0.024614281592063858,-0.02431687155743345,0.3888888888888889,0.1388888888888889
panel_a_full,markov_p0975,Markov P>=0.975,9,36,3764,947,0.20101889195499895,0.1855139571903389,0.15975030951150712,-0.025763647678831762,-0.042933720874156825,0.3611111111111111,0.2222222222222222
panel_a_full,raw_vix_drawdown,VIX+drawdown raw,9,36,3928,783,0.16620675015920186,0.1999681944431052,0.13904220938442113,-0.06092598505868406,-0.05220937049753703,0.3333333333333333,0.19444444444444445
panel_a_full,vix_only_q0975,VIX-only q97.5,9,36,4491,220,0.04669921460411802,0.18366074696436901,0.13577765908068595,-0.047883087883683055,-0.087439576391799,0.4166666666666667,0.3333333333333333
panel_a_representative,markov_p050,Markov P>=0.50,4,6,2738,2268,0.45305633240111864,0.1735901863555924,0.26225453189167774,0.08866434553608542,0.13858548667129295,0.8333333333333334,0.5
panel_a_representative,markov_p0975,Markov P>=0.975,4,6,4059,947,0.18917299240910906,0.18047972775901047,0.29055453265299674,0.11007480489398624,0.14506593142594765,0.8333333333333334,0.8333333333333334
panel_a_representative,raw_vix_drawdown,VIX+drawdown raw,4,6,4198,808,0.1614063124250899,0.1952874668996711,0.28785647160629013,0.09256900470661905,0.13400346048543044,0.8333333333333334,0.6666666666666666
panel_a_representative,vix_only_q0975,VIX-only q97.5,4,6,4765,241,0.04814222932481023,0.2028243916232428,0.3271986674449775,0.12437427582173466,0.16373714751498214,0.8333333333333334,0.8333333333333334
panel_b_international_equity,markov_p050,Markov P>=0.50,6,15,3436,2279,0.39877515310586176,0.7313702545519998,0.8647781403500379,0.13340788579803817,0.13063139485542952,1.0,0.8666666666666667
panel_b_international_equity,markov_p0975,Markov P>=0.975,6,15,4768,947,0.16570428696412948,0.7569634129263852,0.8883934179748879,0.13143000504850283,0.1162506776817559,1.0,0.6666666666666666
panel_b_international_equity,raw_vix_drawdown,VIX+drawdown raw,6,15,4889,826,0.14453193350831145,0.7521835162035214,0.8901791563094856,0.137995640105964,0.1246924215084465,1.0,0.8666666666666667
panel_b_international_equity,vix_only_q0975,VIX-only q97.5,6,15,5473,242,0.04234470691163605,0.788800748066578,0.90152825212835,0.11272750406177208,0.10837899638952209,1.0,0.5333333333333333
