universe,pair,asset_i,asset_j,pair_type,labels_tested,positive_count,moderate_or_stronger_count,avg_delta_corr,min_delta_corr,max_delta_corr,consensus
panel_a_full,USO-VNQ,USO,VNQ,oil / real_estate,4,4,4,0.21662516077865074,0.15133876873102012,0.2887338254744992,always_increases
panel_a_full,DBC-VNQ,DBC,VNQ,broad_commodity / real_estate,4,4,4,0.193127201921835,0.1512277763479822,0.23274246284048145,always_increases
panel_a_full,SPY-USO,SPY,USO,equity / oil,4,4,3,0.1639682766011009,0.09539227316639676,0.24057403496561958,always_increases
panel_a_full,SPY-DBC,SPY,DBC,broad_commodity / equity,4,4,4,0.1619284938780129,0.11286118443021292,0.19756949234380222,always_increases
panel_a_full,AGG-DBC,AGG,DBC,aggregate_bond / broad_commodity,4,4,3,0.15133732737861885,0.09859189834693449,0.20573703043401967,always_increases
panel_a_full,SPY-VNQ,SPY,VNQ,equity / real_estate,4,4,4,0.14944551975208553,0.1174768149974249,0.20982805487967393,always_increases
panel_a_full,AGG-USO,AGG,USO,aggregate_bond / oil,4,4,3,0.14731721797869363,0.09831931707683078,0.2020712177306878,always_increases
panel_a_full,AGG-HYG,AGG,HYG,aggregate_bond / credit,4,4,2,0.12582367615822002,0.06569075674646224,0.18132689077221242,always_increases
panel_a_full,SPY-AGG,SPY,AGG,aggregate_bond / equity,4,4,2,0.11590297106154918,0.07098095771995479,0.176657543363002,always_increases
panel_a_full,HYG-DBC,HYG,DBC,broad_commodity / credit,4,4,1,0.1086320620797018,0.05587184018928221,0.1899007919610533,always_increases
panel_a_full,HYG-USO,HYG,USO,credit / oil,4,3,1,0.0733096076036187,-0.006971795468737829,0.2072230738108013,mixed
panel_a_full,SPY-HYG,SPY,HYG,credit / equity,4,4,1,0.04622017183332833,0.018907719003871004,0.10384522364184934,always_increases
panel_a_full,HYG-VNQ,HYG,VNQ,credit / real_estate,4,3,0,0.028593052799999713,-0.026884104273860565,0.08311426257299381,mixed
panel_a_full,SHY-TLT,SHY,TLT,long_treasury / short_treasury,4,1,0,-0.006676580888112349,-0.03647679091846767,0.031733121487247606,mixed
panel_a_full,TLT-GLD,TLT,GLD,gold / long_treasury,4,1,0,-0.029030464747124524,-0.07793833429703932,0.008633751335772849,mixed
panel_a_full,DBC-USO,DBC,USO,broad_commodity / oil,4,1,0,-0.03205461238135124,-0.06168797853223196,0.008943224542954709,mixed
panel_a_full,GLD-DBC,GLD,DBC,broad_commodity / gold,4,1,0,-0.04122054075168394,-0.1082336807126888,0.014088413969514102,mixed
panel_a_full,GLD-USO,GLD,USO,gold / oil,4,0,0,-0.047636521218348736,-0.10471063028303476,-0.002847593634655393,always_decreases
panel_a_full,AGG-GLD,AGG,GLD,aggregate_bond / gold,4,0,0,-0.05067174374891256,-0.10448361473931933,-0.027133718731777667,always_decreases
panel_a_full,SPY-GLD,SPY,GLD,equity / gold,4,0,0,-0.066342791248117,-0.14384083963894795,-0.014493074896939191,always_decreases
panel_a_full,TLT-USO,TLT,USO,long_treasury / oil,4,0,0,-0.07461898385233343,-0.08780295029821555,-0.06232180644291049,always_decreases
panel_a_full,TLT-DBC,TLT,DBC,broad_commodity / long_treasury,4,0,0,-0.09347826870142287,-0.10239148683965782,-0.08575681570739635,always_decreases
panel_a_full,SHY-GLD,SHY,GLD,gold / short_treasury,4,0,0,-0.09687143343647522,-0.20788106915056453,-0.011145101128286261,always_decreases
panel_a_full,SHY-USO,SHY,USO,oil / short_treasury,4,0,0,-0.10693517504774644,-0.2453464741595946,-0.032229275113034736,always_decreases
panel_a_full,GLD-VNQ,GLD,VNQ,gold / real_estate,4,0,0,-0.11796292598458338,-0.2132839232173768,-0.0427307624628421,always_decreases
panel_a_full,HYG-GLD,HYG,GLD,credit / gold,4,0,0,-0.12797424164385002,-0.18104138153190402,-0.08836771686724325,always_decreases
panel_a_full,SPY-SHY,SPY,SHY,equity / short_treasury,4,0,0,-0.14557859667991796,-0.26744391866920225,-0.030704065000936476,always_decreases
panel_a_full,SHY-DBC,SHY,DBC,broad_commodity / short_treasury,4,0,0,-0.14564977730447776,-0.3050791084603572,-0.034029121285623784,always_decreases
panel_a_full,AGG-VNQ,AGG,VNQ,aggregate_bond / real_estate,4,0,0,-0.15438202398853373,-0.2768971946771859,-0.08707620248538243,always_decreases
panel_a_full,SPY-TLT,SPY,TLT,equity / long_treasury,4,0,0,-0.16813383673696275,-0.2229559448005773,-0.12273219300196775,always_decreases
panel_a_full,TLT-HYG,TLT,HYG,credit / long_treasury,4,0,0,-0.20113262015354022,-0.24511956589106682,-0.14834068442605056,always_decreases
panel_a_full,SHY-HYG,SHY,HYG,credit / short_treasury,4,0,0,-0.21458829187364592,-0.3620266519886737,-0.11356495248967179,always_decreases
panel_a_full,SHY-VNQ,SHY,VNQ,real_estate / short_treasury,4,0,0,-0.2440711223926693,-0.30550755603681023,-0.1492677459475945,always_decreases
panel_a_full,TLT-AGG,TLT,AGG,aggregate_bond / long_treasury,4,0,0,-0.3009022403505103,-0.34045483123207876,-0.22981728096374865,always_decreases
panel_a_full,TLT-VNQ,TLT,VNQ,long_treasury / real_estate,4,0,0,-0.3127326180993845,-0.37438414241803486,-0.25863912315304216,always_decreases
panel_a_full,SHY-AGG,SHY,AGG,aggregate_bond / short_treasury,4,0,0,-0.336268348515076,-0.4317390132892096,-0.21426681384510904,always_decreases
panel_a_representative,DBC-VNQ,DBC,VNQ,broad_commodity / real_estate,4,4,4,0.20206402171644217,0.16402442527857208,0.2417350180804751,always_increases
panel_a_representative,SPY-DBC,SPY,DBC,broad_commodity / equity,4,4,4,0.17472991455267453,0.13023754501877022,0.1962692009745972,always_increases
panel_a_representative,SPY-VNQ,SPY,VNQ,equity / real_estate,4,4,4,0.14971761518237467,0.11666650213298946,0.20760436346758304,always_increases
panel_a_representative,AGG-DBC,AGG,DBC,aggregate_bond / broad_commodity,4,4,3,0.1404100413062248,0.08258932814571557,0.19551164838535356,always_increases
panel_a_representative,SPY-AGG,SPY,AGG,aggregate_bond / equity,4,4,2,0.10779545789919598,0.06470465332245529,0.1685347802270667,always_increases
panel_a_representative,AGG-VNQ,AGG,VNQ,aggregate_bond / real_estate,4,0,0,-0.15119340421927405,-0.2605040330767829,-0.09013343269081632,always_decreases
panel_b_international_equity,EWU-EWJ,EWU,EWJ,equity / equity,4,4,4,0.21634236319200792,0.18862402164853564,0.237542307056408,always_increases
panel_b_international_equity,EWG-EWJ,EWG,EWJ,equity / equity,4,4,4,0.19553537467247095,0.18520248017650143,0.21254321829834455,always_increases
panel_b_international_equity,SPY-EWJ,SPY,EWJ,equity / equity,4,4,4,0.19096027152644876,0.1732253195180965,0.20763802406346277,always_increases
panel_b_international_equity,EEM-EWJ,EEM,EWJ,equity / equity,4,4,4,0.1863834269681609,0.16702860259854013,0.2031932140438577,always_increases
panel_b_international_equity,SPY-EWU,SPY,EWU,equity / equity,4,4,4,0.14304795416404564,0.11108526581538658,0.1643210323420271,always_increases
panel_b_international_equity,EEM-EWU,EEM,EWU,equity / equity,4,4,4,0.139042935183187,0.12205590181069004,0.1562177514541777,always_increases
panel_b_international_equity,EEM-EWG,EEM,EWG,equity / equity,4,4,4,0.12335357985279982,0.11285627785029173,0.13618398866382742,always_increases
panel_b_international_equity,EFA-EWJ,EFA,EWJ,equity / equity,4,4,4,0.1175217309365891,0.10289792529981978,0.13411758054856804,always_increases
panel_b_international_equity,SPY-EWG,SPY,EWG,equity / equity,4,4,3,0.11485108535119928,0.09511745715050302,0.12849158174126607,always_increases
panel_b_international_equity,SPY-EEM,SPY,EEM,equity / equity,4,4,3,0.11324355367719555,0.08946131335889251,0.13063139485542952,always_increases
panel_b_international_equity,EFA-EEM,EFA,EEM,equity / equity,4,4,2,0.09880987421879747,0.08806228262771187,0.11079583844588436,always_increases
panel_b_international_equity,SPY-EFA,SPY,EFA,equity / equity,4,4,2,0.09653977293458182,0.07715194355802102,0.10874208912034367,always_increases
panel_b_international_equity,EWG-EWU,EWG,EWU,equity / equity,4,4,2,0.0957502255328713,0.0847482783644734,0.10789297830775701,always_increases
panel_b_international_equity,EFA-EWU,EFA,EWU,equity / equity,4,4,0,0.059806919841173256,0.052775264393140175,0.0688684635694451,always_increases
panel_b_international_equity,EFA-EWG,EFA,EWG,equity / equity,4,4,0,0.04216481325201005,0.03193197415904059,0.05359615814366092,always_increases
