universe,label_i,label_j,spearman_delta_rank_corr,sign_agreement
panel_a_full,markov_p050,raw_vix_drawdown,0.94002574002574,0.9444444444444444
panel_a_full,markov_p050,markov_p0975,0.918918918918919,0.9166666666666666
panel_a_full,raw_vix_drawdown,vix_only_q0975,0.905019305019305,0.9166666666666666
panel_a_full,markov_p0975,raw_vix_drawdown,0.8797940797940798,0.9166666666666666
panel_a_full,markov_p0975,vix_only_q0975,0.8676962676962677,0.8888888888888888
panel_a_full,markov_p050,vix_only_q0975,0.8476190476190476,0.9166666666666666
panel_a_representative,markov_p050,raw_vix_drawdown,0.9428571428571428,1.0
panel_a_representative,raw_vix_drawdown,vix_only_q0975,0.7714285714285715,1.0
panel_a_representative,markov_p050,vix_only_q0975,0.5428571428571428,1.0
panel_a_representative,markov_p050,markov_p0975,0.2571428571428571,1.0
panel_a_representative,markov_p0975,vix_only_q0975,0.2571428571428571,1.0
panel_a_representative,markov_p0975,raw_vix_drawdown,0.2,1.0
panel_b_international_equity,raw_vix_drawdown,vix_only_q0975,0.975,1.0
panel_b_international_equity,markov_p0975,raw_vix_drawdown,0.9642857142857143,1.0
panel_b_international_equity,markov_p0975,vix_only_q0975,0.9607142857142857,1.0
panel_b_international_equity,markov_p050,vix_only_q0975,0.9285714285714286,1.0
panel_b_international_equity,markov_p050,raw_vix_drawdown,0.9214285714285714,1.0
panel_b_international_equity,markov_p050,markov_p0975,0.8928571428571429,1.0
