label,label_name,pair_type,n_pairs,avg_delta_corr,median_delta_corr,share_pairs_increased,share_moderate_or_stronger
markov_p050,Markov P>=0.50,broad_commodity / real_estate,1,0.23274246284048145,0.23274246284048145,1.0,1.0
markov_p050,Markov P>=0.50,oil / real_estate,1,0.23134118850066038,0.23134118850066038,1.0,1.0
markov_p050,Markov P>=0.50,equity / real_estate,1,0.20982805487967393,0.20982805487967393,1.0,1.0
markov_p050,Markov P>=0.50,broad_commodity / equity,1,0.174026428940652,0.174026428940652,1.0,1.0
markov_p050,Markov P>=0.50,equity / oil,1,0.17202075825100466,0.17202075825100466,1.0,1.0
markov_p050,Markov P>=0.50,aggregate_bond / broad_commodity,1,0.09859189834693449,0.09859189834693449,1.0,0.0
markov_p050,Markov P>=0.50,aggregate_bond / oil,1,0.09831931707683078,0.09831931707683078,1.0,0.0
markov_p050,Markov P>=0.50,broad_commodity / credit,1,0.09639430518895614,0.09639430518895614,1.0,0.0
markov_p050,Markov P>=0.50,aggregate_bond / equity,1,0.07756439685869813,0.07756439685869813,1.0,0.0
markov_p050,Markov P>=0.50,aggregate_bond / credit,1,0.06569075674646224,0.06569075674646224,1.0,0.0
markov_p050,Markov P>=0.50,credit / oil,1,0.0540729320829903,0.0540729320829903,1.0,0.0
markov_p050,Markov P>=0.50,credit / real_estate,1,0.04169224417436301,0.04169224417436301,1.0,0.0
markov_p050,Markov P>=0.50,credit / equity,1,0.026223400543629594,0.026223400543629594,1.0,0.0
markov_p050,Markov P>=0.50,broad_commodity / gold,1,0.014088413969514102,0.014088413969514102,1.0,0.0
markov_p050,Markov P>=0.50,gold / oil,1,-0.002847593634655393,-0.002847593634655393,0.0,0.0
markov_p050,Markov P>=0.50,gold / short_treasury,1,-0.011145101128286261,-0.011145101128286261,0.0,0.0
markov_p050,Markov P>=0.50,equity / gold,1,-0.014493074896939191,-0.014493074896939191,0.0,0.0
markov_p050,Markov P>=0.50,long_treasury / short_treasury,1,-0.019493518634492446,-0.019493518634492446,0.0,0.0
markov_p050,Markov P>=0.50,broad_commodity / oil,1,-0.029140224480374455,-0.029140224480374455,0.0,0.0
markov_p050,Markov P>=0.50,oil / short_treasury,1,-0.032229275113034736,-0.032229275113034736,0.0,0.0
markov_p050,Markov P>=0.50,aggregate_bond / gold,1,-0.0323991415194857,-0.0323991415194857,0.0,0.0
markov_p050,Markov P>=0.50,gold / long_treasury,1,-0.03241460616243094,-0.03241460616243094,0.0,0.0
markov_p050,Markov P>=0.50,broad_commodity / short_treasury,1,-0.034029121285623784,-0.034029121285623784,0.0,0.0
markov_p050,Markov P>=0.50,equity / short_treasury,1,-0.07174289529202105,-0.07174289529202105,0.0,0.0
markov_p050,Markov P>=0.50,long_treasury / oil,1,-0.08033402456730143,-0.08033402456730143,0.0,0.0
markov_p050,Markov P>=0.50,broad_commodity / long_treasury,1,-0.08757479757961001,-0.08757479757961001,0.0,0.0
markov_p050,Markov P>=0.50,credit / gold,1,-0.08836771686724325,-0.08836771686724325,0.0,0.0
markov_p050,Markov P>=0.50,gold / real_estate,1,-0.10757466606704247,-0.10757466606704247,0.0,0.0
markov_p050,Markov P>=0.50,credit / short_treasury,1,-0.12044532874476672,-0.12044532874476672,0.0,0.0
markov_p050,Markov P>=0.50,equity / long_treasury,1,-0.13735341504530502,-0.13735341504530502,0.0,0.0
markov_p050,Markov P>=0.50,credit / long_treasury,1,-0.17625320675564876,-0.17625320675564876,0.0,0.0
markov_p050,Markov P>=0.50,aggregate_bond / short_treasury,1,-0.21426681384510904,-0.21426681384510904,0.0,0.0
markov_p050,Markov P>=0.50,aggregate_bond / long_treasury,1,-0.22981728096374865,-0.22981728096374865,0.0,0.0
markov_p050,Markov P>=0.50,aggregate_bond / real_estate,1,-0.2768971946771859,-0.2768971946771859,0.0,0.0
markov_p050,Markov P>=0.50,real_estate / short_treasury,1,-0.30550755603681023,-0.30550755603681023,0.0,0.0
markov_p050,Markov P>=0.50,long_treasury / real_estate,1,-0.37438414241803486,-0.37438414241803486,0.0,0.0
markov_p0975,Markov P>=0.975,aggregate_bond / credit,1,0.18132689077221242,0.18132689077221242,1.0,1.0
markov_p0975,Markov P>=0.975,aggregate_bond / equity,1,0.176657543363002,0.176657543363002,1.0,1.0
markov_p0975,Markov P>=0.975,aggregate_bond / broad_commodity,1,0.16059236663805296,0.16059236663805296,1.0,1.0
markov_p0975,Markov P>=0.975,oil / real_estate,1,0.15133876873102012,0.15133876873102012,1.0,1.0
markov_p0975,Markov P>=0.975,broad_commodity / real_estate,1,0.1512277763479822,0.1512277763479822,1.0,1.0
markov_p0975,Markov P>=0.975,aggregate_bond / oil,1,0.14618302040672945,0.14618302040672945,1.0,1.0
markov_p0975,Markov P>=0.975,equity / real_estate,1,0.13692368521179232,0.13692368521179232,1.0,1.0
markov_p0975,Markov P>=0.975,broad_commodity / equity,1,0.11286118443021292,0.11286118443021292,1.0,1.0
markov_p0975,Markov P>=0.975,equity / oil,1,0.09539227316639676,0.09539227316639676,1.0,0.0
markov_p0975,Markov P>=0.975,broad_commodity / credit,1,0.05587184018928221,0.05587184018928221,1.0,0.0
markov_p0975,Markov P>=0.975,credit / equity,1,0.035904344143963374,0.035904344143963374,1.0,0.0
markov_p0975,Markov P>=0.975,credit / real_estate,1,0.01644980872650259,0.01644980872650259,1.0,0.0
markov_p0975,Markov P>=0.975,gold / long_treasury,1,0.008633751335772849,0.008633751335772849,1.0,0.0
markov_p0975,Markov P>=0.975,long_treasury / short_treasury,1,-0.002469135486736884,-0.002469135486736884,0.0,0.0
markov_p0975,Markov P>=0.975,credit / oil,1,-0.006971795468737829,-0.006971795468737829,0.0,0.0
markov_p0975,Markov P>=0.975,aggregate_bond / gold,1,-0.027133718731777667,-0.027133718731777667,0.0,0.0
markov_p0975,Markov P>=0.975,equity / short_treasury,1,-0.030704065000936476,-0.030704065000936476,0.0,0.0
markov_p0975,Markov P>=0.975,gold / short_treasury,1,-0.0395339706925604,-0.0395339706925604,0.0,0.0
markov_p0975,Markov P>=0.975,broad_commodity / oil,1,-0.04633347105575325,-0.04633347105575325,0.0,0.0
markov_p0975,Markov P>=0.975,gold / oil,1,-0.052290546139950045,-0.052290546139950045,0.0,0.0
markov_p0975,Markov P>=0.975,oil / short_treasury,1,-0.05438609947188455,-0.05438609947188455,0.0,0.0
markov_p0975,Markov P>=0.975,broad_commodity / gold,1,-0.057891435426154714,-0.057891435426154714,0.0,0.0
markov_p0975,Markov P>=0.975,equity / gold,1,-0.0673168267364779,-0.0673168267364779,0.0,0.0
markov_p0975,Markov P>=0.975,long_treasury / oil,1,-0.06801715410090622,-0.06801715410090622,0.0,0.0
markov_p0975,Markov P>=0.975,broad_commodity / short_treasury,1,-0.08177328175369616,-0.08177328175369616,0.0,0.0
markov_p0975,Markov P>=0.975,broad_commodity / long_treasury,1,-0.08575681570739635,-0.08575681570739635,0.0,0.0
markov_p0975,Markov P>=0.975,aggregate_bond / real_estate,1,-0.09198765697129477,-0.09198765697129477,0.0,0.0
markov_p0975,Markov P>=0.975,gold / real_estate,1,-0.10826235219107215,-0.10826235219107215,0.0,0.0
markov_p0975,Markov P>=0.975,credit / short_treasury,1,-0.11356495248967179,-0.11356495248967179,0.0,0.0
markov_p0975,Markov P>=0.975,equity / long_treasury,1,-0.12273219300196775,-0.12273219300196775,0.0,0.0
markov_p0975,Markov P>=0.975,credit / gold,1,-0.12280793975902943,-0.12280793975902943,0.0,0.0
markov_p0975,Markov P>=0.975,credit / long_treasury,1,-0.14834068442605056,-0.14834068442605056,0.0,0.0
markov_p0975,Markov P>=0.975,real_estate / short_treasury,1,-0.1492677459475945,-0.1492677459475945,0.0,0.0
markov_p0975,Markov P>=0.975,long_treasury / real_estate,1,-0.25863912315304216,-0.25863912315304216,0.0,0.0
markov_p0975,Markov P>=0.975,aggregate_bond / short_treasury,1,-0.3088438553059879,-0.3088438553059879,0.0,0.0
markov_p0975,Markov P>=0.975,aggregate_bond / long_treasury,1,-0.31182975088218623,-0.31182975088218623,0.0,0.0
raw_vix_drawdown,VIX+drawdown raw,broad_commodity / real_estate,1,0.19549600366523603,0.19549600366523603,1.0,1.0
raw_vix_drawdown,VIX+drawdown raw,oil / real_estate,1,0.1950868604084233,0.1950868604084233,1.0,1.0
raw_vix_drawdown,VIX+drawdown raw,broad_commodity / equity,1,0.16325686979738435,0.16325686979738435,1.0,1.0
raw_vix_drawdown,VIX+drawdown raw,equity / oil,1,0.14788604002138256,0.14788604002138256,1.0,1.0
raw_vix_drawdown,VIX+drawdown raw,aggregate_bond / oil,1,0.14269531670052643,0.14269531670052643,1.0,1.0
raw_vix_drawdown,VIX+drawdown raw,aggregate_bond / broad_commodity,1,0.1404280140954682,0.1404280140954682,1.0,1.0
raw_vix_drawdown,VIX+drawdown raw,equity / real_estate,1,0.13355352391945097,0.13355352391945097,1.0,1.0
raw_vix_drawdown,VIX+drawdown raw,broad_commodity / credit,1,0.09236131097951555,0.09236131097951555,1.0,0.0
raw_vix_drawdown,VIX+drawdown raw,aggregate_bond / credit,1,0.09079384128429185,0.09079384128429185,1.0,0.0
raw_vix_drawdown,VIX+drawdown raw,aggregate_bond / equity,1,0.07098095771995479,0.07098095771995479,1.0,0.0
raw_vix_drawdown,VIX+drawdown raw,credit / oil,1,0.03891421998942102,0.03891421998942102,1.0,0.0
raw_vix_drawdown,VIX+drawdown raw,credit / equity,1,0.018907719003871004,0.018907719003871004,1.0,0.0
raw_vix_drawdown,VIX+drawdown raw,broad_commodity / gold,1,-0.012845460837406342,-0.012845460837406342,0.0,0.0
raw_vix_drawdown,VIX+drawdown raw,credit / real_estate,1,-0.026884104273860565,-0.026884104273860565,0.0,0.0
raw_vix_drawdown,VIX+drawdown raw,gold / oil,1,-0.030697314815754745,-0.030697314815754745,0.0,0.0
raw_vix_drawdown,VIX+drawdown raw,long_treasury / short_treasury,1,-0.03647679091846767,-0.03647679091846767,0.0,0.0
raw_vix_drawdown,VIX+drawdown raw,equity / gold,1,-0.03972042372010295,-0.03972042372010295,0.0,0.0
raw_vix_drawdown,VIX+drawdown raw,gold / real_estate,1,-0.0427307624628421,-0.0427307624628421,0.0,0.0
raw_vix_drawdown,VIX+drawdown raw,broad_commodity / oil,1,-0.06168797853223196,-0.06168797853223196,0.0,0.0
raw_vix_drawdown,VIX+drawdown raw,long_treasury / oil,1,-0.06232180644291049,-0.06232180644291049,0.0,0.0
raw_vix_drawdown,VIX+drawdown raw,gold / long_treasury,1,-0.07793833429703932,-0.07793833429703932,0.0,0.0
raw_vix_drawdown,VIX+drawdown raw,oil / short_treasury,1,-0.09577885144647184,-0.09577885144647184,0.0,0.0
raw_vix_drawdown,VIX+drawdown raw,broad_commodity / long_treasury,1,-0.10239148683965782,-0.10239148683965782,0.0,0.0
raw_vix_drawdown,VIX+drawdown raw,aggregate_bond / gold,1,-0.10448361473931933,-0.10448361473931933,0.0,0.0
raw_vix_drawdown,VIX+drawdown raw,credit / gold,1,-0.11967992841722329,-0.11967992841722329,0.0,0.0
raw_vix_drawdown,VIX+drawdown raw,aggregate_bond / real_estate,1,-0.16156704182027187,-0.16156704182027187,0.0,0.0
raw_vix_drawdown,VIX+drawdown raw,broad_commodity / short_treasury,1,-0.16171759771823394,-0.16171759771823394,0.0,0.0
raw_vix_drawdown,VIX+drawdown raw,gold / short_treasury,1,-0.20788106915056453,-0.20788106915056453,0.0,0.0
raw_vix_drawdown,VIX+drawdown raw,equity / short_treasury,1,-0.21242350775751212,-0.21242350775751212,0.0,0.0
raw_vix_drawdown,VIX+drawdown raw,equity / long_treasury,1,-0.2229559448005773,-0.2229559448005773,0.0,0.0
raw_vix_drawdown,VIX+drawdown raw,credit / long_treasury,1,-0.24511956589106682,-0.24511956589106682,0.0,0.0
raw_vix_drawdown,VIX+drawdown raw,credit / short_treasury,1,-0.26231623427147144,-0.26231623427147144,0.0,0.0
raw_vix_drawdown,VIX+drawdown raw,real_estate / short_treasury,1,-0.2830487167715051,-0.2830487167715051,0.0,0.0
raw_vix_drawdown,VIX+drawdown raw,aggregate_bond / long_treasury,1,-0.3215070983240276,-0.3215070983240276,0.0,0.0
raw_vix_drawdown,VIX+drawdown raw,long_treasury / real_estate,1,-0.34129879382903633,-0.34129879382903633,0.0,0.0
raw_vix_drawdown,VIX+drawdown raw,aggregate_bond / short_treasury,1,-0.3902237116199973,-0.3902237116199973,0.0,0.0
vix_only_q0975,VIX-only q97.5,oil / real_estate,1,0.2887338254744992,0.2887338254744992,1.0,1.0
vix_only_q0975,VIX-only q97.5,equity / oil,1,0.24057403496561958,0.24057403496561958,1.0,1.0
vix_only_q0975,VIX-only q97.5,credit / oil,1,0.2072230738108013,0.2072230738108013,1.0,1.0
vix_only_q0975,VIX-only q97.5,aggregate_bond / broad_commodity,1,0.20573703043401967,0.20573703043401967,1.0,1.0
vix_only_q0975,VIX-only q97.5,aggregate_bond / oil,1,0.2020712177306878,0.2020712177306878,1.0,1.0
vix_only_q0975,VIX-only q97.5,broad_commodity / equity,1,0.19756949234380222,0.19756949234380222,1.0,1.0
vix_only_q0975,VIX-only q97.5,broad_commodity / real_estate,1,0.19304256483364035,0.19304256483364035,1.0,1.0
vix_only_q0975,VIX-only q97.5,broad_commodity / credit,1,0.1899007919610533,0.1899007919610533,1.0,1.0
vix_only_q0975,VIX-only q97.5,aggregate_bond / credit,1,0.16548321582991352,0.16548321582991352,1.0,1.0
vix_only_q0975,VIX-only q97.5,aggregate_bond / equity,1,0.1384089863045418,0.1384089863045418,1.0,1.0
vix_only_q0975,VIX-only q97.5,equity / real_estate,1,0.1174768149974249,0.1174768149974249,1.0,1.0
vix_only_q0975,VIX-only q97.5,credit / equity,1,0.10384522364184934,0.10384522364184934,1.0,1.0
vix_only_q0975,VIX-only q97.5,credit / real_estate,1,0.08311426257299381,0.08311426257299381,1.0,0.0
vix_only_q0975,VIX-only q97.5,long_treasury / short_treasury,1,0.031733121487247606,0.031733121487247606,1.0,0.0
vix_only_q0975,VIX-only q97.5,broad_commodity / oil,1,0.008943224542954709,0.008943224542954709,1.0,0.0
vix_only_q0975,VIX-only q97.5,gold / long_treasury,1,-0.014402669864800682,-0.014402669864800682,0.0,0.0
vix_only_q0975,VIX-only q97.5,aggregate_bond / gold,1,-0.038670500005067554,-0.038670500005067554,0.0,0.0
vix_only_q0975,VIX-only q97.5,aggregate_bond / real_estate,1,-0.08707620248538243,-0.08707620248538243,0.0,0.0
vix_only_q0975,VIX-only q97.5,long_treasury / oil,1,-0.08780295029821555,-0.08780295029821555,0.0,0.0
vix_only_q0975,VIX-only q97.5,broad_commodity / long_treasury,1,-0.09818997467902729,-0.09818997467902729,0.0,0.0
vix_only_q0975,VIX-only q97.5,gold / oil,1,-0.10471063028303476,-0.10471063028303476,0.0,0.0
vix_only_q0975,VIX-only q97.5,broad_commodity / gold,1,-0.1082336807126888,-0.1082336807126888,0.0,0.0
vix_only_q0975,VIX-only q97.5,gold / short_treasury,1,-0.1289255927744897,-0.1289255927744897,0.0,0.0
vix_only_q0975,VIX-only q97.5,equity / gold,1,-0.14384083963894795,-0.14384083963894795,0.0,0.0
vix_only_q0975,VIX-only q97.5,credit / gold,1,-0.18104138153190402,-0.18104138153190402,0.0,0.0
vix_only_q0975,VIX-only q97.5,equity / long_treasury,1,-0.189493794100001,-0.189493794100001,0.0,0.0
vix_only_q0975,VIX-only q97.5,gold / real_estate,1,-0.2132839232173768,-0.2132839232173768,0.0,0.0
vix_only_q0975,VIX-only q97.5,credit / long_treasury,1,-0.23481702354139466,-0.23481702354139466,0.0,0.0
vix_only_q0975,VIX-only q97.5,real_estate / short_treasury,1,-0.23846047081476732,-0.23846047081476732,0.0,0.0
vix_only_q0975,VIX-only q97.5,oil / short_treasury,1,-0.2453464741595946,-0.2453464741595946,0.0,0.0
vix_only_q0975,VIX-only q97.5,equity / short_treasury,1,-0.26744391866920225,-0.26744391866920225,0.0,0.0
vix_only_q0975,VIX-only q97.5,long_treasury / real_estate,1,-0.27660841299742467,-0.27660841299742467,0.0,0.0
vix_only_q0975,VIX-only q97.5,broad_commodity / short_treasury,1,-0.3050791084603572,-0.3050791084603572,0.0,0.0
vix_only_q0975,VIX-only q97.5,aggregate_bond / long_treasury,1,-0.34045483123207876,-0.34045483123207876,0.0,0.0
vix_only_q0975,VIX-only q97.5,credit / short_treasury,1,-0.3620266519886737,-0.3620266519886737,0.0,0.0
vix_only_q0975,VIX-only q97.5,aggregate_bond / short_treasury,1,-0.4317390132892096,-0.4317390132892096,0.0,0.0
