universe,regime,observations,assets,stress_share,pc1_share,pc2_share,top_3_share,top_5_share,effective_bets
panel_a_cross_asset,full,4711,9,0.4814264487369985,0.3554645452117857,0.24931216508455023,0.75787754978673,0.8934502473239809,4.440291905298174
panel_a_cross_asset,calm,2443,9,0.4814264487369985,0.30848330306469285,0.29043205370056985,0.767463066198224,0.9043883703210192,4.524172004527506
panel_a_cross_asset,stress,2268,9,0.4814264487369985,0.3739050421553495,0.23864682907861345,0.7581417515953921,0.8934909379362284,4.3274438020124375
panel_b_international_equity,full,4711,6,0.4814264487369985,0.8625926238457627,0.050703894317552456,0.9485244761391985,0.997065954850103,1.3349435623072883
panel_b_international_equity,calm,2443,6,0.4814264487369985,0.7872854401962989,0.07731682848201926,0.921677927922403,0.996374035129659,1.5824240750472212
panel_b_international_equity,stress,2268,6,0.4814264487369985,0.8886385556302085,0.03922412754375364,0.9565739928909226,0.9972935493249881,1.261192766205089
etf_assets,full,4711,14,0.4814264487369985,0.4940716379144698,0.16437854368922095,0.76746422041573,0.8587353526692086,3.4407036725370537
etf_assets,calm,2443,14,0.4814264487369985,0.4267527840733297,0.1929677350511935,0.7414629076977771,0.8424799248307685,4.110369698197479
etf_assets,stress,2268,14,0.4814264487369985,0.5186401008346416,0.15723164104247192,0.7794496316095619,0.871228185054933,3.2093803269141454
