universe,regime,component,eigenvalue,explained_variance_share,cumulative_explained_variance_share
panel_a_cross_asset,full,1,3.199180906906071,0.3554645452117857,0.3554645452117857
panel_a_cross_asset,full,2,2.2438094857609516,0.24931216508455023,0.604776710296336
panel_a_cross_asset,full,3,1.3779075554135467,0.1531008394903941,0.75787754978673
panel_a_cross_asset,full,4,0.7443594377964158,0.08270660419960177,0.8405841539863318
panel_a_cross_asset,full,5,0.4757948400388419,0.05286609333764911,0.8934502473239809
panel_a_cross_asset,full,6,0.4525450595580299,0.05028278439533667,0.9437330317193175
panel_a_cross_asset,full,7,0.2068894100718349,0.02298771223020388,0.9667207439495215
panel_a_cross_asset,full,8,0.17287746998995643,0.019208607776661828,0.9859293517261832
panel_a_cross_asset,full,9,0.12663583446435075,0.014070648273816754,1.0
panel_a_cross_asset,calm,1,2.7763497275822364,0.30848330306469285,0.30848330306469285
panel_a_cross_asset,calm,2,2.613888483305129,0.29043205370056985,0.5989153567652628
panel_a_cross_asset,calm,3,1.5169293848966516,0.16854770943296127,0.767463066198224
panel_a_cross_asset,calm,4,0.7570446471525474,0.08411607190583859,0.8515791381040626
panel_a_cross_asset,calm,5,0.47528308995260865,0.052809232216956506,0.9043883703210192
panel_a_cross_asset,calm,6,0.42380025023688617,0.04708891669298734,0.9514772870140065
panel_a_cross_asset,calm,7,0.25814224080425835,0.028682471200473143,0.9801597582144796
panel_a_cross_asset,calm,8,0.11193161852874474,0.012436846503193858,0.9925966047176735
panel_a_cross_asset,calm,9,0.06663055754093884,0.007403395282326536,1.0
panel_a_cross_asset,stress,1,3.365145379398146,0.3739050421553495,0.3739050421553495
panel_a_cross_asset,stress,2,2.1478214617075215,0.23864682907861345,0.6125518712339629
panel_a_cross_asset,stress,3,1.3103089232528626,0.14558988036142914,0.7581417515953921
panel_a_cross_asset,stress,4,0.7280245900047025,0.0808916211116336,0.8390333727070257
panel_a_cross_asset,stress,5,0.4901180870628234,0.05445756522920259,0.8934909379362284
panel_a_cross_asset,stress,6,0.44930395277398205,0.04992266141933133,0.9434135993555597
panel_a_cross_asset,stress,7,0.22578868123094556,0.025087631247882835,0.9685012306034425
panel_a_cross_asset,stress,8,0.15233637442993903,0.016926263825548776,0.9854274944289912
panel_a_cross_asset,stress,9,0.13115255013907923,0.0145725055710088,1.0
panel_b_international_equity,full,1,5.175555743074576,0.8625926238457627,0.8625926238457627
panel_b_international_equity,full,2,0.30422336590531474,0.050703894317552456,0.9132965181633153
panel_b_international_equity,full,3,0.21136774785529952,0.03522795797588325,0.9485244761391985
panel_b_international_equity,full,4,0.1691180573434972,0.028186342890582864,0.9767108190297814
panel_b_international_equity,full,5,0.12213081492192936,0.02035513582032156,0.997065954850103
panel_b_international_equity,full,6,0.017604270899383545,0.0029340451498972575,1.0
panel_b_international_equity,calm,1,4.723712641177794,0.7872854401962989,0.7872854401962989
panel_b_international_equity,calm,2,0.46390097089211574,0.07731682848201926,0.8646022686783181
panel_b_international_equity,calm,3,0.3424539554645094,0.057075659244084885,0.921677927922403
panel_b_international_equity,calm,4,0.2632179305514715,0.04386965509191191,0.9655475830143149
panel_b_international_equity,calm,5,0.18495871269206482,0.030826452115344127,0.996374035129659
panel_b_international_equity,calm,6,0.021755789222046962,0.003625964870341159,1.0
panel_b_international_equity,stress,1,5.33183133378125,0.8886385556302085,0.8886385556302085
panel_b_international_equity,stress,2,0.23534476526252174,0.03922412754375364,0.9278626831739621
panel_b_international_equity,stress,3,0.1722678583017626,0.028711309716960443,0.9565739928909226
panel_b_international_equity,stress,4,0.14227553047575564,0.023712588412625947,0.9802865813035485
panel_b_international_equity,stress,5,0.1020418081286377,0.01700696802143962,0.9972935493249881
panel_b_international_equity,stress,6,0.016238704050071107,0.002706450675011852,1.0
etf_assets,full,1,6.917002930802578,0.4940716379144698,0.4940716379144698
etf_assets,full,2,2.3012996116490934,0.16437854368922095,0.6584501816036907
etf_assets,full,3,1.5261965433685507,0.10901403881203932,0.76746422041573
etf_assets,full,4,0.800831884854237,0.057202277489588345,0.8246664979053184
etf_assets,full,5,0.4769639666944628,0.0340688547638902,0.8587353526692086
etf_assets,full,6,0.4764262702343896,0.03403044787388497,0.8927658005430936
etf_assets,full,7,0.445956141259008,0.03185401008992914,0.9246198106330228
etf_assets,full,8,0.2824907784804971,0.020177912748606933,0.9447977233816297
etf_assets,full,9,0.20586857213368118,0.014704898009548653,0.9595026213911784
etf_assets,full,10,0.17651223704571561,0.012608016931836828,0.9721106383230151
etf_assets,full,11,0.13325623365191058,0.009518302403707898,0.981628940726723
etf_assets,full,12,0.12515229459008723,0.008939449613577658,0.9905683903403006
etf_assets,full,13,0.11472281276131235,0.008194486625808024,0.9987628769661087
etf_assets,full,14,0.01731972247447769,0.0012371230338912634,0.9999999999999999
etf_assets,calm,1,5.974538977026613,0.4267527840733297,0.4267527840733297
etf_assets,calm,2,2.7015482907167074,0.1929677350511935,0.6197205191245232
etf_assets,calm,3,1.7043934400255545,0.12174238857325395,0.7414629076977771
etf_assets,calm,4,0.8035826789456335,0.057398762781830995,0.7988616704796081
etf_assets,calm,5,0.6106555609162458,0.043618254351160436,0.8424799248307685
etf_assets,calm,6,0.47171325890533905,0.033693804207524235,0.8761737290382927
etf_assets,calm,7,0.4469223733992273,0.031923026671373395,0.9080967557096661
etf_assets,calm,8,0.4064779648319533,0.02903414034513954,0.9371308960548056
etf_assets,calm,9,0.29525356403282643,0.021089540288059042,0.9582204363428647
etf_assets,calm,10,0.21156713656362025,0.015111938325972882,0.9733323746688376
etf_assets,calm,11,0.17542641005583945,0.012530457861131395,0.985862832529969
etf_assets,calm,12,0.11033934941980257,0.007881382101414473,0.9937442146313834
etf_assets,calm,13,0.06611389918363653,0.004722421370259754,0.9984666360016432
etf_assets,calm,14,0.02146709597699486,0.0015333639983567764,1.0
etf_assets,stress,1,7.260961411684981,0.5186401008346416,0.5186401008346416
etf_assets,stress,2,2.2012429745946065,0.15723164104247192,0.6758717418771135
etf_assets,stress,3,1.4500904562542778,0.10357788973244843,0.7794496316095619
etf_assets,stress,4,0.7933290059356628,0.05666635756683307,0.836115989176395
etf_assets,stress,5,0.49157074229953257,0.03511219587853805,0.871228185054933
etf_assets,stress,6,0.4556570216897192,0.032546930120694234,0.9037751151756273
etf_assets,stress,7,0.4055874409891809,0.028970531499227212,0.9327456466748545
etf_assets,stress,8,0.22881669150465958,0.016344049393189973,0.9490896960680445
etf_assets,stress,9,0.21032312076000798,0.015023080054286287,0.9641127761223308
etf_assets,stress,10,0.154289212754373,0.011020658053883787,0.9751334341762146
etf_assets,stress,11,0.1304299401212558,0.009316424294375417,0.98444985847059
etf_assets,stress,12,0.10456359922941022,0.007468828516386445,0.9919186869869764
etf_assets,stress,13,0.09721983035771446,0.0069442735969796054,0.998862960583956
etf_assets,stress,14,0.015918551824619095,0.0011370394160442213,1.0
