label_source,universe,method,asset_i,asset_j,corr_calm,corr_stress,delta_corr,interpretation
regime_labels.stress_raw,etf_assets,pearson,EWJ,VNQ,0.45869319461234676,0.6966889663482952,0.2379957717359485,Moderate breakdown
regime_labels.stress_raw,etf_assets,pearson,EWJ,EWU,0.6321704403684346,0.8508122293808082,0.21864178901237363,Moderate breakdown
regime_labels.stress_raw,etf_assets,pearson,EEM,EWJ,0.6341897256015742,0.846258799027203,0.21206907342562886,Moderate breakdown
regime_labels.stress_raw,etf_assets,pearson,EWU,VNQ,0.5516473980787667,0.7608212042296358,0.2091738061508691,Moderate breakdown
regime_labels.stress_raw,etf_assets,pearson,EEM,VNQ,0.5555522239428766,0.7603975488908827,0.2048453249480061,Moderate breakdown
regime_labels.stress_raw,etf_assets,pearson,EWJ,SPY,0.6693930407864701,0.8650037050466303,0.19561066426016016,Moderate breakdown
regime_labels.stress_raw,etf_assets,pearson,DBC,VNQ,0.19833339575346073,0.39382939941869677,0.19549600366523603,Moderate breakdown
regime_labels.stress_raw,etf_assets,pearson,USO,VNQ,0.1473609747310344,0.3424478351394577,0.1950868604084233,Moderate breakdown
regime_labels.stress_raw,etf_assets,pearson,DBC,EWJ,0.27774667402228204,0.4714869383879558,0.19374026436567376,Moderate breakdown
regime_labels.stress_raw,etf_assets,pearson,EWG,VNQ,0.5352117386843201,0.7288981388993562,0.19368640021503603,Moderate breakdown
regime_labels.stress_raw,etf_assets,pearson,EWG,EWJ,0.6516236771412307,0.8372310598503843,0.18560738270915356,Moderate breakdown
regime_labels.stress_raw,etf_assets,pearson,EFA,VNQ,0.5985741568575152,0.7736074783156521,0.17503332145813688,Moderate breakdown
regime_labels.stress_raw,etf_assets,pearson,DBC,SPY,0.3503320734595759,0.5135889432569601,0.16325686979738424,Moderate breakdown
regime_labels.stress_raw,etf_assets,pearson,EWJ,USO,0.21724043472346452,0.3708812440914712,0.1536408093680067,Moderate breakdown
regime_labels.stress_raw,etf_assets,pearson,EWJ,HYG,0.4690109383230335,0.6204247773692559,0.15141383904622246,Moderate breakdown
regime_labels.stress_raw,etf_assets,pearson,SPY,USO,0.29655313461531213,0.4444391746366947,0.14788604002138256,Moderate breakdown
regime_labels.stress_raw,etf_assets,pearson,AGG,USO,-0.12451626286780507,0.018179053832721368,0.14269531670052643,Moderate breakdown
regime_labels.stress_raw,etf_assets,pearson,EWU,SPY,0.7523349109337228,0.8946797212045492,0.14234481027082635,Moderate breakdown
regime_labels.stress_raw,etf_assets,pearson,AGG,DBC,-0.08687192814999097,0.05355608594547725,0.1404280140954682,Moderate breakdown
regime_labels.stress_raw,etf_assets,pearson,SPY,VNQ,0.6786237342160382,0.8121772581354891,0.13355352391945097,Moderate breakdown
regime_labels.stress_raw,etf_assets,pearson,EEM,EWU,0.7549188874332025,0.886380193110128,0.1314613056769255,Moderate breakdown
regime_labels.stress_raw,etf_assets,pearson,DBC,EWG,0.37151107169293307,0.4977798167969117,0.12626874510397862,Moderate breakdown
regime_labels.stress_raw,etf_assets,pearson,DBC,EFA,0.41681207066305176,0.5400670180043416,0.12325494734128989,Moderate breakdown
regime_labels.stress_raw,etf_assets,pearson,EWG,USO,0.2908507452617348,0.41098717574274485,0.12013643048101003,Moderate breakdown
regime_labels.stress_raw,etf_assets,pearson,EFA,EWJ,0.798556544584046,0.9155146764384064,0.11695813185436044,Moderate breakdown
regime_labels.stress_raw,etf_assets,pearson,DBC,EWU,0.43747414931868583,0.5534821654219465,0.11600801610326067,Moderate breakdown
regime_labels.stress_raw,etf_assets,pearson,EEM,EWG,0.7487744348322434,0.8638786083015304,0.11510417346928703,Moderate breakdown
regime_labels.stress_raw,etf_assets,pearson,EWG,SPY,0.7658908999641709,0.8783303307355225,0.11243943077135155,Moderate breakdown
regime_labels.stress_raw,etf_assets,pearson,EFA,USO,0.3343987367270674,0.44522410832046433,0.11082537159339695,Moderate breakdown
regime_labels.stress_raw,etf_assets,pearson,EEM,SPY,0.7635651435910821,0.871753132515421,0.1081879889243389,Moderate breakdown
regime_labels.stress_raw,etf_assets,pearson,EWU,USO,0.36986581159881476,0.46967474804446363,0.09980893644564887,Small increase
regime_labels.stress_raw,etf_assets,pearson,EFA,SPY,0.8346166592729423,0.9276858155790602,0.0930691563061179,Small increase
regime_labels.stress_raw,etf_assets,pearson,EEM,EFA,0.8258313650543534,0.9182476703172583,0.0924163052629049,Small increase
regime_labels.stress_raw,etf_assets,pearson,DBC,HYG,0.3279900295240125,0.42035134050352807,0.09236131097951555,Small increase
regime_labels.stress_raw,etf_assets,pearson,EWG,EWU,0.8273747430245033,0.9191707083622386,0.09179596533773526,Small increase
regime_labels.stress_raw,etf_assets,pearson,AGG,HYG,0.1911826358734331,0.28197647715772495,0.09079384128429185,Small increase
regime_labels.stress_raw,etf_assets,pearson,EEM,USO,0.3494122248293657,0.4349975405379324,0.0855853157085667,Small increase
regime_labels.stress_raw,etf_assets,pearson,AGG,EWU,-0.03695141670295015,0.044901340776253594,0.08185275747920374,Small increase
regime_labels.stress_raw,etf_assets,pearson,EWU,HYG,0.5870117244668255,0.6626005592101194,0.07558883474329392,Small increase
regime_labels.stress_raw,etf_assets,pearson,DBC,EEM,0.43943778301709835,0.5119978791153766,0.07256009609827829,Small increase
regime_labels.stress_raw,etf_assets,pearson,AGG,SPY,-0.04608762450720631,0.02489333321274848,0.07098095771995479,Small increase
regime_labels.stress_raw,etf_assets,pearson,AGG,EFA,-0.005612534367681855,0.05978122782188547,0.06539376218956733,Small increase
regime_labels.stress_raw,etf_assets,pearson,AGG,EWG,-0.016130898628711175,0.04130829424931561,0.05743919287802679,Small increase
regime_labels.stress_raw,etf_assets,pearson,EFA,EWU,0.9091264623903712,0.9635022477945447,0.05437578540417354,Small increase
regime_labels.stress_raw,etf_assets,pearson,EFA,HYG,0.6303962759497407,0.6831696018776664,0.05277332592792572,Small increase
regime_labels.stress_raw,etf_assets,pearson,AGG,EWJ,0.02999372943080215,0.07573505138280417,0.04574132195200202,Small increase
regime_labels.stress_raw,etf_assets,pearson,HYG,USO,0.2864850461117345,0.3253992661011555,0.03891421998942102,Small increase
regime_labels.stress_raw,etf_assets,pearson,EFA,EWG,0.924877151155701,0.9548342836680849,0.029957132512383855,Small increase
regime_labels.stress_raw,etf_assets,pearson,EWG,HYG,0.5987972430533116,0.6230981833745092,0.02430094032119756,Small increase
regime_labels.stress_raw,etf_assets,pearson,EEM,HYG,0.593179695386406,0.6129227318013581,0.01974303641495212,Small increase
regime_labels.stress_raw,etf_assets,pearson,HYG,SPY,0.6686207564569528,0.6875284754608239,0.018907719003871004,Small increase
regime_labels.stress_raw,etf_assets,pearson,AGG,EEM,-0.02250811136352566,-0.02483984845544392,-0.0023317370919182616,Correlation decreased
regime_labels.stress_raw,etf_assets,pearson,DBC,GLD,0.3557517611380785,0.34290630030067215,-0.012845460837406342,Correlation decreased
regime_labels.stress_raw,etf_assets,pearson,HYG,VNQ,0.5440135155532928,0.5171294112794322,-0.026884104273860565,Correlation decreased
regime_labels.stress_raw,etf_assets,pearson,EWJ,GLD,0.11713984521865425,0.08645445648660176,-0.030685388732052496,Correlation decreased
regime_labels.stress_raw,etf_assets,pearson,GLD,USO,0.19474137920956508,0.16404406439381033,-0.030697314815754745,Correlation decreased
regime_labels.stress_raw,etf_assets,pearson,SHY,TLT,0.5765335600996917,0.540056769181224,-0.03647679091846767,Correlation decreased
regime_labels.stress_raw,etf_assets,pearson,GLD,SPY,0.07332425135137317,0.03360382763127022,-0.039720423720102954,Correlation decreased
regime_labels.stress_raw,etf_assets,pearson,GLD,VNQ,0.07801251062344239,0.035281748160600285,-0.0427307624628421,Correlation decreased
regime_labels.stress_raw,etf_assets,pearson,EWU,GLD,0.17349758836825052,0.12135899624194764,-0.05213859212630288,Correlation decreased
regime_labels.stress_raw,etf_assets,pearson,DBC,USO,0.8768444149754132,0.8151564364431813,-0.06168797853223196,Correlation decreased
regime_labels.stress_raw,etf_assets,pearson,TLT,USO,-0.21723025279106792,-0.2795520592339784,-0.06232180644291049,Correlation decreased
regime_labels.stress_raw,etf_assets,pearson,EWG,GLD,0.18082012105974077,0.11360256155474341,-0.06721755950499736,Correlation decreased
regime_labels.stress_raw,etf_assets,pearson,GLD,TLT,0.1964599344848904,0.11852160018785113,-0.07793833429703928,Correlation decreased
regime_labels.stress_raw,etf_assets,pearson,EFA,GLD,0.19367629636570366,0.10305649481741078,-0.09061980154829288,Correlation decreased
regime_labels.stress_raw,etf_assets,pearson,SHY,USO,-0.10333780709280953,-0.19911665853928137,-0.09577885144647184,Correlation decreased
regime_labels.stress_raw,etf_assets,pearson,EEM,GLD,0.21366108355198377,0.11709229078267173,-0.09656879276931203,Correlation decreased
regime_labels.stress_raw,etf_assets,pearson,DBC,TLT,-0.19344526517966168,-0.29583675201931947,-0.10239148683965779,Correlation decreased
regime_labels.stress_raw,etf_assets,pearson,AGG,GLD,0.26734771509962085,0.16286410036030152,-0.10448361473931933,Correlation decreased
regime_labels.stress_raw,etf_assets,pearson,GLD,HYG,0.10559858854703898,-0.014081339870184263,-0.11967992841722325,Correlation decreased
regime_labels.stress_raw,etf_assets,pearson,AGG,VNQ,0.09556340227233945,-0.06600363954793241,-0.16156704182027187,Correlation decreased
regime_labels.stress_raw,etf_assets,pearson,DBC,SHY,-0.07018197425772314,-0.23189957197595706,-0.1617175977182339,Correlation decreased
regime_labels.stress_raw,etf_assets,pearson,GLD,SHY,0.2900455976331237,0.0821645284825592,-0.2078810691505645,Correlation decreased
regime_labels.stress_raw,etf_assets,pearson,EWU,TLT,-0.2242998409752832,-0.43573274635374143,-0.21143290537845824,Correlation decreased
regime_labels.stress_raw,etf_assets,pearson,SHY,SPY,-0.1460159914558844,-0.35843949921339663,-0.21242350775751223,Correlation decreased
regime_labels.stress_raw,etf_assets,pearson,SPY,TLT,-0.22411889789836625,-0.44707484269894354,-0.2229559448005773,Correlation decreased
regime_labels.stress_raw,etf_assets,pearson,EEM,TLT,-0.1866324072136484,-0.4170766385035328,-0.23044423128988442,Correlation decreased
regime_labels.stress_raw,etf_assets,pearson,EWG,TLT,-0.20120053794664217,-0.4403218081628452,-0.23912127021620305,Correlation decreased
regime_labels.stress_raw,etf_assets,pearson,EWJ,TLT,-0.11639542554351072,-0.35693882553996265,-0.2405433999964519,Correlation decreased
regime_labels.stress_raw,etf_assets,pearson,EFA,TLT,-0.19998971910222704,-0.44253202403781017,-0.24254230493558313,Correlation decreased
regime_labels.stress_raw,etf_assets,pearson,HYG,TLT,-0.024409290767524714,-0.2695288566585917,-0.245119565891067,Correlation decreased
regime_labels.stress_raw,etf_assets,pearson,EWU,SHY,-0.09358733152866046,-0.34431276736512906,-0.2507254358364686,Correlation decreased
regime_labels.stress_raw,etf_assets,pearson,EWG,SHY,-0.0759368373625733,-0.32833264997063577,-0.2523958126080625,Correlation decreased
regime_labels.stress_raw,etf_assets,pearson,HYG,SHY,0.06540680798408793,-0.1969094262873835,-0.26231623427147144,Correlation decreased
regime_labels.stress_raw,etf_assets,pearson,SHY,VNQ,-0.01414537611048671,-0.29719409288199183,-0.2830487167715051,Correlation decreased
regime_labels.stress_raw,etf_assets,pearson,EFA,SHY,-0.07150009868061803,-0.3695029056713505,-0.2980028069907325,Correlation decreased
regime_labels.stress_raw,etf_assets,pearson,EWJ,SHY,-0.025467234182184134,-0.3243807240326261,-0.29891348985044197,Correlation decreased
regime_labels.stress_raw,etf_assets,pearson,EEM,SHY,-0.09984718501980534,-0.4082715445999337,-0.30842435958012837,Correlation decreased
regime_labels.stress_raw,etf_assets,pearson,AGG,TLT,0.8459289104491784,0.5244218121251509,-0.32150709832402746,Correlation decreased
regime_labels.stress_raw,etf_assets,pearson,TLT,VNQ,-0.0181070281014985,-0.35940582193053483,-0.34129879382903633,Correlation decreased
regime_labels.stress_raw,etf_assets,pearson,AGG,SHY,0.756268568969121,0.36604485734912384,-0.39022371161999714,Correlation decreased
