label_source,universe,asset_i,SPY,SHY,TLT,AGG,HYG,GLD,DBC,USO,VNQ,regime,EFA,EEM,EWG,EWU,EWJ
regime_labels.stress_raw,panel_a_cross_asset,SPY,1.0,-0.14601599145588445,-0.22411889789836625,-0.04608762450720631,0.6686207564569528,0.07332425135137317,0.3503320734595759,0.29655313461531213,0.6786237342160382,calm,,,,,
regime_labels.stress_raw,panel_a_cross_asset,SHY,-0.14601599145588445,1.0,0.5765335600996917,0.7562685689691211,0.06540680798408793,0.2900455976331237,-0.07018197425772313,-0.10333780709280953,-0.01414537611048671,calm,,,,,
regime_labels.stress_raw,panel_a_cross_asset,TLT,-0.22411889789836625,0.5765335600996917,1.0,0.8459289104491785,-0.02440929076752478,0.1964599344848904,-0.19344526517966165,-0.21723025279106792,-0.0181070281014985,calm,,,,,
regime_labels.stress_raw,panel_a_cross_asset,AGG,-0.04608762450720631,0.7562685689691211,0.8459289104491785,1.0,0.1911826358734331,0.26734771509962085,-0.08687192814999097,-0.12451626286780507,0.09556340227233945,calm,,,,,
regime_labels.stress_raw,panel_a_cross_asset,HYG,0.6686207564569528,0.06540680798408793,-0.02440929076752478,0.1911826358734331,1.0,0.10559858854703902,0.3279900295240125,0.2864850461117345,0.5440135155532928,calm,,,,,
regime_labels.stress_raw,panel_a_cross_asset,GLD,0.07332425135137317,0.2900455976331237,0.1964599344848904,0.26734771509962085,0.10559858854703902,1.0,0.3557517611380785,0.19474137920956508,0.07801251062344239,calm,,,,,
regime_labels.stress_raw,panel_a_cross_asset,DBC,0.3503320734595759,-0.07018197425772313,-0.19344526517966165,-0.08687192814999097,0.3279900295240125,0.3557517611380785,1.0,0.8768444149754132,0.19833339575346073,calm,,,,,
regime_labels.stress_raw,panel_a_cross_asset,USO,0.29655313461531213,-0.10333780709280953,-0.21723025279106792,-0.12451626286780507,0.2864850461117345,0.19474137920956508,0.8768444149754132,1.0,0.1473609747310344,calm,,,,,
regime_labels.stress_raw,panel_a_cross_asset,VNQ,0.6786237342160382,-0.01414537611048671,-0.0181070281014985,0.09556340227233945,0.5440135155532928,0.07801251062344239,0.19833339575346073,0.1473609747310344,1.0,calm,,,,,
regime_labels.stress_raw,panel_a_cross_asset,SPY,1.0,-0.3584394992133966,-0.44707484269894354,0.02489333321274848,0.6875284754608239,0.033603827631270226,0.5135889432569603,0.4444391746366947,0.8121772581354891,stress,,,,,
regime_labels.stress_raw,panel_a_cross_asset,SHY,-0.3584394992133966,1.0,0.540056769181224,0.3660448573491238,-0.1969094262873835,0.08216452848255917,-0.23189957197595706,-0.19911665853928137,-0.29719409288199183,stress,,,,,
regime_labels.stress_raw,panel_a_cross_asset,TLT,-0.44707484269894354,0.540056769181224,1.0,0.5244218121251509,-0.2695288566585916,0.11852160018785109,-0.29583675201931947,-0.2795520592339784,-0.35940582193053483,stress,,,,,
regime_labels.stress_raw,panel_a_cross_asset,AGG,0.02489333321274848,0.3660448573491238,0.5244218121251509,1.0,0.28197647715772495,0.16286410036030152,0.05355608594547725,0.018179053832721368,-0.06600363954793241,stress,,,,,
regime_labels.stress_raw,panel_a_cross_asset,HYG,0.6875284754608239,-0.1969094262873835,-0.2695288566585916,0.28197647715772495,1.0,-0.014081339870184275,0.42035134050352807,0.3253992661011555,0.5171294112794322,stress,,,,,
regime_labels.stress_raw,panel_a_cross_asset,GLD,0.033603827631270226,0.08216452848255917,0.11852160018785109,0.16286410036030152,-0.014081339870184275,1.0,0.34290630030067215,0.16404406439381033,0.035281748160600285,stress,,,,,
regime_labels.stress_raw,panel_a_cross_asset,DBC,0.5135889432569603,-0.23189957197595706,-0.29583675201931947,0.05355608594547725,0.42035134050352807,0.34290630030067215,1.0,0.8151564364431813,0.39382939941869677,stress,,,,,
regime_labels.stress_raw,panel_a_cross_asset,USO,0.4444391746366947,-0.19911665853928137,-0.2795520592339784,0.018179053832721368,0.3253992661011555,0.16404406439381033,0.8151564364431813,1.0,0.3424478351394577,stress,,,,,
regime_labels.stress_raw,panel_a_cross_asset,VNQ,0.8121772581354891,-0.29719409288199183,-0.35940582193053483,-0.06600363954793241,0.5171294112794322,0.035281748160600285,0.39382939941869677,0.3424478351394577,1.0,stress,,,,,
regime_labels.stress_raw,panel_a_cross_asset,SPY,0.0,-0.21242350775751212,-0.2229559448005773,0.07098095771995479,0.018907719003871004,-0.03972042372010295,0.16325686979738435,0.14788604002138256,0.13355352391945097,stress_minus_calm,,,,,
regime_labels.stress_raw,panel_a_cross_asset,SHY,-0.21242350775751212,0.0,-0.03647679091846767,-0.3902237116199973,-0.26231623427147144,-0.20788106915056453,-0.16171759771823394,-0.09577885144647184,-0.2830487167715051,stress_minus_calm,,,,,
regime_labels.stress_raw,panel_a_cross_asset,TLT,-0.2229559448005773,-0.03647679091846767,0.0,-0.3215070983240276,-0.24511956589106682,-0.07793833429703932,-0.10239148683965782,-0.06232180644291049,-0.34129879382903633,stress_minus_calm,,,,,
regime_labels.stress_raw,panel_a_cross_asset,AGG,0.07098095771995479,-0.3902237116199973,-0.3215070983240276,0.0,0.09079384128429185,-0.10448361473931933,0.1404280140954682,0.14269531670052643,-0.16156704182027187,stress_minus_calm,,,,,
regime_labels.stress_raw,panel_a_cross_asset,HYG,0.018907719003871004,-0.26231623427147144,-0.24511956589106682,0.09079384128429185,0.0,-0.11967992841722329,0.09236131097951555,0.03891421998942102,-0.026884104273860565,stress_minus_calm,,,,,
regime_labels.stress_raw,panel_a_cross_asset,GLD,-0.03972042372010295,-0.20788106915056453,-0.07793833429703932,-0.10448361473931933,-0.11967992841722329,0.0,-0.012845460837406342,-0.030697314815754745,-0.0427307624628421,stress_minus_calm,,,,,
regime_labels.stress_raw,panel_a_cross_asset,DBC,0.16325686979738435,-0.16171759771823394,-0.10239148683965782,0.1404280140954682,0.09236131097951555,-0.012845460837406342,0.0,-0.06168797853223196,0.19549600366523603,stress_minus_calm,,,,,
regime_labels.stress_raw,panel_a_cross_asset,USO,0.14788604002138256,-0.09577885144647184,-0.06232180644291049,0.14269531670052643,0.03891421998942102,-0.030697314815754745,-0.06168797853223196,0.0,0.1950868604084233,stress_minus_calm,,,,,
regime_labels.stress_raw,panel_a_cross_asset,VNQ,0.13355352391945097,-0.2830487167715051,-0.34129879382903633,-0.16156704182027187,-0.026884104273860565,-0.0427307624628421,0.19549600366523603,0.1950868604084233,0.0,stress_minus_calm,,,,,
regime_labels.stress_raw,panel_b_international_equity,SPY,1.0,,,,,,,,,calm,0.8251155684455493,0.7496928938033101,0.7566565720321393,0.7378161476782824,0.6501964380760035
regime_labels.stress_raw,panel_b_international_equity,EFA,0.8251155684455493,,,,,,,,,calm,1.0,0.8129180760732689,0.9121904824011419,0.8940033037149321,0.7876135885832031
regime_labels.stress_raw,panel_b_international_equity,EEM,0.7496928938033101,,,,,,,,,calm,0.8129180760732689,1.0,0.7333825671834273,0.7295703937791904,0.6404624551822893
regime_labels.stress_raw,panel_b_international_equity,EWG,0.7566565720321393,,,,,,,,,calm,0.9121904824011419,0.7333825671834273,1.0,0.8108784493935903,0.6344756241260114
regime_labels.stress_raw,panel_b_international_equity,EWU,0.7378161476782824,,,,,,,,,calm,0.8940033037149321,0.7295703937791904,0.8108784493935903,1.0,0.6077801825804839
regime_labels.stress_raw,panel_b_international_equity,EWJ,0.6501964380760035,,,,,,,,,calm,0.7876135885832031,0.6404624551822893,0.6344756241260114,0.6077801825804839,1.0
regime_labels.stress_raw,panel_b_international_equity,SPY,1.0,,,,,,,,,stress,0.9260424887862889,0.8684476207510426,0.8774538273754485,0.8938321300394646,0.8574233446163206
regime_labels.stress_raw,panel_b_international_equity,EFA,0.9260424887862889,,,,,,,,,stress,1.0,0.9151590162555149,0.9544454989440195,0.9628717672843772,0.9123060100916496
regime_labels.stress_raw,panel_b_international_equity,EEM,0.8684476207510426,,,,,,,,,stress,0.9151590162555149,1.0,0.8615059423987516,0.8826156337189104,0.8434108141771155
regime_labels.stress_raw,panel_b_international_equity,EWG,0.8774538273754485,,,,,,,,,stress,0.9544454989440195,0.8615059423987516,1.0,0.9187714277013473,0.8330793328651395
regime_labels.stress_raw,panel_b_international_equity,EWU,0.8938321300394646,,,,,,,,,stress,0.9628717672843772,0.8826156337189104,0.9187714277013473,1.0,0.8453224896368919
regime_labels.stress_raw,panel_b_international_equity,EWJ,0.8574233446163206,,,,,,,,,stress,0.9123060100916496,0.8434108141771155,0.8330793328651395,0.8453224896368919,1.0
regime_labels.stress_raw,panel_b_international_equity,SPY,0.0,,,,,,,,,stress_minus_calm,0.10092692034073958,0.11875472694773259,0.1207972553433092,0.1560159823611822,0.20722690654031717
regime_labels.stress_raw,panel_b_international_equity,EFA,0.10092692034073958,,,,,,,,,stress_minus_calm,0.0,0.10224094018224594,0.042255016542877666,0.0688684635694451,0.1246924215084465
regime_labels.stress_raw,panel_b_international_equity,EEM,0.11875472694773259,,,,,,,,,stress_minus_calm,0.10224094018224594,0.0,0.12812337521532424,0.15304523993971997,0.20294835899482622
regime_labels.stress_raw,panel_b_international_equity,EWG,0.1207972553433092,,,,,,,,,stress_minus_calm,0.042255016542877666,0.12812337521532424,0.0,0.10789297830775701,0.19860370873912803
regime_labels.stress_raw,panel_b_international_equity,EWU,0.1560159823611822,,,,,,,,,stress_minus_calm,0.0688684635694451,0.15304523993971997,0.10789297830775701,0.0,0.237542307056408
regime_labels.stress_raw,panel_b_international_equity,EWJ,0.20722690654031717,,,,,,,,,stress_minus_calm,0.1246924215084465,0.20294835899482622,0.19860370873912803,0.237542307056408,0.0
regime_labels.stress_raw,etf_assets,AGG,-0.04608762450720631,0.756268568969121,0.8459289104491784,1.0,0.1911826358734331,0.26734771509962085,-0.08687192814999097,-0.12451626286780507,0.09556340227233945,calm,-0.005612534367681855,-0.02250811136352566,-0.016130898628711175,-0.03695141670295015,0.02999372943080215
regime_labels.stress_raw,etf_assets,DBC,0.3503320734595759,-0.07018197425772314,-0.19344526517966168,-0.08687192814999097,0.3279900295240125,0.3557517611380785,1.0,0.8768444149754132,0.19833339575346073,calm,0.41681207066305176,0.43943778301709835,0.37151107169293307,0.43747414931868583,0.27774667402228204
regime_labels.stress_raw,etf_assets,EEM,0.7635651435910821,-0.09984718501980534,-0.1866324072136484,-0.02250811136352566,0.593179695386406,0.21366108355198377,0.43943778301709835,0.3494122248293657,0.5555522239428766,calm,0.8258313650543534,1.0,0.7487744348322434,0.7549188874332025,0.6341897256015742
regime_labels.stress_raw,etf_assets,EFA,0.8346166592729423,-0.07150009868061803,-0.19998971910222704,-0.005612534367681855,0.6303962759497407,0.19367629636570366,0.41681207066305176,0.3343987367270674,0.5985741568575152,calm,1.0,0.8258313650543534,0.924877151155701,0.9091264623903712,0.798556544584046
regime_labels.stress_raw,etf_assets,EWG,0.7658908999641709,-0.0759368373625733,-0.20120053794664217,-0.016130898628711175,0.5987972430533116,0.18082012105974077,0.37151107169293307,0.2908507452617348,0.5352117386843201,calm,0.924877151155701,0.7487744348322434,1.0,0.8273747430245033,0.6516236771412307
regime_labels.stress_raw,etf_assets,EWJ,0.6693930407864701,-0.025467234182184134,-0.11639542554351072,0.02999372943080215,0.4690109383230335,0.11713984521865425,0.27774667402228204,0.21724043472346452,0.45869319461234676,calm,0.798556544584046,0.6341897256015742,0.6516236771412307,0.6321704403684346,1.0
regime_labels.stress_raw,etf_assets,EWU,0.7523349109337228,-0.09358733152866046,-0.2242998409752832,-0.03695141670295015,0.5870117244668255,0.17349758836825052,0.43747414931868583,0.36986581159881476,0.5516473980787667,calm,0.9091264623903712,0.7549188874332025,0.8273747430245033,1.0,0.6321704403684346
regime_labels.stress_raw,etf_assets,GLD,0.07332425135137317,0.2900455976331237,0.1964599344848904,0.26734771509962085,0.10559858854703898,1.0,0.3557517611380785,0.19474137920956508,0.07801251062344239,calm,0.19367629636570366,0.21366108355198377,0.18082012105974077,0.17349758836825052,0.11713984521865425
regime_labels.stress_raw,etf_assets,HYG,0.6686207564569528,0.06540680798408793,-0.024409290767524714,0.1911826358734331,1.0,0.10559858854703898,0.3279900295240125,0.2864850461117345,0.5440135155532928,calm,0.6303962759497407,0.593179695386406,0.5987972430533116,0.5870117244668255,0.4690109383230335
regime_labels.stress_raw,etf_assets,SHY,-0.1460159914558844,1.0,0.5765335600996917,0.756268568969121,0.06540680798408793,0.2900455976331237,-0.07018197425772314,-0.10333780709280953,-0.01414537611048671,calm,-0.07150009868061803,-0.09984718501980534,-0.0759368373625733,-0.09358733152866046,-0.025467234182184134
regime_labels.stress_raw,etf_assets,SPY,1.0,-0.1460159914558844,-0.22411889789836625,-0.04608762450720631,0.6686207564569528,0.07332425135137317,0.3503320734595759,0.29655313461531213,0.6786237342160382,calm,0.8346166592729423,0.7635651435910821,0.7658908999641709,0.7523349109337228,0.6693930407864701
regime_labels.stress_raw,etf_assets,TLT,-0.22411889789836625,0.5765335600996917,1.0,0.8459289104491784,-0.024409290767524714,0.1964599344848904,-0.19344526517966168,-0.21723025279106792,-0.0181070281014985,calm,-0.19998971910222704,-0.1866324072136484,-0.20120053794664217,-0.2242998409752832,-0.11639542554351072
regime_labels.stress_raw,etf_assets,USO,0.29655313461531213,-0.10333780709280953,-0.21723025279106792,-0.12451626286780507,0.2864850461117345,0.19474137920956508,0.8768444149754132,1.0,0.1473609747310344,calm,0.3343987367270674,0.3494122248293657,0.2908507452617348,0.36986581159881476,0.21724043472346452
regime_labels.stress_raw,etf_assets,VNQ,0.6786237342160382,-0.01414537611048671,-0.0181070281014985,0.09556340227233945,0.5440135155532928,0.07801251062344239,0.19833339575346073,0.1473609747310344,1.0,calm,0.5985741568575152,0.5555522239428766,0.5352117386843201,0.5516473980787667,0.45869319461234676
regime_labels.stress_raw,etf_assets,AGG,0.02489333321274848,0.36604485734912384,0.5244218121251509,1.0,0.28197647715772495,0.16286410036030152,0.05355608594547725,0.018179053832721368,-0.06600363954793241,stress,0.05978122782188547,-0.02483984845544392,0.04130829424931561,0.044901340776253594,0.07573505138280417
regime_labels.stress_raw,etf_assets,DBC,0.5135889432569601,-0.23189957197595706,-0.29583675201931947,0.05355608594547725,0.42035134050352807,0.34290630030067215,1.0,0.8151564364431813,0.39382939941869677,stress,0.5400670180043416,0.5119978791153766,0.4977798167969117,0.5534821654219465,0.4714869383879558
regime_labels.stress_raw,etf_assets,EEM,0.871753132515421,-0.4082715445999337,-0.4170766385035328,-0.02483984845544392,0.6129227318013581,0.11709229078267173,0.5119978791153766,0.4349975405379324,0.7603975488908827,stress,0.9182476703172583,1.0,0.8638786083015304,0.886380193110128,0.846258799027203
regime_labels.stress_raw,etf_assets,EFA,0.9276858155790602,-0.3695029056713505,-0.44253202403781017,0.05978122782188547,0.6831696018776664,0.10305649481741078,0.5400670180043416,0.44522410832046433,0.7736074783156521,stress,1.0,0.9182476703172583,0.9548342836680849,0.9635022477945447,0.9155146764384064
regime_labels.stress_raw,etf_assets,EWG,0.8783303307355225,-0.32833264997063577,-0.4403218081628452,0.04130829424931561,0.6230981833745092,0.11360256155474341,0.4977798167969117,0.41098717574274485,0.7288981388993562,stress,0.9548342836680849,0.8638786083015304,1.0,0.9191707083622386,0.8372310598503843
regime_labels.stress_raw,etf_assets,EWJ,0.8650037050466303,-0.3243807240326261,-0.35693882553996265,0.07573505138280417,0.6204247773692559,0.08645445648660176,0.4714869383879558,0.3708812440914712,0.6966889663482952,stress,0.9155146764384064,0.846258799027203,0.8372310598503843,0.8508122293808082,1.0
regime_labels.stress_raw,etf_assets,EWU,0.8946797212045492,-0.34431276736512906,-0.43573274635374143,0.044901340776253594,0.6626005592101194,0.12135899624194764,0.5534821654219465,0.46967474804446363,0.7608212042296358,stress,0.9635022477945447,0.886380193110128,0.9191707083622386,1.0,0.8508122293808082
regime_labels.stress_raw,etf_assets,GLD,0.03360382763127022,0.0821645284825592,0.11852160018785113,0.16286410036030152,-0.014081339870184263,1.0,0.34290630030067215,0.16404406439381033,0.035281748160600285,stress,0.10305649481741078,0.11709229078267173,0.11360256155474341,0.12135899624194764,0.08645445648660176
regime_labels.stress_raw,etf_assets,HYG,0.6875284754608239,-0.1969094262873835,-0.2695288566585917,0.28197647715772495,1.0,-0.014081339870184263,0.42035134050352807,0.3253992661011555,0.5171294112794322,stress,0.6831696018776664,0.6129227318013581,0.6230981833745092,0.6626005592101194,0.6204247773692559
regime_labels.stress_raw,etf_assets,SHY,-0.35843949921339663,1.0,0.540056769181224,0.36604485734912384,-0.1969094262873835,0.0821645284825592,-0.23189957197595706,-0.19911665853928137,-0.29719409288199183,stress,-0.3695029056713505,-0.4082715445999337,-0.32833264997063577,-0.34431276736512906,-0.3243807240326261
regime_labels.stress_raw,etf_assets,SPY,1.0,-0.35843949921339663,-0.44707484269894354,0.02489333321274848,0.6875284754608239,0.03360382763127022,0.5135889432569601,0.4444391746366947,0.8121772581354891,stress,0.9276858155790602,0.871753132515421,0.8783303307355225,0.8946797212045492,0.8650037050466303
regime_labels.stress_raw,etf_assets,TLT,-0.44707484269894354,0.540056769181224,1.0,0.5244218121251509,-0.2695288566585917,0.11852160018785113,-0.29583675201931947,-0.2795520592339784,-0.35940582193053483,stress,-0.44253202403781017,-0.4170766385035328,-0.4403218081628452,-0.43573274635374143,-0.35693882553996265
regime_labels.stress_raw,etf_assets,USO,0.4444391746366947,-0.19911665853928137,-0.2795520592339784,0.018179053832721368,0.3253992661011555,0.16404406439381033,0.8151564364431813,1.0,0.3424478351394577,stress,0.44522410832046433,0.4349975405379324,0.41098717574274485,0.46967474804446363,0.3708812440914712
regime_labels.stress_raw,etf_assets,VNQ,0.8121772581354891,-0.29719409288199183,-0.35940582193053483,-0.06600363954793241,0.5171294112794322,0.035281748160600285,0.39382939941869677,0.3424478351394577,1.0,stress,0.7736074783156521,0.7603975488908827,0.7288981388993562,0.7608212042296358,0.6966889663482952
regime_labels.stress_raw,etf_assets,AGG,0.07098095771995479,-0.39022371161999714,-0.32150709832402746,0.0,0.09079384128429185,-0.10448361473931933,0.1404280140954682,0.14269531670052643,-0.16156704182027187,stress_minus_calm,0.06539376218956733,-0.0023317370919182616,0.05743919287802679,0.08185275747920374,0.04574132195200202
regime_labels.stress_raw,etf_assets,DBC,0.16325686979738424,-0.1617175977182339,-0.10239148683965779,0.1404280140954682,0.09236131097951555,-0.012845460837406342,0.0,-0.06168797853223196,0.19549600366523603,stress_minus_calm,0.12325494734128989,0.07256009609827829,0.12626874510397862,0.11600801610326067,0.19374026436567376
regime_labels.stress_raw,etf_assets,EEM,0.1081879889243389,-0.30842435958012837,-0.23044423128988442,-0.0023317370919182616,0.01974303641495212,-0.09656879276931203,0.07256009609827829,0.0855853157085667,0.2048453249480061,stress_minus_calm,0.0924163052629049,0.0,0.11510417346928703,0.1314613056769255,0.21206907342562886
regime_labels.stress_raw,etf_assets,EFA,0.0930691563061179,-0.2980028069907325,-0.24254230493558313,0.06539376218956733,0.05277332592792572,-0.09061980154829288,0.12325494734128989,0.11082537159339695,0.17503332145813688,stress_minus_calm,0.0,0.0924163052629049,0.029957132512383855,0.05437578540417354,0.11695813185436044
regime_labels.stress_raw,etf_assets,EWG,0.11243943077135155,-0.2523958126080625,-0.23912127021620305,0.05743919287802679,0.02430094032119756,-0.06721755950499736,0.12626874510397862,0.12013643048101003,0.19368640021503603,stress_minus_calm,0.029957132512383855,0.11510417346928703,0.0,0.09179596533773526,0.18560738270915356
regime_labels.stress_raw,etf_assets,EWJ,0.19561066426016016,-0.29891348985044197,-0.2405433999964519,0.04574132195200202,0.15141383904622246,-0.030685388732052496,0.19374026436567376,0.1536408093680067,0.2379957717359485,stress_minus_calm,0.11695813185436044,0.21206907342562886,0.18560738270915356,0.21864178901237363,0.0
regime_labels.stress_raw,etf_assets,EWU,0.14234481027082635,-0.2507254358364686,-0.21143290537845824,0.08185275747920374,0.07558883474329392,-0.05213859212630288,0.11600801610326067,0.09980893644564887,0.2091738061508691,stress_minus_calm,0.05437578540417354,0.1314613056769255,0.09179596533773526,0.0,0.21864178901237363
regime_labels.stress_raw,etf_assets,GLD,-0.039720423720102954,-0.2078810691505645,-0.07793833429703928,-0.10448361473931933,-0.11967992841722325,0.0,-0.012845460837406342,-0.030697314815754745,-0.0427307624628421,stress_minus_calm,-0.09061980154829288,-0.09656879276931203,-0.06721755950499736,-0.05213859212630288,-0.030685388732052496
regime_labels.stress_raw,etf_assets,HYG,0.018907719003871004,-0.26231623427147144,-0.245119565891067,0.09079384128429185,0.0,-0.11967992841722325,0.09236131097951555,0.03891421998942102,-0.026884104273860565,stress_minus_calm,0.05277332592792572,0.01974303641495212,0.02430094032119756,0.07558883474329392,0.15141383904622246
regime_labels.stress_raw,etf_assets,SHY,-0.21242350775751223,0.0,-0.03647679091846767,-0.39022371161999714,-0.26231623427147144,-0.2078810691505645,-0.1617175977182339,-0.09577885144647184,-0.2830487167715051,stress_minus_calm,-0.2980028069907325,-0.30842435958012837,-0.2523958126080625,-0.2507254358364686,-0.29891348985044197
regime_labels.stress_raw,etf_assets,SPY,0.0,-0.21242350775751223,-0.2229559448005773,0.07098095771995479,0.018907719003871004,-0.039720423720102954,0.16325686979738424,0.14788604002138256,0.13355352391945097,stress_minus_calm,0.0930691563061179,0.1081879889243389,0.11243943077135155,0.14234481027082635,0.19561066426016016
regime_labels.stress_raw,etf_assets,TLT,-0.2229559448005773,-0.03647679091846767,0.0,-0.32150709832402746,-0.245119565891067,-0.07793833429703928,-0.10239148683965779,-0.06232180644291049,-0.34129879382903633,stress_minus_calm,-0.24254230493558313,-0.23044423128988442,-0.23912127021620305,-0.21143290537845824,-0.2405433999964519
regime_labels.stress_raw,etf_assets,USO,0.14788604002138256,-0.09577885144647184,-0.06232180644291049,0.14269531670052643,0.03891421998942102,-0.030697314815754745,-0.06168797853223196,0.0,0.1950868604084233,stress_minus_calm,0.11082537159339695,0.0855853157085667,0.12013643048101003,0.09980893644564887,0.1536408093680067
regime_labels.stress_raw,etf_assets,VNQ,0.13355352391945097,-0.2830487167715051,-0.34129879382903633,-0.16156704182027187,-0.026884104273860565,-0.0427307624628421,0.19549600366523603,0.1950868604084233,0.0,stress_minus_calm,0.17503332145813688,0.2048453249480061,0.19368640021503603,0.2091738061508691,0.2379957717359485
