panel,ticker,start,end,n_obs,years
Panel A: Cross-asset,SPY,2000-01-03,2025-12-30,6538,25.99041752224504
Panel A: Cross-asset,SHY,2002-07-30,2025-12-30,5894,23.419575633127995
Panel A: Cross-asset,TLT,2002-07-30,2025-12-30,5894,23.419575633127995
Panel A: Cross-asset,AGG,2003-09-29,2025-12-30,5600,22.253251197809718
Panel A: Cross-asset,VNQ,2004-09-29,2025-12-30,5348,21.251197809719372
Panel A: Cross-asset,GLD,2004-11-18,2025-12-30,5312,21.114305270362767
Panel A: Cross-asset,DBC,2006-02-06,2025-12-30,5007,19.89596167008898
Panel A: Cross-asset,USO,2006-04-10,2025-12-30,4963,19.72347707049966
Panel A: Cross-asset,HYG,2007-04-11,2025-12-30,4712,18.72142368240931
Panel B: International equity,EWG,2000-01-03,2025-12-30,6538,25.99041752224504
Panel B: International equity,EWJ,2000-01-03,2025-12-30,6538,25.99041752224504
Panel B: International equity,EWU,2000-01-03,2025-12-30,6538,25.99041752224504
Panel B: International equity,SPY,2000-01-03,2025-12-30,6538,25.99041752224504
Panel B: International equity,EFA,2001-08-27,2025-12-30,6122,24.34223134839151
Panel B: International equity,EEM,2003-04-14,2025-12-30,5716,22.713210130047912
