panel,ticker,n,skew,kurt_excess,z_skew,z_kurt,skew_sig_5pct,kurt_sig_5pct,jb_stat,jb_pvalue,reject_normality_5pct
Panel A: Cross-asset,AGG,5599,-2.0511,54.5714,-62.65654496910119,833.5174730941467,True,True,697407.5529193648,0.0,True
Panel A: Cross-asset,DBC,5006,-0.4875,3.3461,-14.081354027578456,48.32576278121053,True,True,2527.200280252528,0.0,True
Panel A: Cross-asset,GLD,5311,-0.3363,5.8703,-10.005513743181805,87.32585091674125,True,True,7708.48238001017,0.0,True
Panel A: Cross-asset,HYG,4711,0.3117,38.9339,8.734091335966207,545.4800106919711,True,True,296973.4035727879,0.0,True
Panel A: Cross-asset,SHY,5893,0.2846,7.1044,8.919232626558559,111.32430827850074,True,True,12448.156516872705,0.0,True
Panel A: Cross-asset,SPY,6537,-0.2093,11.5358,-6.908485424099844,190.3843911976373,True,True,36232.90286403835,0.0,True
Panel A: Cross-asset,TLT,5893,-0.0192,3.4008,-0.6017191371395794,53.289751082924,False,True,2833.7058056873216,0.0,True
Panel A: Cross-asset,USO,4962,-1.1023,13.9327,-31.699510955691416,200.33556032493956,True,True,41050.77991927209,0.0,True
Panel A: Cross-asset,VNQ,5347,-0.5365,18.7304,-16.01582051571716,279.573834657585,True,True,78262.67985198875,0.0,True
Panel B: International equity,EEM,5715,0.0207,16.1523,0.638855793587254,249.25097668500973,False,True,62010.05682127475,0.0,True
Panel B: International equity,EFA,6121,-0.3205,12.6584,-10.23678538612912,202.15495184364562,True,True,40898.2981097624,0.0,True
Panel B: International equity,EWG,6537,-0.2198,9.0099,-7.255064960425923,148.69747449258765,True,True,22125.30967636706,0.0,True
Panel B: International equity,EWJ,6537,-0.0561,7.3201,-1.8517249512279084,120.80937446954913,False,True,14572.561518566616,0.0,True
Panel B: International equity,EWU,6537,-0.5055,12.6966,-16.685329105984092,209.54198766274743,True,True,44112.428648375826,0.0,True
Panel B: International equity,SPY,6537,-0.2093,11.5358,-6.908485424099844,190.3843911976373,True,True,36232.90286403835,0.0,True
